#2026 09 14 10:35:36.775#Z#DEBUG#b19c2800-b027-11f1-a9e7-eeee0a832ec0.capm-service-db-deployer#flowable-async-job-executor-thread-2119#
[PollStageAppStatusExecution] 070d8486-d915-4207-813d-4e7e9b8a0d10 [2026-09-14T10:34:57.192915] Updated app with guid 070d8486-d915-4207-813d-4e7e9b8a0d10 ({"lifecycle"=>{"data"=>{"buildpacks"=>["nodejs_buildpack"]}, "type"=>"buildpack"}}) (STDOUT, API)#
#2026 09 14 10:35:36.775#Z#DEBUG#b19c2800-b027-11f1-a9e7-eeee0a832ec0.capm-service-db-deployer#flowable-async-job-executor-thread-2119#
[PollStageAppStatusExecution] 070d8486-d915-4207-813d-4e7e9b8a0d10 [2026-09-14T10:34:57.319336] Updating process: "web" (STDOUT, API)#
#2026 09 14 10:35:36.775#Z#DEBUG#b19c2800-b027-11f1-a9e7-eeee0a832ec0.capm-service-db-deployer#flowable-async-job-executor-thread-2119#
[PollStageAppStatusExecution] 070d8486-d915-4207-813d-4e7e9b8a0d10 [2026-09-14T10:35:16.913365] Uploading app package for app with guid 070d8486-d915-4207-813d-4e7e9b8a0d10 (STDOUT, API)#
#2026 09 14 10:35:36.775#Z#DEBUG#b19c2800-b027-11f1-a9e7-eeee0a832ec0.capm-service-db-deployer#flowable-async-job-executor-thread-2119#
[PollStageAppStatusExecution] 070d8486-d915-4207-813d-4e7e9b8a0d10 [2026-09-14T10:35:17.076011] Updated app with guid 070d8486-d915-4207-813d-4e7e9b8a0d10 ({"environment_variables"=>"[PRIVATE DATA HIDDEN]"}) (STDOUT, API)#
#2026 09 14 10:35:36.775#Z#DEBUG#b19c2800-b027-11f1-a9e7-eeee0a832ec0.capm-service-db-deployer#flowable-async-job-executor-thread-2119#
[PollStageAppStatusExecution] 070d8486-d915-4207-813d-4e7e9b8a0d10 [2026-09-14T10:35:26.975420] Creating build for app with guid 070d8486-d915-4207-813d-4e7e9b8a0d10 (STDOUT, API)#
#2026 09 14 10:35:36.775#Z#DEBUG#b19c2800-b027-11f1-a9e7-eeee0a832ec0.capm-service-db-deployer#flowable-async-job-executor-thread-2119#
[PollStageAppStatusExecution] 070d8486-d915-4207-813d-4e7e9b8a0d10 [2026-09-14T10:35:27.357913] Downloading nodejs_buildpack... (STDOUT, STG)#
#2026 09 14 10:35:36.775#Z#DEBUG#b19c2800-b027-11f1-a9e7-eeee0a832ec0.capm-service-db-deployer#flowable-async-job-executor-thread-2119#
[PollStageAppStatusExecution] 070d8486-d915-4207-813d-4e7e9b8a0d10 [2026-09-14T10:35:27.402005] Downloaded nodejs_buildpack (STDOUT, STG)#
#2026 09 14 10:35:36.775#Z#DEBUG#b19c2800-b027-11f1-a9e7-eeee0a832ec0.capm-service-db-deployer#flowable-async-job-executor-thread-2119#
[PollStageAppStatusExecution] 070d8486-d915-4207-813d-4e7e9b8a0d10 [2026-09-14T10:35:27.402159] Cell 77283d80-dfa7-40ba-ba4e-265aef112085 creating container for instance 059ad9bd-5577-4cab-bb16-5acade582844 (STDOUT, STG)#
#2026 09 14 10:35:36.775#Z#DEBUG#b19c2800-b027-11f1-a9e7-eeee0a832ec0.capm-service-db-deployer#flowable-async-job-executor-thread-2119#
[PollStageAppStatusExecution] 070d8486-d915-4207-813d-4e7e9b8a0d10 [2026-09-14T10:35:28.320642] Security group rules were updated (STDOUT, STG)#
#2026 09 14 10:35:36.775#Z#DEBUG#b19c2800-b027-11f1-a9e7-eeee0a832ec0.capm-service-db-deployer#flowable-async-job-executor-thread-2119#
[PollStageAppStatusExecution] 070d8486-d915-4207-813d-4e7e9b8a0d10 [2026-09-14T10:35:28.441307] Cell 77283d80-dfa7-40ba-ba4e-265aef112085 successfully created container for instance 059ad9bd-5577-4cab-bb16-5acade582844 (STDOUT, STG)#
#2026 09 14 10:35:36.775#Z#DEBUG#b19c2800-b027-11f1-a9e7-eeee0a832ec0.capm-service-db-deployer#flowable-async-job-executor-thread-2119#
[PollStageAppStatusExecution] 070d8486-d915-4207-813d-4e7e9b8a0d10 [2026-09-14T10:35:28.820760] Downloading app package... (STDOUT, STG)#
#2026 09 14 10:35:36.775#Z#DEBUG#b19c2800-b027-11f1-a9e7-eeee0a832ec0.capm-service-db-deployer#flowable-async-job-executor-thread-2119#
[PollStageAppStatusExecution] 070d8486-d915-4207-813d-4e7e9b8a0d10 [2026-09-14T10:35:28.820883] Downloading build artifacts cache... (STDOUT, STG)#
#2026 09 14 10:35:36.775#Z#DEBUG#b19c2800-b027-11f1-a9e7-eeee0a832ec0.capm-service-db-deployer#flowable-async-job-executor-thread-2119#
[PollStageAppStatusExecution] 070d8486-d915-4207-813d-4e7e9b8a0d10 [2026-09-14T10:35:28.885984] Downloaded build artifacts cache (225B) (STDOUT, STG)#
#2026 09 14 10:35:36.775#Z#DEBUG#b19c2800-b027-11f1-a9e7-eeee0a832ec0.capm-service-db-deployer#flowable-async-job-executor-thread-2119#
[PollStageAppStatusExecution] 070d8486-d915-4207-813d-4e7e9b8a0d10 [2026-09-14T10:35:29.176292] Downloaded app package (2.3M) (STDOUT, STG)#
#2026 09 14 10:35:36.775#Z#DEBUG#b19c2800-b027-11f1-a9e7-eeee0a832ec0.capm-service-db-deployer#flowable-async-job-executor-thread-2119#
[PollStageAppStatusExecution] 070d8486-d915-4207-813d-4e7e9b8a0d10 [2026-09-14T10:35:29.306775] -----> Nodejs Buildpack version 1.9.3 (STDOUT, STG)#
#2026 09 14 10:35:36.775#Z#DEBUG#b19c2800-b027-11f1-a9e7-eeee0a832ec0.capm-service-db-deployer#flowable-async-job-executor-thread-2119#
[PollStageAppStatusExecution] 070d8486-d915-4207-813d-4e7e9b8a0d10 [2026-09-14T10:35:29.624827] -----> Bootstrapping python (STDOUT, STG)#
#2026 09 14 10:35:36.775#Z#DEBUG#b19c2800-b027-11f1-a9e7-eeee0a832ec0.capm-service-db-deployer#flowable-async-job-executor-thread-2119#
[PollStageAppStatusExecution] 070d8486-d915-4207-813d-4e7e9b8a0d10 [2026-09-14T10:35:29.624870] -----> Installing python 3.13.14 (STDOUT, STG)#
#2026 09 14 10:35:36.775#Z#DEBUG#b19c2800-b027-11f1-a9e7-eeee0a832ec0.capm-service-db-deployer#flowable-async-job-executor-thread-2119#
[PollStageAppStatusExecution] 070d8486-d915-4207-813d-4e7e9b8a0d10 [2026-09-14T10:35:29.625833] Copy [/tmp/buildpacks/336fb825d4d72bff/dependencies/4b4266a2ff36730aef37b88b668ca327/python_3.13.14_linux_x64_cflinuxfs4_b80d4954.tgz] (STDOUT, STG)#
#2026 09 14 10:35:36.775#Z#DEBUG#b19c2800-b027-11f1-a9e7-eeee0a832ec0.capm-service-db-deployer#flowable-async-job-executor-thread-2119#
[PollStageAppStatusExecution] 070d8486-d915-4207-813d-4e7e9b8a0d10 [2026-09-14T10:35:34.546381] -----> Installing binaries (STDOUT, STG)#
#2026 09 14 10:35:36.775#Z#DEBUG#b19c2800-b027-11f1-a9e7-eeee0a832ec0.capm-service-db-deployer#flowable-async-job-executor-thread-2119#
[PollStageAppStatusExecution] 070d8486-d915-4207-813d-4e7e9b8a0d10 [2026-09-14T10:35:34.546436] engines.node (package.json): >=18 (STDOUT, STG)#
#2026 09 14 10:35:36.775#Z#DEBUG#b19c2800-b027-11f1-a9e7-eeee0a832ec0.capm-service-db-deployer#flowable-async-job-executor-thread-2119#
[PollStageAppStatusExecution] 070d8486-d915-4207-813d-4e7e9b8a0d10 [2026-09-14T10:35:34.546442] engines.npm (package.json): unspecified (use default) (STDOUT, STG)#
#2026 09 14 10:35:36.775#Z#DEBUG#b19c2800-b027-11f1-a9e7-eeee0a832ec0.capm-service-db-deployer#flowable-async-job-executor-thread-2119#
[PollStageAppStatusExecution] 070d8486-d915-4207-813d-4e7e9b8a0d10 [2026-09-14T10:35:34.546491] [31;1m**WARNING**[0m Dangerous semver range (>) in engines.node. See: http://docs.cloudfoundry.org/buildpacks/node/node-tips.html (STDOUT, STG)#
#2026 09 14 10:35:36.775#Z#DEBUG#b19c2800-b027-11f1-a9e7-eeee0a832ec0.capm-service-db-deployer#flowable-async-job-executor-thread-2119#
[PollStageAppStatusExecution] 070d8486-d915-4207-813d-4e7e9b8a0d10 [2026-09-14T10:35:34.546691] -----> Installing node 24.18.0 (STDOUT, STG)#
#2026 09 14 10:35:36.775#Z#DEBUG#b19c2800-b027-11f1-a9e7-eeee0a832ec0.capm-service-db-deployer#flowable-async-job-executor-thread-2119#
[PollStageAppStatusExecution] 070d8486-d915-4207-813d-4e7e9b8a0d10 [2026-09-14T10:35:34.546918] Copy [/tmp/buildpacks/336fb825d4d72bff/dependencies/dffbbb835fcd073c4544f78eb6247fac/node_24.18.0_linux_x64_cflinuxfs4_cdfed650.tgz] (STDOUT, STG)#
#2026 09 14 10:35:46.851#Z#DEBUG#b19c2800-b027-11f1-a9e7-eeee0a832ec0.capm-service-db-deployer#flowable-async-job-executor-thread-2125#
[PollStageAppStatusExecution] 070d8486-d915-4207-813d-4e7e9b8a0d10 [2026-09-14T10:35:37.542303] Using default npm version: 11.16.0 (STDOUT, STG)#
#2026 09 14 10:35:46.851#Z#DEBUG#b19c2800-b027-11f1-a9e7-eeee0a832ec0.capm-service-db-deployer#flowable-async-job-executor-thread-2125#
[PollStageAppStatusExecution] 070d8486-d915-4207-813d-4e7e9b8a0d10 [2026-09-14T10:35:37.542337] -----> Installing yarn 1.22.22 (STDOUT, STG)#
#2026 09 14 10:35:46.851#Z#DEBUG#b19c2800-b027-11f1-a9e7-eeee0a832ec0.capm-service-db-deployer#flowable-async-job-executor-thread-2125#
[PollStageAppStatusExecution] 070d8486-d915-4207-813d-4e7e9b8a0d10 [2026-09-14T10:35:37.542587] Copy [/tmp/buildpacks/336fb825d4d72bff/dependencies/e4fe26756e9984a665478d350474fa2e/yarn_1.22.22_linux_noarch_any-stack_b6132b86.tgz] (STDOUT, STG)#
#2026 09 14 10:35:46.851#Z#DEBUG#b19c2800-b027-11f1-a9e7-eeee0a832ec0.capm-service-db-deployer#flowable-async-job-executor-thread-2125#
[PollStageAppStatusExecution] 070d8486-d915-4207-813d-4e7e9b8a0d10 [2026-09-14T10:35:38.002918] Installed yarn 1.22.22 (STDOUT, STG)#
#2026 09 14 10:35:46.851#Z#DEBUG#b19c2800-b027-11f1-a9e7-eeee0a832ec0.capm-service-db-deployer#flowable-async-job-executor-thread-2125#
[PollStageAppStatusExecution] 070d8486-d915-4207-813d-4e7e9b8a0d10 [2026-09-14T10:35:38.002949] -----> Creating runtime environment (STDOUT, STG)#
#2026 09 14 10:35:46.851#Z#DEBUG#b19c2800-b027-11f1-a9e7-eeee0a832ec0.capm-service-db-deployer#flowable-async-job-executor-thread-2125#
[PollStageAppStatusExecution] 070d8486-d915-4207-813d-4e7e9b8a0d10 [2026-09-14T10:35:38.005188] NODE_ENV=production (STDOUT, STG)#
#2026 09 14 10:35:46.851#Z#DEBUG#b19c2800-b027-11f1-a9e7-eeee0a832ec0.capm-service-db-deployer#flowable-async-job-executor-thread-2125#
[PollStageAppStatusExecution] 070d8486-d915-4207-813d-4e7e9b8a0d10 [2026-09-14T10:35:38.005236] NODE_HOME=/tmp/contents113338191/deps/0/node (STDOUT, STG)#
#2026 09 14 10:35:46.851#Z#DEBUG#b19c2800-b027-11f1-a9e7-eeee0a832ec0.capm-service-db-deployer#flowable-async-job-executor-thread-2125#
[PollStageAppStatusExecution] 070d8486-d915-4207-813d-4e7e9b8a0d10 [2026-09-14T10:35:38.005239] NODE_MODULES_CACHE=true (STDOUT, STG)#
#2026 09 14 10:35:46.851#Z#DEBUG#b19c2800-b027-11f1-a9e7-eeee0a832ec0.capm-service-db-deployer#flowable-async-job-executor-thread-2125#
[PollStageAppStatusExecution] 070d8486-d915-4207-813d-4e7e9b8a0d10 [2026-09-14T10:35:38.005261] NODE_VERBOSE=false (STDOUT, STG)#
#2026 09 14 10:35:46.851#Z#DEBUG#b19c2800-b027-11f1-a9e7-eeee0a832ec0.capm-service-db-deployer#flowable-async-job-executor-thread-2125#
[PollStageAppStatusExecution] 070d8486-d915-4207-813d-4e7e9b8a0d10 [2026-09-14T10:35:38.005264] NPM_CONFIG_LOGLEVEL=error (STDOUT, STG)#
#2026 09 14 10:35:46.851#Z#DEBUG#b19c2800-b027-11f1-a9e7-eeee0a832ec0.capm-service-db-deployer#flowable-async-job-executor-thread-2125#
[PollStageAppStatusExecution] 070d8486-d915-4207-813d-4e7e9b8a0d10 [2026-09-14T10:35:38.005422] NPM_CONFIG_PRODUCTION=true (STDOUT, STG)#
#2026 09 14 10:35:46.851#Z#DEBUG#b19c2800-b027-11f1-a9e7-eeee0a832ec0.capm-service-db-deployer#flowable-async-job-executor-thread-2125#
[PollStageAppStatusExecution] 070d8486-d915-4207-813d-4e7e9b8a0d10 [2026-09-14T10:35:38.005474] -----> Building dependencies (STDOUT, STG)#
#2026 09 14 10:35:46.851#Z#DEBUG#b19c2800-b027-11f1-a9e7-eeee0a832ec0.capm-service-db-deployer#flowable-async-job-executor-thread-2125#
[PollStageAppStatusExecution] 070d8486-d915-4207-813d-4e7e9b8a0d10 [2026-09-14T10:35:38.005479] Prebuild detected (node_modules already exists) (STDOUT, STG)#
#2026 09 14 10:35:46.851#Z#DEBUG#b19c2800-b027-11f1-a9e7-eeee0a832ec0.capm-service-db-deployer#flowable-async-job-executor-thread-2125#
[PollStageAppStatusExecution] 070d8486-d915-4207-813d-4e7e9b8a0d10 [2026-09-14T10:35:38.005510] Rebuilding any native modules (STDOUT, STG)#
#2026 09 14 10:35:46.851#Z#DEBUG#b19c2800-b027-11f1-a9e7-eeee0a832ec0.capm-service-db-deployer#flowable-async-job-executor-thread-2125#
[PollStageAppStatusExecution] 070d8486-d915-4207-813d-4e7e9b8a0d10 [2026-09-14T10:35:38.777950] rebuilt dependencies successfully (STDOUT, STG)#
#2026 09 14 10:35:46.851#Z#DEBUG#b19c2800-b027-11f1-a9e7-eeee0a832ec0.capm-service-db-deployer#flowable-async-job-executor-thread-2125#
[PollStageAppStatusExecution] 070d8486-d915-4207-813d-4e7e9b8a0d10 [2026-09-14T10:35:38.852889] Installing any new modules (package.json + package-lock.json) (STDOUT, STG)#
#2026 09 14 10:35:46.851#Z#DEBUG#b19c2800-b027-11f1-a9e7-eeee0a832ec0.capm-service-db-deployer#flowable-async-job-executor-thread-2125#
[PollStageAppStatusExecution] 070d8486-d915-4207-813d-4e7e9b8a0d10 [2026-09-14T10:35:39.441953] up to date in 480ms (STDOUT, STG)#
#2026 09 14 10:35:46.851#Z#DEBUG#b19c2800-b027-11f1-a9e7-eeee0a832ec0.capm-service-db-deployer#flowable-async-job-executor-thread-2125#
[PollStageAppStatusExecution] 070d8486-d915-4207-813d-4e7e9b8a0d10 [2026-09-14T10:35:39.442230] 4 packages are looking for funding (STDOUT, STG)#
#2026 09 14 10:35:46.851#Z#DEBUG#b19c2800-b027-11f1-a9e7-eeee0a832ec0.capm-service-db-deployer#flowable-async-job-executor-thread-2125#
[PollStageAppStatusExecution] 070d8486-d915-4207-813d-4e7e9b8a0d10 [2026-09-14T10:35:39.442266] run `npm fund` for details (STDOUT, STG)#
#2026 09 14 10:35:46.851#Z#DEBUG#b19c2800-b027-11f1-a9e7-eeee0a832ec0.capm-service-db-deployer#flowable-async-job-executor-thread-2125#
[PollStageAppStatusExecution] 070d8486-d915-4207-813d-4e7e9b8a0d10 [2026-09-14T10:35:40.303137] Contrast Security no credentials found. Will not write environment files. (STDOUT, STG)#
#2026 09 14 10:35:56.914#Z#DEBUG#b19c2800-b027-11f1-a9e7-eeee0a832ec0.capm-service-db-deployer#flowable-async-job-executor-thread-1374#
[PollStageAppStatusExecution] 070d8486-d915-4207-813d-4e7e9b8a0d10 [2026-09-14T10:35:52.692139] Exit status 0 (STDOUT, STG)#
#2026 09 14 10:35:56.914#Z#DEBUG#b19c2800-b027-11f1-a9e7-eeee0a832ec0.capm-service-db-deployer#flowable-async-job-executor-thread-1374#
[PollStageAppStatusExecution] 070d8486-d915-4207-813d-4e7e9b8a0d10 [2026-09-14T10:35:52.692212] Uploading droplet, build artifacts cache... (STDOUT, STG)#
#2026 09 14 10:35:56.914#Z#DEBUG#b19c2800-b027-11f1-a9e7-eeee0a832ec0.capm-service-db-deployer#flowable-async-job-executor-thread-1374#
[PollStageAppStatusExecution] 070d8486-d915-4207-813d-4e7e9b8a0d10 [2026-09-14T10:35:52.692259] Uploading droplet... (STDOUT, STG)#
#2026 09 14 10:35:56.914#Z#DEBUG#b19c2800-b027-11f1-a9e7-eeee0a832ec0.capm-service-db-deployer#flowable-async-job-executor-thread-1374#
[PollStageAppStatusExecution] 070d8486-d915-4207-813d-4e7e9b8a0d10 [2026-09-14T10:35:52.692284] Uploading build artifacts cache... (STDOUT, STG)#
#2026 09 14 10:35:56.914#Z#DEBUG#b19c2800-b027-11f1-a9e7-eeee0a832ec0.capm-service-db-deployer#flowable-async-job-executor-thread-1374#
[PollStageAppStatusExecution] 070d8486-d915-4207-813d-4e7e9b8a0d10 [2026-09-14T10:35:52.721782] Uploaded build artifacts cache (228B) (STDOUT, STG)#
#2026 09 14 10:35:56.914#Z#DEBUG#b19c2800-b027-11f1-a9e7-eeee0a832ec0.capm-service-db-deployer#flowable-async-job-executor-thread-1374#
[PollStageAppStatusExecution] 070d8486-d915-4207-813d-4e7e9b8a0d10 [2026-09-14T10:35:53.405579] Creating droplet for app with guid 070d8486-d915-4207-813d-4e7e9b8a0d10 (STDOUT, API)#
#2026 09 14 10:35:56.914#Z#DEBUG#b19c2800-b027-11f1-a9e7-eeee0a832ec0.capm-service-db-deployer#flowable-async-job-executor-thread-1374#
[PollStageAppStatusExecution] 070d8486-d915-4207-813d-4e7e9b8a0d10 [2026-09-14T10:35:56.472780] Uploaded droplet (59.2M) (STDOUT, STG)#
#2026 09 14 10:35:56.914#Z#DEBUG#b19c2800-b027-11f1-a9e7-eeee0a832ec0.capm-service-db-deployer#flowable-async-job-executor-thread-1374#
[PollStageAppStatusExecution] 070d8486-d915-4207-813d-4e7e9b8a0d10 [2026-09-14T10:35:56.499034] Uploading complete (STDOUT, STG)#
#2026 09 14 10:36:06.988#Z#DEBUG#b19c2800-b027-11f1-a9e7-eeee0a832ec0.capm-service-db-deployer#flowable-async-job-executor-thread-2142#
[PollStageAppStatusExecution] 070d8486-d915-4207-813d-4e7e9b8a0d10 [2026-09-14T10:35:57.318945] Cell 77283d80-dfa7-40ba-ba4e-265aef112085 stopping instance 059ad9bd-5577-4cab-bb16-5acade582844 (STDOUT, STG)#
#2026 09 14 10:36:06.988#Z#DEBUG#b19c2800-b027-11f1-a9e7-eeee0a832ec0.capm-service-db-deployer#flowable-async-job-executor-thread-2142#
[PollStageAppStatusExecution] 070d8486-d915-4207-813d-4e7e9b8a0d10 [2026-09-14T10:35:57.318991] Cell 77283d80-dfa7-40ba-ba4e-265aef112085 destroying container for instance 059ad9bd-5577-4cab-bb16-5acade582844 (STDOUT, STG)#
#2026 09 14 10:36:06.988#Z#DEBUG#b19c2800-b027-11f1-a9e7-eeee0a832ec0.capm-service-db-deployer#flowable-async-job-executor-thread-2142#
[PollStageAppStatusExecution] 070d8486-d915-4207-813d-4e7e9b8a0d10 [2026-09-14T10:35:57.367603] Staging complete for build 059ad9bd-5577-4cab-bb16-5acade582844 (STDOUT, API)#
#2026 09 14 10:36:06.988#Z#DEBUG#b19c2800-b027-11f1-a9e7-eeee0a832ec0.capm-service-db-deployer#flowable-async-job-executor-thread-2142#
[PollStageAppStatusExecution] 070d8486-d915-4207-813d-4e7e9b8a0d10 [2026-09-14T10:36:00.375841] Cell 77283d80-dfa7-40ba-ba4e-265aef112085 successfully destroyed container for instance 059ad9bd-5577-4cab-bb16-5acade582844 (STDOUT, STG)#
#2026 09 14 10:36:17.018#Z#DEBUG#b19c2800-b027-11f1-a9e7-eeee0a832ec0.capm-service-db-deployer#flowable-async-job-executor-thread-2147#
[PollExecuteTaskStatusExecution] 070d8486-d915-4207-813d-4e7e9b8a0d10 [2026-09-14T10:34:57.192915] Updated app with guid 070d8486-d915-4207-813d-4e7e9b8a0d10 ({"lifecycle"=>{"data"=>{"buildpacks"=>["nodejs_buildpack"]}, "type"=>"buildpack"}}) (STDOUT, API)#
#2026 09 14 10:36:17.018#Z#DEBUG#b19c2800-b027-11f1-a9e7-eeee0a832ec0.capm-service-db-deployer#flowable-async-job-executor-thread-2147#
[PollExecuteTaskStatusExecution] 070d8486-d915-4207-813d-4e7e9b8a0d10 [2026-09-14T10:34:57.319336] Updating process: "web" (STDOUT, API)#
#2026 09 14 10:36:17.018#Z#DEBUG#b19c2800-b027-11f1-a9e7-eeee0a832ec0.capm-service-db-deployer#flowable-async-job-executor-thread-2147#
[PollExecuteTaskStatusExecution] 070d8486-d915-4207-813d-4e7e9b8a0d10 [2026-09-14T10:35:16.913365] Uploading app package for app with guid 070d8486-d915-4207-813d-4e7e9b8a0d10 (STDOUT, API)#
#2026 09 14 10:36:17.018#Z#DEBUG#b19c2800-b027-11f1-a9e7-eeee0a832ec0.capm-service-db-deployer#flowable-async-job-executor-thread-2147#
[PollExecuteTaskStatusExecution] 070d8486-d915-4207-813d-4e7e9b8a0d10 [2026-09-14T10:35:17.076011] Updated app with guid 070d8486-d915-4207-813d-4e7e9b8a0d10 ({"environment_variables"=>"[PRIVATE DATA HIDDEN]"}) (STDOUT, API)#
#2026 09 14 10:36:17.018#Z#DEBUG#b19c2800-b027-11f1-a9e7-eeee0a832ec0.capm-service-db-deployer#flowable-async-job-executor-thread-2147#
[PollExecuteTaskStatusExecution] 070d8486-d915-4207-813d-4e7e9b8a0d10 [2026-09-14T10:35:26.975420] Creating build for app with guid 070d8486-d915-4207-813d-4e7e9b8a0d10 (STDOUT, API)#
#2026 09 14 10:36:17.018#Z#DEBUG#b19c2800-b027-11f1-a9e7-eeee0a832ec0.capm-service-db-deployer#flowable-async-job-executor-thread-2147#
[PollExecuteTaskStatusExecution] 070d8486-d915-4207-813d-4e7e9b8a0d10 [2026-09-14T10:35:27.357913] Downloading nodejs_buildpack... (STDOUT, STG)#
#2026 09 14 10:36:17.018#Z#DEBUG#b19c2800-b027-11f1-a9e7-eeee0a832ec0.capm-service-db-deployer#flowable-async-job-executor-thread-2147#
[PollExecuteTaskStatusExecution] 070d8486-d915-4207-813d-4e7e9b8a0d10 [2026-09-14T10:35:27.402005] Downloaded nodejs_buildpack (STDOUT, STG)#
#2026 09 14 10:36:17.018#Z#DEBUG#b19c2800-b027-11f1-a9e7-eeee0a832ec0.capm-service-db-deployer#flowable-async-job-executor-thread-2147#
[PollExecuteTaskStatusExecution] 070d8486-d915-4207-813d-4e7e9b8a0d10 [2026-09-14T10:35:27.402159] Cell 77283d80-dfa7-40ba-ba4e-265aef112085 creating container for instance 059ad9bd-5577-4cab-bb16-5acade582844 (STDOUT, STG)#
#2026 09 14 10:36:17.018#Z#DEBUG#b19c2800-b027-11f1-a9e7-eeee0a832ec0.capm-service-db-deployer#flowable-async-job-executor-thread-2147#
[PollExecuteTaskStatusExecution] 070d8486-d915-4207-813d-4e7e9b8a0d10 [2026-09-14T10:35:28.320642] Security group rules were updated (STDOUT, STG)#
#2026 09 14 10:36:17.018#Z#DEBUG#b19c2800-b027-11f1-a9e7-eeee0a832ec0.capm-service-db-deployer#flowable-async-job-executor-thread-2147#
[PollExecuteTaskStatusExecution] 070d8486-d915-4207-813d-4e7e9b8a0d10 [2026-09-14T10:35:28.441307] Cell 77283d80-dfa7-40ba-ba4e-265aef112085 successfully created container for instance 059ad9bd-5577-4cab-bb16-5acade582844 (STDOUT, STG)#
#2026 09 14 10:36:17.018#Z#DEBUG#b19c2800-b027-11f1-a9e7-eeee0a832ec0.capm-service-db-deployer#flowable-async-job-executor-thread-2147#
[PollExecuteTaskStatusExecution] 070d8486-d915-4207-813d-4e7e9b8a0d10 [2026-09-14T10:35:28.820760] Downloading app package... (STDOUT, STG)#
#2026 09 14 10:36:17.018#Z#DEBUG#b19c2800-b027-11f1-a9e7-eeee0a832ec0.capm-service-db-deployer#flowable-async-job-executor-thread-2147#
[PollExecuteTaskStatusExecution] 070d8486-d915-4207-813d-4e7e9b8a0d10 [2026-09-14T10:35:28.820883] Downloading build artifacts cache... (STDOUT, STG)#
#2026 09 14 10:36:17.018#Z#DEBUG#b19c2800-b027-11f1-a9e7-eeee0a832ec0.capm-service-db-deployer#flowable-async-job-executor-thread-2147#
[PollExecuteTaskStatusExecution] 070d8486-d915-4207-813d-4e7e9b8a0d10 [2026-09-14T10:35:28.885984] Downloaded build artifacts cache (225B) (STDOUT, STG)#
#2026 09 14 10:36:17.018#Z#DEBUG#b19c2800-b027-11f1-a9e7-eeee0a832ec0.capm-service-db-deployer#flowable-async-job-executor-thread-2147#
[PollExecuteTaskStatusExecution] 070d8486-d915-4207-813d-4e7e9b8a0d10 [2026-09-14T10:35:29.176292] Downloaded app package (2.3M) (STDOUT, STG)#
#2026 09 14 10:36:17.018#Z#DEBUG#b19c2800-b027-11f1-a9e7-eeee0a832ec0.capm-service-db-deployer#flowable-async-job-executor-thread-2147#
[PollExecuteTaskStatusExecution] 070d8486-d915-4207-813d-4e7e9b8a0d10 [2026-09-14T10:35:29.306775] -----> Nodejs Buildpack version 1.9.3 (STDOUT, STG)#
#2026 09 14 10:36:17.018#Z#DEBUG#b19c2800-b027-11f1-a9e7-eeee0a832ec0.capm-service-db-deployer#flowable-async-job-executor-thread-2147#
[PollExecuteTaskStatusExecution] 070d8486-d915-4207-813d-4e7e9b8a0d10 [2026-09-14T10:35:29.624827] -----> Bootstrapping python (STDOUT, STG)#
#2026 09 14 10:36:17.018#Z#DEBUG#b19c2800-b027-11f1-a9e7-eeee0a832ec0.capm-service-db-deployer#flowable-async-job-executor-thread-2147#
[PollExecuteTaskStatusExecution] 070d8486-d915-4207-813d-4e7e9b8a0d10 [2026-09-14T10:35:29.624870] -----> Installing python 3.13.14 (STDOUT, STG)#
#2026 09 14 10:36:17.018#Z#DEBUG#b19c2800-b027-11f1-a9e7-eeee0a832ec0.capm-service-db-deployer#flowable-async-job-executor-thread-2147#
[PollExecuteTaskStatusExecution] 070d8486-d915-4207-813d-4e7e9b8a0d10 [2026-09-14T10:35:29.625833] Copy [/tmp/buildpacks/336fb825d4d72bff/dependencies/4b4266a2ff36730aef37b88b668ca327/python_3.13.14_linux_x64_cflinuxfs4_b80d4954.tgz] (STDOUT, STG)#
#2026 09 14 10:36:17.018#Z#DEBUG#b19c2800-b027-11f1-a9e7-eeee0a832ec0.capm-service-db-deployer#flowable-async-job-executor-thread-2147#
[PollExecuteTaskStatusExecution] 070d8486-d915-4207-813d-4e7e9b8a0d10 [2026-09-14T10:35:34.546381] -----> Installing binaries (STDOUT, STG)#
#2026 09 14 10:36:17.018#Z#DEBUG#b19c2800-b027-11f1-a9e7-eeee0a832ec0.capm-service-db-deployer#flowable-async-job-executor-thread-2147#
[PollExecuteTaskStatusExecution] 070d8486-d915-4207-813d-4e7e9b8a0d10 [2026-09-14T10:35:34.546436] engines.node (package.json): >=18 (STDOUT, STG)#
#2026 09 14 10:36:17.018#Z#DEBUG#b19c2800-b027-11f1-a9e7-eeee0a832ec0.capm-service-db-deployer#flowable-async-job-executor-thread-2147#
[PollExecuteTaskStatusExecution] 070d8486-d915-4207-813d-4e7e9b8a0d10 [2026-09-14T10:35:34.546442] engines.npm (package.json): unspecified (use default) (STDOUT, STG)#
#2026 09 14 10:36:17.018#Z#DEBUG#b19c2800-b027-11f1-a9e7-eeee0a832ec0.capm-service-db-deployer#flowable-async-job-executor-thread-2147#
[PollExecuteTaskStatusExecution] 070d8486-d915-4207-813d-4e7e9b8a0d10 [2026-09-14T10:35:34.546491] [31;1m**WARNING**[0m Dangerous semver range (>) in engines.node. See: http://docs.cloudfoundry.org/buildpacks/node/node-tips.html (STDOUT, STG)#
#2026 09 14 10:36:17.018#Z#DEBUG#b19c2800-b027-11f1-a9e7-eeee0a832ec0.capm-service-db-deployer#flowable-async-job-executor-thread-2147#
[PollExecuteTaskStatusExecution] 070d8486-d915-4207-813d-4e7e9b8a0d10 [2026-09-14T10:35:34.546691] -----> Installing node 24.18.0 (STDOUT, STG)#
#2026 09 14 10:36:17.018#Z#DEBUG#b19c2800-b027-11f1-a9e7-eeee0a832ec0.capm-service-db-deployer#flowable-async-job-executor-thread-2147#
[PollExecuteTaskStatusExecution] 070d8486-d915-4207-813d-4e7e9b8a0d10 [2026-09-14T10:35:34.546918] Copy [/tmp/buildpacks/336fb825d4d72bff/dependencies/dffbbb835fcd073c4544f78eb6247fac/node_24.18.0_linux_x64_cflinuxfs4_cdfed650.tgz] (STDOUT, STG)#
#2026 09 14 10:36:17.018#Z#DEBUG#b19c2800-b027-11f1-a9e7-eeee0a832ec0.capm-service-db-deployer#flowable-async-job-executor-thread-2147#
[PollExecuteTaskStatusExecution] 070d8486-d915-4207-813d-4e7e9b8a0d10 [2026-09-14T10:35:37.542303] Using default npm version: 11.16.0 (STDOUT, STG)#
#2026 09 14 10:36:17.018#Z#DEBUG#b19c2800-b027-11f1-a9e7-eeee0a832ec0.capm-service-db-deployer#flowable-async-job-executor-thread-2147#
[PollExecuteTaskStatusExecution] 070d8486-d915-4207-813d-4e7e9b8a0d10 [2026-09-14T10:35:37.542337] -----> Installing yarn 1.22.22 (STDOUT, STG)#
#2026 09 14 10:36:17.018#Z#DEBUG#b19c2800-b027-11f1-a9e7-eeee0a832ec0.capm-service-db-deployer#flowable-async-job-executor-thread-2147#
[PollExecuteTaskStatusExecution] 070d8486-d915-4207-813d-4e7e9b8a0d10 [2026-09-14T10:35:37.542587] Copy [/tmp/buildpacks/336fb825d4d72bff/dependencies/e4fe26756e9984a665478d350474fa2e/yarn_1.22.22_linux_noarch_any-stack_b6132b86.tgz] (STDOUT, STG)#
#2026 09 14 10:36:17.018#Z#DEBUG#b19c2800-b027-11f1-a9e7-eeee0a832ec0.capm-service-db-deployer#flowable-async-job-executor-thread-2147#
[PollExecuteTaskStatusExecution] 070d8486-d915-4207-813d-4e7e9b8a0d10 [2026-09-14T10:35:38.002918] Installed yarn 1.22.22 (STDOUT, STG)#
#2026 09 14 10:36:17.018#Z#DEBUG#b19c2800-b027-11f1-a9e7-eeee0a832ec0.capm-service-db-deployer#flowable-async-job-executor-thread-2147#
[PollExecuteTaskStatusExecution] 070d8486-d915-4207-813d-4e7e9b8a0d10 [2026-09-14T10:35:38.002949] -----> Creating runtime environment (STDOUT, STG)#
#2026 09 14 10:36:17.018#Z#DEBUG#b19c2800-b027-11f1-a9e7-eeee0a832ec0.capm-service-db-deployer#flowable-async-job-executor-thread-2147#
[PollExecuteTaskStatusExecution] 070d8486-d915-4207-813d-4e7e9b8a0d10 [2026-09-14T10:35:38.005188] NODE_ENV=production (STDOUT, STG)#
#2026 09 14 10:36:17.018#Z#DEBUG#b19c2800-b027-11f1-a9e7-eeee0a832ec0.capm-service-db-deployer#flowable-async-job-executor-thread-2147#
[PollExecuteTaskStatusExecution] 070d8486-d915-4207-813d-4e7e9b8a0d10 [2026-09-14T10:35:38.005236] NODE_HOME=/tmp/contents113338191/deps/0/node (STDOUT, STG)#
#2026 09 14 10:36:17.018#Z#DEBUG#b19c2800-b027-11f1-a9e7-eeee0a832ec0.capm-service-db-deployer#flowable-async-job-executor-thread-2147#
[PollExecuteTaskStatusExecution] 070d8486-d915-4207-813d-4e7e9b8a0d10 [2026-09-14T10:35:38.005239] NODE_MODULES_CACHE=true (STDOUT, STG)#
#2026 09 14 10:36:17.018#Z#DEBUG#b19c2800-b027-11f1-a9e7-eeee0a832ec0.capm-service-db-deployer#flowable-async-job-executor-thread-2147#
[PollExecuteTaskStatusExecution] 070d8486-d915-4207-813d-4e7e9b8a0d10 [2026-09-14T10:35:38.005261] NODE_VERBOSE=false (STDOUT, STG)#
#2026 09 14 10:36:17.018#Z#DEBUG#b19c2800-b027-11f1-a9e7-eeee0a832ec0.capm-service-db-deployer#flowable-async-job-executor-thread-2147#
[PollExecuteTaskStatusExecution] 070d8486-d915-4207-813d-4e7e9b8a0d10 [2026-09-14T10:35:38.005264] NPM_CONFIG_LOGLEVEL=error (STDOUT, STG)#
#2026 09 14 10:36:17.018#Z#DEBUG#b19c2800-b027-11f1-a9e7-eeee0a832ec0.capm-service-db-deployer#flowable-async-job-executor-thread-2147#
[PollExecuteTaskStatusExecution] 070d8486-d915-4207-813d-4e7e9b8a0d10 [2026-09-14T10:35:38.005422] NPM_CONFIG_PRODUCTION=true (STDOUT, STG)#
#2026 09 14 10:36:17.018#Z#DEBUG#b19c2800-b027-11f1-a9e7-eeee0a832ec0.capm-service-db-deployer#flowable-async-job-executor-thread-2147#
[PollExecuteTaskStatusExecution] 070d8486-d915-4207-813d-4e7e9b8a0d10 [2026-09-14T10:35:38.005474] -----> Building dependencies (STDOUT, STG)#
#2026 09 14 10:36:17.018#Z#DEBUG#b19c2800-b027-11f1-a9e7-eeee0a832ec0.capm-service-db-deployer#flowable-async-job-executor-thread-2147#
[PollExecuteTaskStatusExecution] 070d8486-d915-4207-813d-4e7e9b8a0d10 [2026-09-14T10:35:38.005479] Prebuild detected (node_modules already exists) (STDOUT, STG)#
#2026 09 14 10:36:17.018#Z#DEBUG#b19c2800-b027-11f1-a9e7-eeee0a832ec0.capm-service-db-deployer#flowable-async-job-executor-thread-2147#
[PollExecuteTaskStatusExecution] 070d8486-d915-4207-813d-4e7e9b8a0d10 [2026-09-14T10:35:38.005510] Rebuilding any native modules (STDOUT, STG)#
#2026 09 14 10:36:17.018#Z#DEBUG#b19c2800-b027-11f1-a9e7-eeee0a832ec0.capm-service-db-deployer#flowable-async-job-executor-thread-2147#
[PollExecuteTaskStatusExecution] 070d8486-d915-4207-813d-4e7e9b8a0d10 [2026-09-14T10:35:38.777950] rebuilt dependencies successfully (STDOUT, STG)#
#2026 09 14 10:36:17.018#Z#DEBUG#b19c2800-b027-11f1-a9e7-eeee0a832ec0.capm-service-db-deployer#flowable-async-job-executor-thread-2147#
[PollExecuteTaskStatusExecution] 070d8486-d915-4207-813d-4e7e9b8a0d10 [2026-09-14T10:35:38.852889] Installing any new modules (package.json + package-lock.json) (STDOUT, STG)#
#2026 09 14 10:36:17.018#Z#DEBUG#b19c2800-b027-11f1-a9e7-eeee0a832ec0.capm-service-db-deployer#flowable-async-job-executor-thread-2147#
[PollExecuteTaskStatusExecution] 070d8486-d915-4207-813d-4e7e9b8a0d10 [2026-09-14T10:35:39.441953] up to date in 480ms (STDOUT, STG)#
#2026 09 14 10:36:17.018#Z#DEBUG#b19c2800-b027-11f1-a9e7-eeee0a832ec0.capm-service-db-deployer#flowable-async-job-executor-thread-2147#
[PollExecuteTaskStatusExecution] 070d8486-d915-4207-813d-4e7e9b8a0d10 [2026-09-14T10:35:39.442230] 4 packages are looking for funding (STDOUT, STG)#
#2026 09 14 10:36:17.018#Z#DEBUG#b19c2800-b027-11f1-a9e7-eeee0a832ec0.capm-service-db-deployer#flowable-async-job-executor-thread-2147#
[PollExecuteTaskStatusExecution] 070d8486-d915-4207-813d-4e7e9b8a0d10 [2026-09-14T10:35:39.442266] run `npm fund` for details (STDOUT, STG)#
#2026 09 14 10:36:17.018#Z#DEBUG#b19c2800-b027-11f1-a9e7-eeee0a832ec0.capm-service-db-deployer#flowable-async-job-executor-thread-2147#
[PollExecuteTaskStatusExecution] 070d8486-d915-4207-813d-4e7e9b8a0d10 [2026-09-14T10:35:40.303137] Contrast Security no credentials found. Will not write environment files. (STDOUT, STG)#
#2026 09 14 10:36:17.018#Z#DEBUG#b19c2800-b027-11f1-a9e7-eeee0a832ec0.capm-service-db-deployer#flowable-async-job-executor-thread-2147#
[PollExecuteTaskStatusExecution] 070d8486-d915-4207-813d-4e7e9b8a0d10 [2026-09-14T10:35:52.692139] Exit status 0 (STDOUT, STG)#
#2026 09 14 10:36:17.018#Z#DEBUG#b19c2800-b027-11f1-a9e7-eeee0a832ec0.capm-service-db-deployer#flowable-async-job-executor-thread-2147#
[PollExecuteTaskStatusExecution] 070d8486-d915-4207-813d-4e7e9b8a0d10 [2026-09-14T10:35:52.692212] Uploading droplet, build artifacts cache... (STDOUT, STG)#
#2026 09 14 10:36:17.018#Z#DEBUG#b19c2800-b027-11f1-a9e7-eeee0a832ec0.capm-service-db-deployer#flowable-async-job-executor-thread-2147#
[PollExecuteTaskStatusExecution] 070d8486-d915-4207-813d-4e7e9b8a0d10 [2026-09-14T10:35:52.692259] Uploading droplet... (STDOUT, STG)#
#2026 09 14 10:36:17.018#Z#DEBUG#b19c2800-b027-11f1-a9e7-eeee0a832ec0.capm-service-db-deployer#flowable-async-job-executor-thread-2147#
[PollExecuteTaskStatusExecution] 070d8486-d915-4207-813d-4e7e9b8a0d10 [2026-09-14T10:35:52.692284] Uploading build artifacts cache... (STDOUT, STG)#
#2026 09 14 10:36:17.018#Z#DEBUG#b19c2800-b027-11f1-a9e7-eeee0a832ec0.capm-service-db-deployer#flowable-async-job-executor-thread-2147#
[PollExecuteTaskStatusExecution] 070d8486-d915-4207-813d-4e7e9b8a0d10 [2026-09-14T10:35:52.721782] Uploaded build artifacts cache (228B) (STDOUT, STG)#
#2026 09 14 10:36:17.018#Z#DEBUG#b19c2800-b027-11f1-a9e7-eeee0a832ec0.capm-service-db-deployer#flowable-async-job-executor-thread-2147#
[PollExecuteTaskStatusExecution] 070d8486-d915-4207-813d-4e7e9b8a0d10 [2026-09-14T10:35:53.405579] Creating droplet for app with guid 070d8486-d915-4207-813d-4e7e9b8a0d10 (STDOUT, API)#
#2026 09 14 10:36:17.018#Z#DEBUG#b19c2800-b027-11f1-a9e7-eeee0a832ec0.capm-service-db-deployer#flowable-async-job-executor-thread-2147#
[PollExecuteTaskStatusExecution] 070d8486-d915-4207-813d-4e7e9b8a0d10 [2026-09-14T10:35:56.472780] Uploaded droplet (59.2M) (STDOUT, STG)#
#2026 09 14 10:36:17.018#Z#DEBUG#b19c2800-b027-11f1-a9e7-eeee0a832ec0.capm-service-db-deployer#flowable-async-job-executor-thread-2147#
[PollExecuteTaskStatusExecution] 070d8486-d915-4207-813d-4e7e9b8a0d10 [2026-09-14T10:35:56.499034] Uploading complete (STDOUT, STG)#
#2026 09 14 10:36:17.018#Z#DEBUG#b19c2800-b027-11f1-a9e7-eeee0a832ec0.capm-service-db-deployer#flowable-async-job-executor-thread-2147#
[PollExecuteTaskStatusExecution] 070d8486-d915-4207-813d-4e7e9b8a0d10 [2026-09-14T10:35:57.318945] Cell 77283d80-dfa7-40ba-ba4e-265aef112085 stopping instance 059ad9bd-5577-4cab-bb16-5acade582844 (STDOUT, STG)#
#2026 09 14 10:36:17.018#Z#DEBUG#b19c2800-b027-11f1-a9e7-eeee0a832ec0.capm-service-db-deployer#flowable-async-job-executor-thread-2147#
[PollExecuteTaskStatusExecution] 070d8486-d915-4207-813d-4e7e9b8a0d10 [2026-09-14T10:35:57.318991] Cell 77283d80-dfa7-40ba-ba4e-265aef112085 destroying container for instance 059ad9bd-5577-4cab-bb16-5acade582844 (STDOUT, STG)#
#2026 09 14 10:36:17.018#Z#DEBUG#b19c2800-b027-11f1-a9e7-eeee0a832ec0.capm-service-db-deployer#flowable-async-job-executor-thread-2147#
[PollExecuteTaskStatusExecution] 070d8486-d915-4207-813d-4e7e9b8a0d10 [2026-09-14T10:35:57.367603] Staging complete for build 059ad9bd-5577-4cab-bb16-5acade582844 (STDOUT, API)#
#2026 09 14 10:36:17.018#Z#DEBUG#b19c2800-b027-11f1-a9e7-eeee0a832ec0.capm-service-db-deployer#flowable-async-job-executor-thread-2147#
[PollExecuteTaskStatusExecution] 070d8486-d915-4207-813d-4e7e9b8a0d10 [2026-09-14T10:36:00.375841] Cell 77283d80-dfa7-40ba-ba4e-265aef112085 successfully destroyed container for instance 059ad9bd-5577-4cab-bb16-5acade582844 (STDOUT, STG)#
#2026 09 14 10:36:17.018#Z#DEBUG#b19c2800-b027-11f1-a9e7-eeee0a832ec0.capm-service-db-deployer#flowable-async-job-executor-thread-2147#
[PollExecuteTaskStatusExecution] 070d8486-d915-4207-813d-4e7e9b8a0d10 [2026-09-14T10:36:07.065225] Updated app with guid 070d8486-d915-4207-813d-4e7e9b8a0d10 ({:droplet_guid=>"c36fb1f0-169f-4a6c-afe2-9572d17c34ad"}) (STDOUT, API)#
#2026 09 14 10:36:17.018#Z#DEBUG#b19c2800-b027-11f1-a9e7-eeee0a832ec0.capm-service-db-deployer#flowable-async-job-executor-thread-2147#
[PollExecuteTaskStatusExecution] 070d8486-d915-4207-813d-4e7e9b8a0d10 [2026-09-14T10:36:07.566748] Cell 77283d80-dfa7-40ba-ba4e-265aef112085 creating container for instance 7815fc81-7bac-4550-896c-6fab8826ffca (STDOUT, CELL)#
#2026 09 14 10:36:17.018#Z#DEBUG#b19c2800-b027-11f1-a9e7-eeee0a832ec0.capm-service-db-deployer#flowable-async-job-executor-thread-2147#
[PollExecuteTaskStatusExecution] 070d8486-d915-4207-813d-4e7e9b8a0d10 [2026-09-14T10:36:08.390684] Security group rules were updated (STDOUT, CELL)#
#2026 09 14 10:36:17.018#Z#DEBUG#b19c2800-b027-11f1-a9e7-eeee0a832ec0.capm-service-db-deployer#flowable-async-job-executor-thread-2147#
[PollExecuteTaskStatusExecution] 070d8486-d915-4207-813d-4e7e9b8a0d10 [2026-09-14T10:36:08.489906] Cell 77283d80-dfa7-40ba-ba4e-265aef112085 successfully created container for instance 7815fc81-7bac-4550-896c-6fab8826ffca (STDOUT, CELL)#
#2026 09 14 10:36:17.018#Z#DEBUG#b19c2800-b027-11f1-a9e7-eeee0a832ec0.capm-service-db-deployer#flowable-async-job-executor-thread-2147#
[PollExecuteTaskStatusExecution] 070d8486-d915-4207-813d-4e7e9b8a0d10 [2026-09-14T10:36:13.805827] Invoking pre-start scripts. (STDOUT, APP/TASK/deploy)#
#2026 09 14 10:36:17.018#Z#DEBUG#b19c2800-b027-11f1-a9e7-eeee0a832ec0.capm-service-db-deployer#flowable-async-job-executor-thread-2147#
[PollExecuteTaskStatusExecution] 070d8486-d915-4207-813d-4e7e9b8a0d10 [2026-09-14T10:36:14.052247] Invoking start command. (STDOUT, APP/TASK/deploy)#
#2026 09 14 10:36:17.018#Z#DEBUG#b19c2800-b027-11f1-a9e7-eeee0a832ec0.capm-service-db-deployer#flowable-async-job-executor-thread-2147#
[PollExecuteTaskStatusExecution] 070d8486-d915-4207-813d-4e7e9b8a0d10 [2026-09-14T10:36:14.631870] > start (STDOUT, APP/TASK/deploy)#
#2026 09 14 10:36:17.018#Z#DEBUG#b19c2800-b027-11f1-a9e7-eeee0a832ec0.capm-service-db-deployer#flowable-async-job-executor-thread-2147#
[PollExecuteTaskStatusExecution] 070d8486-d915-4207-813d-4e7e9b8a0d10 [2026-09-14T10:36:14.631909] > node node_modules/@sap/hdi-deploy/deploy.js --use-hdb --parameter com.sap.hana.di.table/try_fast_table_migration=true (STDOUT, APP/TASK/deploy)#
#2026 09 14 10:36:17.018#Z#DEBUG#b19c2800-b027-11f1-a9e7-eeee0a832ec0.capm-service-db-deployer#flowable-async-job-executor-thread-2147#
[PollExecuteTaskStatusExecution] 070d8486-d915-4207-813d-4e7e9b8a0d10 [2026-09-14T10:36:14.853471] VCAP_SERVICES: (STDOUT, APP/TASK/deploy)#
#2026 09 14 10:36:17.018#Z#DEBUG#b19c2800-b027-11f1-a9e7-eeee0a832ec0.capm-service-db-deployer#flowable-async-job-executor-thread-2147#
[PollExecuteTaskStatusExecution] 070d8486-d915-4207-813d-4e7e9b8a0d10 [2026-09-14T10:36:14.854405] { (STDOUT, APP/TASK/deploy)#
#2026 09 14 10:36:17.018#Z#DEBUG#b19c2800-b027-11f1-a9e7-eeee0a832ec0.capm-service-db-deployer#flowable-async-job-executor-thread-2147#
[PollExecuteTaskStatusExecution] 070d8486-d915-4207-813d-4e7e9b8a0d10 [2026-09-14T10:36:14.854427] "hana": [ (STDOUT, APP/TASK/deploy)#
#2026 09 14 10:36:17.018#Z#DEBUG#b19c2800-b027-11f1-a9e7-eeee0a832ec0.capm-service-db-deployer#flowable-async-job-executor-thread-2147#
[PollExecuteTaskStatusExecution] 070d8486-d915-4207-813d-4e7e9b8a0d10 [2026-09-14T10:36:14.854430] { (STDOUT, APP/TASK/deploy)#
#2026 09 14 10:36:17.018#Z#DEBUG#b19c2800-b027-11f1-a9e7-eeee0a832ec0.capm-service-db-deployer#flowable-async-job-executor-thread-2147#
[PollExecuteTaskStatusExecution] 070d8486-d915-4207-813d-4e7e9b8a0d10 [2026-09-14T10:36:14.854434] "name": "capm-service-db", (STDOUT, APP/TASK/deploy)#
#2026 09 14 10:36:17.018#Z#DEBUG#b19c2800-b027-11f1-a9e7-eeee0a832ec0.capm-service-db-deployer#flowable-async-job-executor-thread-2147#
[PollExecuteTaskStatusExecution] 070d8486-d915-4207-813d-4e7e9b8a0d10 [2026-09-14T10:36:14.854438] "label": "hana", (STDOUT, APP/TASK/deploy)#
#2026 09 14 10:36:17.018#Z#DEBUG#b19c2800-b027-11f1-a9e7-eeee0a832ec0.capm-service-db-deployer#flowable-async-job-executor-thread-2147#
[PollExecuteTaskStatusExecution] 070d8486-d915-4207-813d-4e7e9b8a0d10 [2026-09-14T10:36:14.854440] "plan": "hdi-shared", (STDOUT, APP/TASK/deploy)#
#2026 09 14 10:36:17.018#Z#DEBUG#b19c2800-b027-11f1-a9e7-eeee0a832ec0.capm-service-db-deployer#flowable-async-job-executor-thread-2147#
[PollExecuteTaskStatusExecution] 070d8486-d915-4207-813d-4e7e9b8a0d10 [2026-09-14T10:36:14.854442] "credentials": { (STDOUT, APP/TASK/deploy)#
#2026 09 14 10:36:17.018#Z#DEBUG#b19c2800-b027-11f1-a9e7-eeee0a832ec0.capm-service-db-deployer#flowable-async-job-executor-thread-2147#
[PollExecuteTaskStatusExecution] 070d8486-d915-4207-813d-4e7e9b8a0d10 [2026-09-14T10:36:14.854449] "schema": "6A5478B8D26E43D8A56BA48D201A9E69", (STDOUT, APP/TASK/deploy)#
#2026 09 14 10:36:17.018#Z#DEBUG#b19c2800-b027-11f1-a9e7-eeee0a832ec0.capm-service-db-deployer#flowable-async-job-executor-thread-2147#
[PollExecuteTaskStatusExecution] 070d8486-d915-4207-813d-4e7e9b8a0d10 [2026-09-14T10:36:14.854452] "database_id": "221ad0bc-2da6-46e8-8162-1eebb6fdd039", (STDOUT, APP/TASK/deploy)#
#2026 09 14 10:36:17.018#Z#DEBUG#b19c2800-b027-11f1-a9e7-eeee0a832ec0.capm-service-db-deployer#flowable-async-job-executor-thread-2147#
[PollExecuteTaskStatusExecution] 070d8486-d915-4207-813d-4e7e9b8a0d10 [2026-09-14T10:36:14.854457] "user": "6A5478B8D26E43D8A56BA48D201A9E69_0A5QTHQO93V752I1NIUZEL1CU_RT", (STDOUT, APP/TASK/deploy)#
#2026 09 14 10:36:17.018#Z#DEBUG#b19c2800-b027-11f1-a9e7-eeee0a832ec0.capm-service-db-deployer#flowable-async-job-executor-thread-2147#
[PollExecuteTaskStatusExecution] 070d8486-d915-4207-813d-4e7e9b8a0d10 [2026-09-14T10:36:14.854462] "hdi_user": "6A5478B8D26E43D8A56BA48D201A9E69_0A5QTHQO93V752I1NIUZEL1CU_DT" (STDOUT, APP/TASK/deploy)#
#2026 09 14 10:36:17.018#Z#DEBUG#b19c2800-b027-11f1-a9e7-eeee0a832ec0.capm-service-db-deployer#flowable-async-job-executor-thread-2147#
[PollExecuteTaskStatusExecution] 070d8486-d915-4207-813d-4e7e9b8a0d10 [2026-09-14T10:36:14.854475] }, (STDOUT, APP/TASK/deploy)#
#2026 09 14 10:36:17.018#Z#DEBUG#b19c2800-b027-11f1-a9e7-eeee0a832ec0.capm-service-db-deployer#flowable-async-job-executor-thread-2147#
[PollExecuteTaskStatusExecution] 070d8486-d915-4207-813d-4e7e9b8a0d10 [2026-09-14T10:36:14.854478] "tags": [ (STDOUT, APP/TASK/deploy)#
#2026 09 14 10:36:17.018#Z#DEBUG#b19c2800-b027-11f1-a9e7-eeee0a832ec0.capm-service-db-deployer#flowable-async-job-executor-thread-2147#
[PollExecuteTaskStatusExecution] 070d8486-d915-4207-813d-4e7e9b8a0d10 [2026-09-14T10:36:14.854480] "hana", (STDOUT, APP/TASK/deploy)#
#2026 09 14 10:36:17.018#Z#DEBUG#b19c2800-b027-11f1-a9e7-eeee0a832ec0.capm-service-db-deployer#flowable-async-job-executor-thread-2147#
[PollExecuteTaskStatusExecution] 070d8486-d915-4207-813d-4e7e9b8a0d10 [2026-09-14T10:36:14.854482] "database", (STDOUT, APP/TASK/deploy)#
#2026 09 14 10:36:17.018#Z#DEBUG#b19c2800-b027-11f1-a9e7-eeee0a832ec0.capm-service-db-deployer#flowable-async-job-executor-thread-2147#
[PollExecuteTaskStatusExecution] 070d8486-d915-4207-813d-4e7e9b8a0d10 [2026-09-14T10:36:14.854489] "relational" (STDOUT, APP/TASK/deploy)#
#2026 09 14 10:36:17.018#Z#DEBUG#b19c2800-b027-11f1-a9e7-eeee0a832ec0.capm-service-db-deployer#flowable-async-job-executor-thread-2147#
[PollExecuteTaskStatusExecution] 070d8486-d915-4207-813d-4e7e9b8a0d10 [2026-09-14T10:36:14.854491] ] (STDOUT, APP/TASK/deploy)#
#2026 09 14 10:36:17.018#Z#DEBUG#b19c2800-b027-11f1-a9e7-eeee0a832ec0.capm-service-db-deployer#flowable-async-job-executor-thread-2147#
[PollExecuteTaskStatusExecution] 070d8486-d915-4207-813d-4e7e9b8a0d10 [2026-09-14T10:36:14.854493] } (STDOUT, APP/TASK/deploy)#
#2026 09 14 10:36:17.018#Z#DEBUG#b19c2800-b027-11f1-a9e7-eeee0a832ec0.capm-service-db-deployer#flowable-async-job-executor-thread-2147#
[PollExecuteTaskStatusExecution] 070d8486-d915-4207-813d-4e7e9b8a0d10 [2026-09-14T10:36:14.854496] ] (STDOUT, APP/TASK/deploy)#
#2026 09 14 10:36:17.018#Z#DEBUG#b19c2800-b027-11f1-a9e7-eeee0a832ec0.capm-service-db-deployer#flowable-async-job-executor-thread-2147#
[PollExecuteTaskStatusExecution] 070d8486-d915-4207-813d-4e7e9b8a0d10 [2026-09-14T10:36:14.854498] } (STDOUT, APP/TASK/deploy)#
#2026 09 14 10:36:17.018#Z#DEBUG#b19c2800-b027-11f1-a9e7-eeee0a832ec0.capm-service-db-deployer#flowable-async-job-executor-thread-2147#
[PollExecuteTaskStatusExecution] 070d8486-d915-4207-813d-4e7e9b8a0d10 [2026-09-14T10:36:15.438422] @sap/hdi-deploy, version 5.7.0 (mode default), server version 4.00.000.00.1787043349 (4.0.0.0), cloud version 2026.14.16, node version 24.18.0, HDI version 1016, container API version 1007 (STDOUT, APP/TASK/deploy)#
#2026 09 14 10:36:17.018#Z#DEBUG#b19c2800-b027-11f1-a9e7-eeee0a832ec0.capm-service-db-deployer#flowable-async-job-executor-thread-2147#
[PollExecuteTaskStatusExecution] 070d8486-d915-4207-813d-4e7e9b8a0d10 [2026-09-14T10:36:15.439657] Deployment started at 2026-09-14 10:36:15 (STDOUT, APP/TASK/deploy)#
#2026 09 14 10:36:17.018#Z#DEBUG#b19c2800-b027-11f1-a9e7-eeee0a832ec0.capm-service-db-deployer#flowable-async-job-executor-thread-2147#
[PollExecuteTaskStatusExecution] 070d8486-d915-4207-813d-4e7e9b8a0d10 [2026-09-14T10:36:15.440117] Using hdb@2.29.6 for connection (STDOUT, APP/TASK/deploy)#
#2026 09 14 10:36:17.018#Z#DEBUG#b19c2800-b027-11f1-a9e7-eeee0a832ec0.capm-service-db-deployer#flowable-async-job-executor-thread-2147#
[PollExecuteTaskStatusExecution] 070d8486-d915-4207-813d-4e7e9b8a0d10 [2026-09-14T10:36:15.467037] No ignore file at /home/vcap/app/.hdiignore. (STDOUT, APP/TASK/deploy)#
#2026 09 14 10:36:17.018#Z#DEBUG#b19c2800-b027-11f1-a9e7-eeee0a832ec0.capm-service-db-deployer#flowable-async-job-executor-thread-2147#
[PollExecuteTaskStatusExecution] 070d8486-d915-4207-813d-4e7e9b8a0d10 [2026-09-14T10:36:15.467704] Collecting files... (STDOUT, APP/TASK/deploy)#
#2026 09 14 10:36:17.018#Z#DEBUG#b19c2800-b027-11f1-a9e7-eeee0a832ec0.capm-service-db-deployer#flowable-async-job-executor-thread-2147#
[PollExecuteTaskStatusExecution] 070d8486-d915-4207-813d-4e7e9b8a0d10 [2026-09-14T10:36:15.475436] Collecting files... ok (0s 7ms) (STDOUT, APP/TASK/deploy)#
#2026 09 14 10:36:17.018#Z#DEBUG#b19c2800-b027-11f1-a9e7-eeee0a832ec0.capm-service-db-deployer#flowable-async-job-executor-thread-2147#
[PollExecuteTaskStatusExecution] 070d8486-d915-4207-813d-4e7e9b8a0d10 [2026-09-14T10:36:15.475554] 3 directories collected (STDOUT, APP/TASK/deploy)#
#2026 09 14 10:36:17.018#Z#DEBUG#b19c2800-b027-11f1-a9e7-eeee0a832ec0.capm-service-db-deployer#flowable-async-job-executor-thread-2147#
[PollExecuteTaskStatusExecution] 070d8486-d915-4207-813d-4e7e9b8a0d10 [2026-09-14T10:36:15.475778] 30 files collected (STDOUT, APP/TASK/deploy)#
#2026 09 14 10:36:17.018#Z#DEBUG#b19c2800-b027-11f1-a9e7-eeee0a832ec0.capm-service-db-deployer#flowable-async-job-executor-thread-2147#
[PollExecuteTaskStatusExecution] 070d8486-d915-4207-813d-4e7e9b8a0d10 [2026-09-14T10:36:15.475811] 0 reusable modules collected (STDOUT, APP/TASK/deploy)#
#2026 09 14 10:36:17.018#Z#DEBUG#b19c2800-b027-11f1-a9e7-eeee0a832ec0.capm-service-db-deployer#flowable-async-job-executor-thread-2147#
[PollExecuteTaskStatusExecution] 070d8486-d915-4207-813d-4e7e9b8a0d10 [2026-09-14T10:36:15.476063] Target service: capm-service-db (STDOUT, APP/TASK/deploy)#
#2026 09 14 10:36:17.018#Z#DEBUG#b19c2800-b027-11f1-a9e7-eeee0a832ec0.capm-service-db-deployer#flowable-async-job-executor-thread-2147#
[PollExecuteTaskStatusExecution] 070d8486-d915-4207-813d-4e7e9b8a0d10 [2026-09-14T10:36:15.741087] Previous build with request ID 473 finished at 2026-09-14T10:25:53.902 with status Canceled and message: Make failed (5 errors, 0 warnings): tried to deploy 22 files, undeploy 0 files, redeploy 0 dependent files. (STDOUT, APP/TASK/deploy)#
#2026 09 14 10:36:17.018#Z#DEBUG#b19c2800-b027-11f1-a9e7-eeee0a832ec0.capm-service-db-deployer#flowable-async-job-executor-thread-2147#
[PollExecuteTaskStatusExecution] 070d8486-d915-4207-813d-4e7e9b8a0d10 [2026-09-14T10:36:15.741370] Processing revoke files... (STDOUT, APP/TASK/deploy)#
#2026 09 14 10:36:17.018#Z#DEBUG#b19c2800-b027-11f1-a9e7-eeee0a832ec0.capm-service-db-deployer#flowable-async-job-executor-thread-2147#
[PollExecuteTaskStatusExecution] 070d8486-d915-4207-813d-4e7e9b8a0d10 [2026-09-14T10:36:15.741573] Processing revoke files... ok (0s 0ms) (STDOUT, APP/TASK/deploy)#
#2026 09 14 10:36:17.018#Z#DEBUG#b19c2800-b027-11f1-a9e7-eeee0a832ec0.capm-service-db-deployer#flowable-async-job-executor-thread-2147#
[PollExecuteTaskStatusExecution] 070d8486-d915-4207-813d-4e7e9b8a0d10 [2026-09-14T10:36:15.741854] Processing grants files... (STDOUT, APP/TASK/deploy)#
#2026 09 14 10:36:17.018#Z#DEBUG#b19c2800-b027-11f1-a9e7-eeee0a832ec0.capm-service-db-deployer#flowable-async-job-executor-thread-2147#
[PollExecuteTaskStatusExecution] 070d8486-d915-4207-813d-4e7e9b8a0d10 [2026-09-14T10:36:15.741979] Processing grants files... ok (0s 0ms) (STDOUT, APP/TASK/deploy)#
#2026 09 14 10:36:17.018#Z#DEBUG#b19c2800-b027-11f1-a9e7-eeee0a832ec0.capm-service-db-deployer#flowable-async-job-executor-thread-2147#
[PollExecuteTaskStatusExecution] 070d8486-d915-4207-813d-4e7e9b8a0d10 [2026-09-14T10:36:15.745389] Preprocessing files... (STDOUT, APP/TASK/deploy)#
#2026 09 14 10:36:17.018#Z#DEBUG#b19c2800-b027-11f1-a9e7-eeee0a832ec0.capm-service-db-deployer#flowable-async-job-executor-thread-2147#
[PollExecuteTaskStatusExecution] 070d8486-d915-4207-813d-4e7e9b8a0d10 [2026-09-14T10:36:15.746030] Preprocessing files... ok (0s 1ms) (STDOUT, APP/TASK/deploy)#
#2026 09 14 10:36:17.018#Z#DEBUG#b19c2800-b027-11f1-a9e7-eeee0a832ec0.capm-service-db-deployer#flowable-async-job-executor-thread-2147#
[PollExecuteTaskStatusExecution] 070d8486-d915-4207-813d-4e7e9b8a0d10 [2026-09-14T10:36:15.746232] Connecting to the container "6A5478B8D26E43D8A56BA48D201A9E69"... (STDOUT, APP/TASK/deploy)#
#2026 09 14 10:36:17.018#Z#DEBUG#b19c2800-b027-11f1-a9e7-eeee0a832ec0.capm-service-db-deployer#flowable-async-job-executor-thread-2147#
[PollExecuteTaskStatusExecution] 070d8486-d915-4207-813d-4e7e9b8a0d10 [2026-09-14T10:36:15.846579] Connecting to the container "6A5478B8D26E43D8A56BA48D201A9E69"... ok (0s 100ms) (STDOUT, APP/TASK/deploy)#
#2026 09 14 10:36:17.018#Z#DEBUG#b19c2800-b027-11f1-a9e7-eeee0a832ec0.capm-service-db-deployer#flowable-async-job-executor-thread-2147#
[PollExecuteTaskStatusExecution] 070d8486-d915-4207-813d-4e7e9b8a0d10 [2026-09-14T10:36:15.846645] Locking the container "6A5478B8D26E43D8A56BA48D201A9E69"... (STDOUT, APP/TASK/deploy)#
#2026 09 14 10:36:17.018#Z#DEBUG#b19c2800-b027-11f1-a9e7-eeee0a832ec0.capm-service-db-deployer#flowable-async-job-executor-thread-2147#
[PollExecuteTaskStatusExecution] 070d8486-d915-4207-813d-4e7e9b8a0d10 [2026-09-14T10:36:16.056024] Locking the container "6A5478B8D26E43D8A56BA48D201A9E69"... ok (0s 209ms) (STDOUT, APP/TASK/deploy)#
#2026 09 14 10:36:17.018#Z#DEBUG#b19c2800-b027-11f1-a9e7-eeee0a832ec0.capm-service-db-deployer#flowable-async-job-executor-thread-2147#
[PollExecuteTaskStatusExecution] 070d8486-d915-4207-813d-4e7e9b8a0d10 [2026-09-14T10:36:16.056057] Synchronizing files with the container "6A5478B8D26E43D8A56BA48D201A9E69"... (STDOUT, APP/TASK/deploy)#
#2026 09 14 10:36:17.018#Z#DEBUG#b19c2800-b027-11f1-a9e7-eeee0a832ec0.capm-service-db-deployer#flowable-async-job-executor-thread-2147#
[PollExecuteTaskStatusExecution] 070d8486-d915-4207-813d-4e7e9b8a0d10 [2026-09-14T10:36:16.422812] Deleting files... (STDOUT, APP/TASK/deploy)#
#2026 09 14 10:36:17.018#Z#DEBUG#b19c2800-b027-11f1-a9e7-eeee0a832ec0.capm-service-db-deployer#flowable-async-job-executor-thread-2147#
[PollExecuteTaskStatusExecution] 070d8486-d915-4207-813d-4e7e9b8a0d10 [2026-09-14T10:36:16.648562] Deleting files... ok (STDOUT, APP/TASK/deploy)#
#2026 09 14 10:36:17.018#Z#DEBUG#b19c2800-b027-11f1-a9e7-eeee0a832ec0.capm-service-db-deployer#flowable-async-job-executor-thread-2147#
[PollExecuteTaskStatusExecution] 070d8486-d915-4207-813d-4e7e9b8a0d10 [2026-09-14T10:36:16.648655] Writing files... (STDOUT, APP/TASK/deploy)#
#2026 09 14 10:36:17.018#Z#DEBUG#b19c2800-b027-11f1-a9e7-eeee0a832ec0.capm-service-db-deployer#flowable-async-job-executor-thread-2147#
[PollExecuteTaskStatusExecution] 070d8486-d915-4207-813d-4e7e9b8a0d10 [2026-09-14T10:36:16.648925] Writing 25 items (STDOUT, APP/TASK/deploy)#
#2026 09 14 10:36:27.065#Z#DEBUG#b19c2800-b027-11f1-a9e7-eeee0a832ec0.capm-service-db-deployer#flowable-async-job-executor-thread-2156#
[PollExecuteTaskStatusExecution] 070d8486-d915-4207-813d-4e7e9b8a0d10 [2026-09-14T10:36:17.066402] Writing files... ok (STDOUT, APP/TASK/deploy)#
#2026 09 14 10:36:27.065#Z#DEBUG#b19c2800-b027-11f1-a9e7-eeee0a832ec0.capm-service-db-deployer#flowable-async-job-executor-thread-2156#
[PollExecuteTaskStatusExecution] 070d8486-d915-4207-813d-4e7e9b8a0d10 [2026-09-14T10:36:17.066726] Synchronizing files with the container "6A5478B8D26E43D8A56BA48D201A9E69"... ok (1s 10ms) (STDOUT, APP/TASK/deploy)#
#2026 09 14 10:36:27.065#Z#DEBUG#b19c2800-b027-11f1-a9e7-eeee0a832ec0.capm-service-db-deployer#flowable-async-job-executor-thread-2156#
[PollExecuteTaskStatusExecution] 070d8486-d915-4207-813d-4e7e9b8a0d10 [2026-09-14T10:36:17.067281] added files: [ (STDOUT, APP/TASK/deploy)#
#2026 09 14 10:36:27.065#Z#DEBUG#b19c2800-b027-11f1-a9e7-eeee0a832ec0.capm-service-db-deployer#flowable-async-job-executor-thread-2156#
[PollExecuteTaskStatusExecution] 070d8486-d915-4207-813d-4e7e9b8a0d10 [2026-09-14T10:36:17.067305] "src/gen/data/raven.hr-Departments.csv", (STDOUT, APP/TASK/deploy)#
#2026 09 14 10:36:27.065#Z#DEBUG#b19c2800-b027-11f1-a9e7-eeee0a832ec0.capm-service-db-deployer#flowable-async-job-executor-thread-2156#
[PollExecuteTaskStatusExecution] 070d8486-d915-4207-813d-4e7e9b8a0d10 [2026-09-14T10:36:17.067310] "src/gen/data/raven.hr-Departments.hdbtabledata", (STDOUT, APP/TASK/deploy)#
#2026 09 14 10:36:27.065#Z#DEBUG#b19c2800-b027-11f1-a9e7-eeee0a832ec0.capm-service-db-deployer#flowable-async-job-executor-thread-2156#
[PollExecuteTaskStatusExecution] 070d8486-d915-4207-813d-4e7e9b8a0d10 [2026-09-14T10:36:17.067322] "src/gen/data/raven.hr-Employees.csv", (STDOUT, APP/TASK/deploy)#
#2026 09 14 10:36:27.066#Z#DEBUG#b19c2800-b027-11f1-a9e7-eeee0a832ec0.capm-service-db-deployer#flowable-async-job-executor-thread-2156#
[PollExecuteTaskStatusExecution] 070d8486-d915-4207-813d-4e7e9b8a0d10 [2026-09-14T10:36:17.067325] "src/gen/data/raven.hr-Employees.hdbtabledata", (STDOUT, APP/TASK/deploy)#
#2026 09 14 10:36:27.066#Z#DEBUG#b19c2800-b027-11f1-a9e7-eeee0a832ec0.capm-service-db-deployer#flowable-async-job-executor-thread-2156#
[PollExecuteTaskStatusExecution] 070d8486-d915-4207-813d-4e7e9b8a0d10 [2026-09-14T10:36:17.067332] "src/gen/data/raven.hr-LeaveBalances.csv", (STDOUT, APP/TASK/deploy)#
#2026 09 14 10:36:27.066#Z#DEBUG#b19c2800-b027-11f1-a9e7-eeee0a832ec0.capm-service-db-deployer#flowable-async-job-executor-thread-2156#
[PollExecuteTaskStatusExecution] 070d8486-d915-4207-813d-4e7e9b8a0d10 [2026-09-14T10:36:17.067334] "src/gen/data/raven.hr-LeaveBalances.hdbtabledata", (STDOUT, APP/TASK/deploy)#
#2026 09 14 10:36:27.066#Z#DEBUG#b19c2800-b027-11f1-a9e7-eeee0a832ec0.capm-service-db-deployer#flowable-async-job-executor-thread-2156#
[PollExecuteTaskStatusExecution] 070d8486-d915-4207-813d-4e7e9b8a0d10 [2026-09-14T10:36:17.067338] "src/gen/data/raven.hr-LeaveRequests.csv", (STDOUT, APP/TASK/deploy)#
#2026 09 14 10:36:27.066#Z#DEBUG#b19c2800-b027-11f1-a9e7-eeee0a832ec0.capm-service-db-deployer#flowable-async-job-executor-thread-2156#
[PollExecuteTaskStatusExecution] 070d8486-d915-4207-813d-4e7e9b8a0d10 [2026-09-14T10:36:17.067340] "src/gen/data/raven.hr-LeaveRequests.hdbtabledata", (STDOUT, APP/TASK/deploy)#
#2026 09 14 10:36:27.066#Z#DEBUG#b19c2800-b027-11f1-a9e7-eeee0a832ec0.capm-service-db-deployer#flowable-async-job-executor-thread-2156#
[PollExecuteTaskStatusExecution] 070d8486-d915-4207-813d-4e7e9b8a0d10 [2026-09-14T10:36:17.067378] "src/gen/data/raven.hr-LeaveTypes.csv", (STDOUT, APP/TASK/deploy)#
#2026 09 14 10:36:27.066#Z#DEBUG#b19c2800-b027-11f1-a9e7-eeee0a832ec0.capm-service-db-deployer#flowable-async-job-executor-thread-2156#
[PollExecuteTaskStatusExecution] 070d8486-d915-4207-813d-4e7e9b8a0d10 [2026-09-14T10:36:17.067381] "src/gen/data/raven.hr-LeaveTypes.hdbtabledata" (STDOUT, APP/TASK/deploy)#
#2026 09 14 10:36:27.066#Z#DEBUG#b19c2800-b027-11f1-a9e7-eeee0a832ec0.capm-service-db-deployer#flowable-async-job-executor-thread-2156#
[PollExecuteTaskStatusExecution] 070d8486-d915-4207-813d-4e7e9b8a0d10 [2026-09-14T10:36:17.067383] ] (STDOUT, APP/TASK/deploy)#
#2026 09 14 10:36:27.066#Z#DEBUG#b19c2800-b027-11f1-a9e7-eeee0a832ec0.capm-service-db-deployer#flowable-async-job-executor-thread-2156#
[PollExecuteTaskStatusExecution] 070d8486-d915-4207-813d-4e7e9b8a0d10 [2026-09-14T10:36:17.067387] modified files: [ (STDOUT, APP/TASK/deploy)#
#2026 09 14 10:36:27.066#Z#DEBUG#b19c2800-b027-11f1-a9e7-eeee0a832ec0.capm-service-db-deployer#flowable-async-job-executor-thread-2156#
[PollExecuteTaskStatusExecution] 070d8486-d915-4207-813d-4e7e9b8a0d10 [2026-09-14T10:36:17.067389] "src/.hdiconfig", (STDOUT, APP/TASK/deploy)#
#2026 09 14 10:36:27.066#Z#DEBUG#b19c2800-b027-11f1-a9e7-eeee0a832ec0.capm-service-db-deployer#flowable-async-job-executor-thread-2156#
[PollExecuteTaskStatusExecution] 070d8486-d915-4207-813d-4e7e9b8a0d10 [2026-09-14T10:36:17.067395] "src/gen/.hdiconfig", (STDOUT, APP/TASK/deploy)#
#2026 09 14 10:36:27.066#Z#DEBUG#b19c2800-b027-11f1-a9e7-eeee0a832ec0.capm-service-db-deployer#flowable-async-job-executor-thread-2156#
[PollExecuteTaskStatusExecution] 070d8486-d915-4207-813d-4e7e9b8a0d10 [2026-09-14T10:36:17.067402] "src/gen/HRService.LeaveRequestOverview.hdbview", (STDOUT, APP/TASK/deploy)#
#2026 09 14 10:36:27.066#Z#DEBUG#b19c2800-b027-11f1-a9e7-eeee0a832ec0.capm-service-db-deployer#flowable-async-job-executor-thread-2156#
[PollExecuteTaskStatusExecution] 070d8486-d915-4207-813d-4e7e9b8a0d10 [2026-09-14T10:36:17.067404] "src/gen/raven.hr.Departments.hdbtable", (STDOUT, APP/TASK/deploy)#
#2026 09 14 10:36:27.066#Z#DEBUG#b19c2800-b027-11f1-a9e7-eeee0a832ec0.capm-service-db-deployer#flowable-async-job-executor-thread-2156#
[PollExecuteTaskStatusExecution] 070d8486-d915-4207-813d-4e7e9b8a0d10 [2026-09-14T10:36:17.067409] "src/gen/raven.hr.Employees.hdbtable", (STDOUT, APP/TASK/deploy)#
#2026 09 14 10:36:27.066#Z#DEBUG#b19c2800-b027-11f1-a9e7-eeee0a832ec0.capm-service-db-deployer#flowable-async-job-executor-thread-2156#
[PollExecuteTaskStatusExecution] 070d8486-d915-4207-813d-4e7e9b8a0d10 [2026-09-14T10:36:17.067411] "src/gen/raven.hr.LeaveBalances.hdbtable", (STDOUT, APP/TASK/deploy)#
#2026 09 14 10:36:27.066#Z#DEBUG#b19c2800-b027-11f1-a9e7-eeee0a832ec0.capm-service-db-deployer#flowable-async-job-executor-thread-2156#
[PollExecuteTaskStatusExecution] 070d8486-d915-4207-813d-4e7e9b8a0d10 [2026-09-14T10:36:17.067414] "src/gen/raven.hr.LeaveRequestAttachments.hdbtable", (STDOUT, APP/TASK/deploy)#
#2026 09 14 10:36:27.066#Z#DEBUG#b19c2800-b027-11f1-a9e7-eeee0a832ec0.capm-service-db-deployer#flowable-async-job-executor-thread-2156#
[PollExecuteTaskStatusExecution] 070d8486-d915-4207-813d-4e7e9b8a0d10 [2026-09-14T10:36:17.067416] "src/gen/raven.hr.LeaveRequestOverview.hdbview", (STDOUT, APP/TASK/deploy)#
#2026 09 14 10:36:27.066#Z#DEBUG#b19c2800-b027-11f1-a9e7-eeee0a832ec0.capm-service-db-deployer#flowable-async-job-executor-thread-2156#
[PollExecuteTaskStatusExecution] 070d8486-d915-4207-813d-4e7e9b8a0d10 [2026-09-14T10:36:17.067421] "src/gen/raven.hr.LeaveRequests.hdbtable", (STDOUT, APP/TASK/deploy)#
#2026 09 14 10:36:27.066#Z#DEBUG#b19c2800-b027-11f1-a9e7-eeee0a832ec0.capm-service-db-deployer#flowable-async-job-executor-thread-2156#
[PollExecuteTaskStatusExecution] 070d8486-d915-4207-813d-4e7e9b8a0d10 [2026-09-14T10:36:17.067423] "src/gen/raven.hr.LeaveTypes.hdbtable", (STDOUT, APP/TASK/deploy)#
#2026 09 14 10:36:27.066#Z#DEBUG#b19c2800-b027-11f1-a9e7-eeee0a832ec0.capm-service-db-deployer#flowable-async-job-executor-thread-2156#
[PollExecuteTaskStatusExecution] 070d8486-d915-4207-813d-4e7e9b8a0d10 [2026-09-14T10:36:17.067426] "src/leaveRequestNumber.hdbsequence", (STDOUT, APP/TASK/deploy)#
#2026 09 14 10:36:27.066#Z#DEBUG#b19c2800-b027-11f1-a9e7-eeee0a832ec0.capm-service-db-deployer#flowable-async-job-executor-thread-2156#
[PollExecuteTaskStatusExecution] 070d8486-d915-4207-813d-4e7e9b8a0d10 [2026-09-14T10:36:17.067430] "src/recalcLeaveBalance.hdbprocedure" (STDOUT, APP/TASK/deploy)#
#2026 09 14 10:36:27.066#Z#DEBUG#b19c2800-b027-11f1-a9e7-eeee0a832ec0.capm-service-db-deployer#flowable-async-job-executor-thread-2156#
[PollExecuteTaskStatusExecution] 070d8486-d915-4207-813d-4e7e9b8a0d10 [2026-09-14T10:36:17.067432] ] (STDOUT, APP/TASK/deploy)#
#2026 09 14 10:36:27.066#Z#DEBUG#b19c2800-b027-11f1-a9e7-eeee0a832ec0.capm-service-db-deployer#flowable-async-job-executor-thread-2156#
[PollExecuteTaskStatusExecution] 070d8486-d915-4207-813d-4e7e9b8a0d10 [2026-09-14T10:36:17.067451] deleted files: [] (STDOUT, APP/TASK/deploy)#
#2026 09 14 10:36:27.066#Z#DEBUG#b19c2800-b027-11f1-a9e7-eeee0a832ec0.capm-service-db-deployer#flowable-async-job-executor-thread-2156#
[PollExecuteTaskStatusExecution] 070d8486-d915-4207-813d-4e7e9b8a0d10 [2026-09-14T10:36:17.067467] 22 modified or added files are scheduled for deploy based on delta detection (STDOUT, APP/TASK/deploy)#
#2026 09 14 10:36:27.066#Z#DEBUG#b19c2800-b027-11f1-a9e7-eeee0a832ec0.capm-service-db-deployer#flowable-async-job-executor-thread-2156#
[PollExecuteTaskStatusExecution] 070d8486-d915-4207-813d-4e7e9b8a0d10 [2026-09-14T10:36:17.067753] 0 deleted files are scheduled for undeploy based on delta detection (filtered by undeploy allowlist) (STDOUT, APP/TASK/deploy)#
#2026 09 14 10:36:27.066#Z#DEBUG#b19c2800-b027-11f1-a9e7-eeee0a832ec0.capm-service-db-deployer#flowable-async-job-executor-thread-2156#
[PollExecuteTaskStatusExecution] 070d8486-d915-4207-813d-4e7e9b8a0d10 [2026-09-14T10:36:17.067950] 0 files are scheduled for deploy based on explicit specification (STDOUT, APP/TASK/deploy)#
#2026 09 14 10:36:27.066#Z#DEBUG#b19c2800-b027-11f1-a9e7-eeee0a832ec0.capm-service-db-deployer#flowable-async-job-executor-thread-2156#
[PollExecuteTaskStatusExecution] 070d8486-d915-4207-813d-4e7e9b8a0d10 [2026-09-14T10:36:17.067969] 0 files are scheduled for undeploy based on explicit specification (STDOUT, APP/TASK/deploy)#
#2026 09 14 10:36:27.066#Z#DEBUG#b19c2800-b027-11f1-a9e7-eeee0a832ec0.capm-service-db-deployer#flowable-async-job-executor-thread-2156#
[PollExecuteTaskStatusExecution] 070d8486-d915-4207-813d-4e7e9b8a0d10 [2026-09-14T10:36:17.068438] Deploying to the container "6A5478B8D26E43D8A56BA48D201A9E69"... (STDOUT, APP/TASK/deploy)#
#2026 09 14 10:36:27.066#Z#DEBUG#b19c2800-b027-11f1-a9e7-eeee0a832ec0.capm-service-db-deployer#flowable-async-job-executor-thread-2156#
[PollExecuteTaskStatusExecution] 070d8486-d915-4207-813d-4e7e9b8a0d10 [2026-09-14T10:36:17.697625] Polling messages for request id: 478 (STDOUT, APP/TASK/deploy)#
#2026 09 14 10:36:27.066#Z#DEBUG#b19c2800-b027-11f1-a9e7-eeee0a832ec0.capm-service-db-deployer#flowable-async-job-executor-thread-2156#
[PollExecuteTaskStatusExecution] 070d8486-d915-4207-813d-4e7e9b8a0d10 [2026-09-14T10:36:17.721467] Starting make in the container "6A5478B8D26E43D8A56BA48D201A9E69" with 22 files to deploy, 0 files to undeploy... (STDOUT, APP/TASK/deploy)#
#2026 09 14 10:36:27.066#Z#DEBUG#b19c2800-b027-11f1-a9e7-eeee0a832ec0.capm-service-db-deployer#flowable-async-job-executor-thread-2156#
[PollExecuteTaskStatusExecution] 070d8486-d915-4207-813d-4e7e9b8a0d10 [2026-09-14T10:36:17.721503] Disabling table replication for the container schema "6A5478B8D26E43D8A56BA48D201A9E69"... (STDOUT, APP/TASK/deploy)#
#2026 09 14 10:36:27.066#Z#DEBUG#b19c2800-b027-11f1-a9e7-eeee0a832ec0.capm-service-db-deployer#flowable-async-job-executor-thread-2156#
[PollExecuteTaskStatusExecution] 070d8486-d915-4207-813d-4e7e9b8a0d10 [2026-09-14T10:36:17.721528] Disabling table replication for the container schema "6A5478B8D26E43D8A56BA48D201A9E69"... ok (0s 17ms) (STDOUT, APP/TASK/deploy)#
#2026 09 14 10:36:27.066#Z#DEBUG#b19c2800-b027-11f1-a9e7-eeee0a832ec0.capm-service-db-deployer#flowable-async-job-executor-thread-2156#
[PollExecuteTaskStatusExecution] 070d8486-d915-4207-813d-4e7e9b8a0d10 [2026-09-14T10:36:17.721532] Migrating libraries... (STDOUT, APP/TASK/deploy)#
#2026 09 14 10:36:27.066#Z#DEBUG#b19c2800-b027-11f1-a9e7-eeee0a832ec0.capm-service-db-deployer#flowable-async-job-executor-thread-2156#
[PollExecuteTaskStatusExecution] 070d8486-d915-4207-813d-4e7e9b8a0d10 [2026-09-14T10:36:17.721638] Migrating libraries... ok (0s 24ms) (STDOUT, APP/TASK/deploy)#
#2026 09 14 10:36:27.066#Z#DEBUG#b19c2800-b027-11f1-a9e7-eeee0a832ec0.capm-service-db-deployer#flowable-async-job-executor-thread-2156#
[PollExecuteTaskStatusExecution] 070d8486-d915-4207-813d-4e7e9b8a0d10 [2026-09-14T10:36:17.721768] Making... (STDOUT, APP/TASK/deploy)#
#2026 09 14 10:36:27.066#Z#DEBUG#b19c2800-b027-11f1-a9e7-eeee0a832ec0.capm-service-db-deployer#flowable-async-job-executor-thread-2156#
[PollExecuteTaskStatusExecution] 070d8486-d915-4207-813d-4e7e9b8a0d10 [2026-09-14T10:36:17.721804] Preparing... (STDOUT, APP/TASK/deploy)#
#2026 09 14 10:36:27.066#Z#DEBUG#b19c2800-b027-11f1-a9e7-eeee0a832ec0.capm-service-db-deployer#flowable-async-job-executor-thread-2156#
[PollExecuteTaskStatusExecution] 070d8486-d915-4207-813d-4e7e9b8a0d10 [2026-09-14T10:36:17.721819] Preparing the make transaction... (STDOUT, APP/TASK/deploy)#
#2026 09 14 10:36:27.066#Z#DEBUG#b19c2800-b027-11f1-a9e7-eeee0a832ec0.capm-service-db-deployer#flowable-async-job-executor-thread-2156#
[PollExecuteTaskStatusExecution] 070d8486-d915-4207-813d-4e7e9b8a0d10 [2026-09-14T10:36:17.721954] Deploying the configuration file "src/.hdiconfig"... (STDOUT, APP/TASK/deploy)#
#2026 09 14 10:36:27.066#Z#DEBUG#b19c2800-b027-11f1-a9e7-eeee0a832ec0.capm-service-db-deployer#flowable-async-job-executor-thread-2156#
[PollExecuteTaskStatusExecution] 070d8486-d915-4207-813d-4e7e9b8a0d10 [2026-09-14T10:36:17.722164] Preparing the make transaction... ok (0s 25ms) (STDOUT, APP/TASK/deploy)#
#2026 09 14 10:36:27.066#Z#DEBUG#b19c2800-b027-11f1-a9e7-eeee0a832ec0.capm-service-db-deployer#flowable-async-job-executor-thread-2156#
[PollExecuteTaskStatusExecution] 070d8486-d915-4207-813d-4e7e9b8a0d10 [2026-09-14T10:36:17.722186] Deploying the configuration file "src/.hdiconfig"... ok (0s 12ms) (STDOUT, APP/TASK/deploy)#
#2026 09 14 10:36:27.066#Z#DEBUG#b19c2800-b027-11f1-a9e7-eeee0a832ec0.capm-service-db-deployer#flowable-async-job-executor-thread-2156#
[PollExecuteTaskStatusExecution] 070d8486-d915-4207-813d-4e7e9b8a0d10 [2026-09-14T10:36:17.722190] Deploying the configuration file "src/gen/.hdiconfig"... (STDOUT, APP/TASK/deploy)#
#2026 09 14 10:36:27.066#Z#DEBUG#b19c2800-b027-11f1-a9e7-eeee0a832ec0.capm-service-db-deployer#flowable-async-job-executor-thread-2156#
[PollExecuteTaskStatusExecution] 070d8486-d915-4207-813d-4e7e9b8a0d10 [2026-09-14T10:36:17.722216] Deploying the configuration file "src/gen/.hdiconfig"... ok (0s 7ms) (STDOUT, APP/TASK/deploy)#
#2026 09 14 10:36:27.066#Z#DEBUG#b19c2800-b027-11f1-a9e7-eeee0a832ec0.capm-service-db-deployer#flowable-async-job-executor-thread-2156#
[PollExecuteTaskStatusExecution] 070d8486-d915-4207-813d-4e7e9b8a0d10 [2026-09-14T10:36:17.722220] Adding "src/gen/HRService.LeaveRequestOverview.hdbview" for deploy... (STDOUT, APP/TASK/deploy)#
#2026 09 14 10:36:27.066#Z#DEBUG#b19c2800-b027-11f1-a9e7-eeee0a832ec0.capm-service-db-deployer#flowable-async-job-executor-thread-2156#
[PollExecuteTaskStatusExecution] 070d8486-d915-4207-813d-4e7e9b8a0d10 [2026-09-14T10:36:17.722228] Adding "src/gen/HRService.LeaveRequestOverview.hdbview" for deploy... ok (0s 3ms) (STDOUT, APP/TASK/deploy)#
#2026 09 14 10:36:27.066#Z#DEBUG#b19c2800-b027-11f1-a9e7-eeee0a832ec0.capm-service-db-deployer#flowable-async-job-executor-thread-2156#
[PollExecuteTaskStatusExecution] 070d8486-d915-4207-813d-4e7e9b8a0d10 [2026-09-14T10:36:17.722231] Adding "src/gen/data/raven.hr-Departments.csv" for deploy... (STDOUT, APP/TASK/deploy)#
#2026 09 14 10:36:27.066#Z#DEBUG#b19c2800-b027-11f1-a9e7-eeee0a832ec0.capm-service-db-deployer#flowable-async-job-executor-thread-2156#
[PollExecuteTaskStatusExecution] 070d8486-d915-4207-813d-4e7e9b8a0d10 [2026-09-14T10:36:17.722247] Adding "src/gen/data/raven.hr-Departments.csv" for deploy... ok (0s 4ms) (STDOUT, APP/TASK/deploy)#
#2026 09 14 10:36:27.066#Z#DEBUG#b19c2800-b027-11f1-a9e7-eeee0a832ec0.capm-service-db-deployer#flowable-async-job-executor-thread-2156#
[PollExecuteTaskStatusExecution] 070d8486-d915-4207-813d-4e7e9b8a0d10 [2026-09-14T10:36:17.722317] Adding "src/gen/data/raven.hr-Departments.hdbtabledata" for deploy... (STDOUT, APP/TASK/deploy)#
#2026 09 14 10:36:27.066#Z#DEBUG#b19c2800-b027-11f1-a9e7-eeee0a832ec0.capm-service-db-deployer#flowable-async-job-executor-thread-2156#
[PollExecuteTaskStatusExecution] 070d8486-d915-4207-813d-4e7e9b8a0d10 [2026-09-14T10:36:17.722323] Adding "src/gen/data/raven.hr-Departments.hdbtabledata" for deploy... ok (0s 0ms) (STDOUT, APP/TASK/deploy)#
#2026 09 14 10:36:27.066#Z#DEBUG#b19c2800-b027-11f1-a9e7-eeee0a832ec0.capm-service-db-deployer#flowable-async-job-executor-thread-2156#
[PollExecuteTaskStatusExecution] 070d8486-d915-4207-813d-4e7e9b8a0d10 [2026-09-14T10:36:17.722326] Adding "src/gen/data/raven.hr-Employees.csv" for deploy... (STDOUT, APP/TASK/deploy)#
#2026 09 14 10:36:27.066#Z#DEBUG#b19c2800-b027-11f1-a9e7-eeee0a832ec0.capm-service-db-deployer#flowable-async-job-executor-thread-2156#
[PollExecuteTaskStatusExecution] 070d8486-d915-4207-813d-4e7e9b8a0d10 [2026-09-14T10:36:17.722333] Adding "src/gen/data/raven.hr-Employees.csv" for deploy... ok (0s 0ms) (STDOUT, APP/TASK/deploy)#
#2026 09 14 10:36:27.066#Z#DEBUG#b19c2800-b027-11f1-a9e7-eeee0a832ec0.capm-service-db-deployer#flowable-async-job-executor-thread-2156#
[PollExecuteTaskStatusExecution] 070d8486-d915-4207-813d-4e7e9b8a0d10 [2026-09-14T10:36:17.722336] Adding "src/gen/data/raven.hr-Employees.hdbtabledata" for deploy... (STDOUT, APP/TASK/deploy)#
#2026 09 14 10:36:27.066#Z#DEBUG#b19c2800-b027-11f1-a9e7-eeee0a832ec0.capm-service-db-deployer#flowable-async-job-executor-thread-2156#
[PollExecuteTaskStatusExecution] 070d8486-d915-4207-813d-4e7e9b8a0d10 [2026-09-14T10:36:17.722348] Adding "src/gen/data/raven.hr-Employees.hdbtabledata" for deploy... ok (0s 0ms) (STDOUT, APP/TASK/deploy)#
#2026 09 14 10:36:27.066#Z#DEBUG#b19c2800-b027-11f1-a9e7-eeee0a832ec0.capm-service-db-deployer#flowable-async-job-executor-thread-2156#
[PollExecuteTaskStatusExecution] 070d8486-d915-4207-813d-4e7e9b8a0d10 [2026-09-14T10:36:17.722352] Adding "src/gen/data/raven.hr-LeaveBalances.csv" for deploy... (STDOUT, APP/TASK/deploy)#
#2026 09 14 10:36:27.066#Z#DEBUG#b19c2800-b027-11f1-a9e7-eeee0a832ec0.capm-service-db-deployer#flowable-async-job-executor-thread-2156#
[PollExecuteTaskStatusExecution] 070d8486-d915-4207-813d-4e7e9b8a0d10 [2026-09-14T10:36:17.722364] Adding "src/gen/data/raven.hr-LeaveBalances.csv" for deploy... ok (0s 0ms) (STDOUT, APP/TASK/deploy)#
#2026 09 14 10:36:27.066#Z#DEBUG#b19c2800-b027-11f1-a9e7-eeee0a832ec0.capm-service-db-deployer#flowable-async-job-executor-thread-2156#
[PollExecuteTaskStatusExecution] 070d8486-d915-4207-813d-4e7e9b8a0d10 [2026-09-14T10:36:17.722367] Adding "src/gen/data/raven.hr-LeaveBalances.hdbtabledata" for deploy... (STDOUT, APP/TASK/deploy)#
#2026 09 14 10:36:27.066#Z#DEBUG#b19c2800-b027-11f1-a9e7-eeee0a832ec0.capm-service-db-deployer#flowable-async-job-executor-thread-2156#
[PollExecuteTaskStatusExecution] 070d8486-d915-4207-813d-4e7e9b8a0d10 [2026-09-14T10:36:17.722374] Adding "src/gen/data/raven.hr-LeaveBalances.hdbtabledata" for deploy... ok (0s 0ms) (STDOUT, APP/TASK/deploy)#
#2026 09 14 10:36:27.066#Z#DEBUG#b19c2800-b027-11f1-a9e7-eeee0a832ec0.capm-service-db-deployer#flowable-async-job-executor-thread-2156#
[PollExecuteTaskStatusExecution] 070d8486-d915-4207-813d-4e7e9b8a0d10 [2026-09-14T10:36:17.722403] Adding "src/gen/data/raven.hr-LeaveRequests.csv" for deploy... (STDOUT, APP/TASK/deploy)#
#2026 09 14 10:36:27.066#Z#DEBUG#b19c2800-b027-11f1-a9e7-eeee0a832ec0.capm-service-db-deployer#flowable-async-job-executor-thread-2156#
[PollExecuteTaskStatusExecution] 070d8486-d915-4207-813d-4e7e9b8a0d10 [2026-09-14T10:36:17.722406] Adding "src/gen/data/raven.hr-LeaveRequests.csv" for deploy... ok (0s 0ms) (STDOUT, APP/TASK/deploy)#
#2026 09 14 10:36:27.066#Z#DEBUG#b19c2800-b027-11f1-a9e7-eeee0a832ec0.capm-service-db-deployer#flowable-async-job-executor-thread-2156#
[PollExecuteTaskStatusExecution] 070d8486-d915-4207-813d-4e7e9b8a0d10 [2026-09-14T10:36:17.722517] Adding "src/gen/data/raven.hr-LeaveRequests.hdbtabledata" for deploy... (STDOUT, APP/TASK/deploy)#
#2026 09 14 10:36:27.066#Z#DEBUG#b19c2800-b027-11f1-a9e7-eeee0a832ec0.capm-service-db-deployer#flowable-async-job-executor-thread-2156#
[PollExecuteTaskStatusExecution] 070d8486-d915-4207-813d-4e7e9b8a0d10 [2026-09-14T10:36:17.722583] Adding "src/gen/data/raven.hr-LeaveRequests.hdbtabledata" for deploy... ok (0s 0ms) (STDOUT, APP/TASK/deploy)#
#2026 09 14 10:36:27.066#Z#DEBUG#b19c2800-b027-11f1-a9e7-eeee0a832ec0.capm-service-db-deployer#flowable-async-job-executor-thread-2156#
[PollExecuteTaskStatusExecution] 070d8486-d915-4207-813d-4e7e9b8a0d10 [2026-09-14T10:36:17.724131] Adding "src/gen/data/raven.hr-LeaveTypes.csv" for deploy... (STDOUT, APP/TASK/deploy)#
#2026 09 14 10:36:27.066#Z#DEBUG#b19c2800-b027-11f1-a9e7-eeee0a832ec0.capm-service-db-deployer#flowable-async-job-executor-thread-2156#
[PollExecuteTaskStatusExecution] 070d8486-d915-4207-813d-4e7e9b8a0d10 [2026-09-14T10:36:17.724208] Adding "src/gen/data/raven.hr-LeaveTypes.csv" for deploy... ok (0s 0ms) (STDOUT, APP/TASK/deploy)#
#2026 09 14 10:36:27.066#Z#DEBUG#b19c2800-b027-11f1-a9e7-eeee0a832ec0.capm-service-db-deployer#flowable-async-job-executor-thread-2156#
[PollExecuteTaskStatusExecution] 070d8486-d915-4207-813d-4e7e9b8a0d10 [2026-09-14T10:36:17.724222] Adding "src/gen/data/raven.hr-LeaveTypes.hdbtabledata" for deploy... (STDOUT, APP/TASK/deploy)#
#2026 09 14 10:36:27.066#Z#DEBUG#b19c2800-b027-11f1-a9e7-eeee0a832ec0.capm-service-db-deployer#flowable-async-job-executor-thread-2156#
[PollExecuteTaskStatusExecution] 070d8486-d915-4207-813d-4e7e9b8a0d10 [2026-09-14T10:36:17.724299] Adding "src/gen/data/raven.hr-LeaveTypes.hdbtabledata" for deploy... ok (0s 0ms) (STDOUT, APP/TASK/deploy)#
#2026 09 14 10:36:27.066#Z#DEBUG#b19c2800-b027-11f1-a9e7-eeee0a832ec0.capm-service-db-deployer#flowable-async-job-executor-thread-2156#
[PollExecuteTaskStatusExecution] 070d8486-d915-4207-813d-4e7e9b8a0d10 [2026-09-14T10:36:17.724390] Adding "src/gen/raven.hr.Departments.hdbtable" for deploy... (STDOUT, APP/TASK/deploy)#
#2026 09 14 10:36:27.066#Z#DEBUG#b19c2800-b027-11f1-a9e7-eeee0a832ec0.capm-service-db-deployer#flowable-async-job-executor-thread-2156#
[PollExecuteTaskStatusExecution] 070d8486-d915-4207-813d-4e7e9b8a0d10 [2026-09-14T10:36:17.724401] Adding "src/gen/raven.hr.Departments.hdbtable" for deploy... ok (0s 0ms) (STDOUT, APP/TASK/deploy)#
#2026 09 14 10:36:27.066#Z#DEBUG#b19c2800-b027-11f1-a9e7-eeee0a832ec0.capm-service-db-deployer#flowable-async-job-executor-thread-2156#
[PollExecuteTaskStatusExecution] 070d8486-d915-4207-813d-4e7e9b8a0d10 [2026-09-14T10:36:17.724404] Adding "src/gen/raven.hr.Employees.hdbtable" for deploy... (STDOUT, APP/TASK/deploy)#
#2026 09 14 10:36:27.066#Z#DEBUG#b19c2800-b027-11f1-a9e7-eeee0a832ec0.capm-service-db-deployer#flowable-async-job-executor-thread-2156#
[PollExecuteTaskStatusExecution] 070d8486-d915-4207-813d-4e7e9b8a0d10 [2026-09-14T10:36:17.724448] Adding "src/gen/raven.hr.Employees.hdbtable" for deploy... ok (0s 0ms) (STDOUT, APP/TASK/deploy)#
#2026 09 14 10:36:27.066#Z#DEBUG#b19c2800-b027-11f1-a9e7-eeee0a832ec0.capm-service-db-deployer#flowable-async-job-executor-thread-2156#
[PollExecuteTaskStatusExecution] 070d8486-d915-4207-813d-4e7e9b8a0d10 [2026-09-14T10:36:17.724459] Adding "src/gen/raven.hr.LeaveBalances.hdbtable" for deploy... (STDOUT, APP/TASK/deploy)#
#2026 09 14 10:36:27.066#Z#DEBUG#b19c2800-b027-11f1-a9e7-eeee0a832ec0.capm-service-db-deployer#flowable-async-job-executor-thread-2156#
[PollExecuteTaskStatusExecution] 070d8486-d915-4207-813d-4e7e9b8a0d10 [2026-09-14T10:36:17.724462] Adding "src/gen/raven.hr.LeaveBalances.hdbtable" for deploy... ok (0s 0ms) (STDOUT, APP/TASK/deploy)#
#2026 09 14 10:36:27.066#Z#DEBUG#b19c2800-b027-11f1-a9e7-eeee0a832ec0.capm-service-db-deployer#flowable-async-job-executor-thread-2156#
[PollExecuteTaskStatusExecution] 070d8486-d915-4207-813d-4e7e9b8a0d10 [2026-09-14T10:36:17.724465] Adding "src/gen/raven.hr.LeaveRequestAttachments.hdbtable" for deploy... (STDOUT, APP/TASK/deploy)#
#2026 09 14 10:36:27.066#Z#DEBUG#b19c2800-b027-11f1-a9e7-eeee0a832ec0.capm-service-db-deployer#flowable-async-job-executor-thread-2156#
[PollExecuteTaskStatusExecution] 070d8486-d915-4207-813d-4e7e9b8a0d10 [2026-09-14T10:36:17.724561] Adding "src/gen/raven.hr.LeaveRequestAttachments.hdbtable" for deploy... ok (0s 0ms) (STDOUT, APP/TASK/deploy)#
#2026 09 14 10:36:27.066#Z#DEBUG#b19c2800-b027-11f1-a9e7-eeee0a832ec0.capm-service-db-deployer#flowable-async-job-executor-thread-2156#
[PollExecuteTaskStatusExecution] 070d8486-d915-4207-813d-4e7e9b8a0d10 [2026-09-14T10:36:17.724572] Adding "src/gen/raven.hr.LeaveRequestOverview.hdbview" for deploy... (STDOUT, APP/TASK/deploy)#
#2026 09 14 10:36:27.066#Z#DEBUG#b19c2800-b027-11f1-a9e7-eeee0a832ec0.capm-service-db-deployer#flowable-async-job-executor-thread-2156#
[PollExecuteTaskStatusExecution] 070d8486-d915-4207-813d-4e7e9b8a0d10 [2026-09-14T10:36:17.724575] Adding "src/gen/raven.hr.LeaveRequestOverview.hdbview" for deploy... ok (0s 0ms) (STDOUT, APP/TASK/deploy)#
#2026 09 14 10:36:27.066#Z#DEBUG#b19c2800-b027-11f1-a9e7-eeee0a832ec0.capm-service-db-deployer#flowable-async-job-executor-thread-2156#
[PollExecuteTaskStatusExecution] 070d8486-d915-4207-813d-4e7e9b8a0d10 [2026-09-14T10:36:17.724580] Adding "src/gen/raven.hr.LeaveRequests.hdbtable" for deploy... (STDOUT, APP/TASK/deploy)#
#2026 09 14 10:36:27.066#Z#DEBUG#b19c2800-b027-11f1-a9e7-eeee0a832ec0.capm-service-db-deployer#flowable-async-job-executor-thread-2156#
[PollExecuteTaskStatusExecution] 070d8486-d915-4207-813d-4e7e9b8a0d10 [2026-09-14T10:36:17.724657] Adding "src/gen/raven.hr.LeaveRequests.hdbtable" for deploy... ok (0s 0ms) (STDOUT, APP/TASK/deploy)#
#2026 09 14 10:36:27.066#Z#DEBUG#b19c2800-b027-11f1-a9e7-eeee0a832ec0.capm-service-db-deployer#flowable-async-job-executor-thread-2156#
[PollExecuteTaskStatusExecution] 070d8486-d915-4207-813d-4e7e9b8a0d10 [2026-09-14T10:36:17.724683] Adding "src/gen/raven.hr.LeaveTypes.hdbtable" for deploy... (STDOUT, APP/TASK/deploy)#
#2026 09 14 10:36:27.066#Z#DEBUG#b19c2800-b027-11f1-a9e7-eeee0a832ec0.capm-service-db-deployer#flowable-async-job-executor-thread-2156#
[PollExecuteTaskStatusExecution] 070d8486-d915-4207-813d-4e7e9b8a0d10 [2026-09-14T10:36:17.724686] Adding "src/gen/raven.hr.LeaveTypes.hdbtable" for deploy... ok (0s 0ms) (STDOUT, APP/TASK/deploy)#
#2026 09 14 10:36:27.066#Z#DEBUG#b19c2800-b027-11f1-a9e7-eeee0a832ec0.capm-service-db-deployer#flowable-async-job-executor-thread-2156#
[PollExecuteTaskStatusExecution] 070d8486-d915-4207-813d-4e7e9b8a0d10 [2026-09-14T10:36:17.724708] Adding "src/leaveRequestNumber.hdbsequence" for deploy... (STDOUT, APP/TASK/deploy)#
#2026 09 14 10:36:27.066#Z#DEBUG#b19c2800-b027-11f1-a9e7-eeee0a832ec0.capm-service-db-deployer#flowable-async-job-executor-thread-2156#
[PollExecuteTaskStatusExecution] 070d8486-d915-4207-813d-4e7e9b8a0d10 [2026-09-14T10:36:17.724717] Adding "src/leaveRequestNumber.hdbsequence" for deploy... ok (0s 1ms) (STDOUT, APP/TASK/deploy)#
#2026 09 14 10:36:27.066#Z#DEBUG#b19c2800-b027-11f1-a9e7-eeee0a832ec0.capm-service-db-deployer#flowable-async-job-executor-thread-2156#
[PollExecuteTaskStatusExecution] 070d8486-d915-4207-813d-4e7e9b8a0d10 [2026-09-14T10:36:17.724719] Adding "src/recalcLeaveBalance.hdbprocedure" for deploy... (STDOUT, APP/TASK/deploy)#
#2026 09 14 10:36:27.066#Z#DEBUG#b19c2800-b027-11f1-a9e7-eeee0a832ec0.capm-service-db-deployer#flowable-async-job-executor-thread-2156#
[PollExecuteTaskStatusExecution] 070d8486-d915-4207-813d-4e7e9b8a0d10 [2026-09-14T10:36:17.724721] Adding "src/recalcLeaveBalance.hdbprocedure" for deploy... ok (0s 0ms) (STDOUT, APP/TASK/deploy)#
#2026 09 14 10:36:27.066#Z#DEBUG#b19c2800-b027-11f1-a9e7-eeee0a832ec0.capm-service-db-deployer#flowable-async-job-executor-thread-2156#
[PollExecuteTaskStatusExecution] 070d8486-d915-4207-813d-4e7e9b8a0d10 [2026-09-14T10:36:17.724725] Preparing... ok (0s 114ms) (STDOUT, APP/TASK/deploy)#
#2026 09 14 10:36:27.066#Z#DEBUG#b19c2800-b027-11f1-a9e7-eeee0a832ec0.capm-service-db-deployer#flowable-async-job-executor-thread-2156#
[PollExecuteTaskStatusExecution] 070d8486-d915-4207-813d-4e7e9b8a0d10 [2026-09-14T10:36:17.724829] Calculating dependencies... (STDOUT, APP/TASK/deploy)#
#2026 09 14 10:36:27.066#Z#DEBUG#b19c2800-b027-11f1-a9e7-eeee0a832ec0.capm-service-db-deployer#flowable-async-job-executor-thread-2156#
[PollExecuteTaskStatusExecution] 070d8486-d915-4207-813d-4e7e9b8a0d10 [2026-09-14T10:36:17.724851] Expanding... (STDOUT, APP/TASK/deploy)#
#2026 09 14 10:36:27.066#Z#DEBUG#b19c2800-b027-11f1-a9e7-eeee0a832ec0.capm-service-db-deployer#flowable-async-job-executor-thread-2156#
[PollExecuteTaskStatusExecution] 070d8486-d915-4207-813d-4e7e9b8a0d10 [2026-09-14T10:36:17.724855] Expanding "src/gen/HRService.LeaveRequestOverview.hdbview"... (STDOUT, APP/TASK/deploy)#
#2026 09 14 10:36:27.066#Z#DEBUG#b19c2800-b027-11f1-a9e7-eeee0a832ec0.capm-service-db-deployer#flowable-async-job-executor-thread-2156#
[PollExecuteTaskStatusExecution] 070d8486-d915-4207-813d-4e7e9b8a0d10 [2026-09-14T10:36:17.724875] Expanding "src/gen/data/raven.hr-Departments.hdbtabledata"... (STDOUT, APP/TASK/deploy)#
#2026 09 14 10:36:27.066#Z#DEBUG#b19c2800-b027-11f1-a9e7-eeee0a832ec0.capm-service-db-deployer#flowable-async-job-executor-thread-2156#
[PollExecuteTaskStatusExecution] 070d8486-d915-4207-813d-4e7e9b8a0d10 [2026-09-14T10:36:17.724916] Expanding "src/gen/data/raven.hr-Employees.hdbtabledata"... (STDOUT, APP/TASK/deploy)#
#2026 09 14 10:36:27.066#Z#DEBUG#b19c2800-b027-11f1-a9e7-eeee0a832ec0.capm-service-db-deployer#flowable-async-job-executor-thread-2156#
[PollExecuteTaskStatusExecution] 070d8486-d915-4207-813d-4e7e9b8a0d10 [2026-09-14T10:36:17.724929] Expanding "src/gen/data/raven.hr-LeaveBalances.hdbtabledata"... (STDOUT, APP/TASK/deploy)#
#2026 09 14 10:36:27.066#Z#DEBUG#b19c2800-b027-11f1-a9e7-eeee0a832ec0.capm-service-db-deployer#flowable-async-job-executor-thread-2156#
[PollExecuteTaskStatusExecution] 070d8486-d915-4207-813d-4e7e9b8a0d10 [2026-09-14T10:36:17.724948] Expanding "src/gen/data/raven.hr-Departments.hdbtabledata"... ok (0s 6ms) (STDOUT, APP/TASK/deploy)#
#2026 09 14 10:36:27.066#Z#DEBUG#b19c2800-b027-11f1-a9e7-eeee0a832ec0.capm-service-db-deployer#flowable-async-job-executor-thread-2156#
[PollExecuteTaskStatusExecution] 070d8486-d915-4207-813d-4e7e9b8a0d10 [2026-09-14T10:36:17.724951] Expanding "src/gen/data/raven.hr-LeaveRequests.hdbtabledata"... (STDOUT, APP/TASK/deploy)#
#2026 09 14 10:36:27.066#Z#DEBUG#b19c2800-b027-11f1-a9e7-eeee0a832ec0.capm-service-db-deployer#flowable-async-job-executor-thread-2156#
[PollExecuteTaskStatusExecution] 070d8486-d915-4207-813d-4e7e9b8a0d10 [2026-09-14T10:36:17.725064] Expanding "src/gen/data/raven.hr-Employees.hdbtabledata"... ok (0s 8ms) (STDOUT, APP/TASK/deploy)#
#2026 09 14 10:36:27.066#Z#DEBUG#b19c2800-b027-11f1-a9e7-eeee0a832ec0.capm-service-db-deployer#flowable-async-job-executor-thread-2156#
[PollExecuteTaskStatusExecution] 070d8486-d915-4207-813d-4e7e9b8a0d10 [2026-09-14T10:36:17.725095] Expanding "src/gen/data/raven.hr-LeaveTypes.hdbtabledata"... (STDOUT, APP/TASK/deploy)#
#2026 09 14 10:36:27.066#Z#DEBUG#b19c2800-b027-11f1-a9e7-eeee0a832ec0.capm-service-db-deployer#flowable-async-job-executor-thread-2156#
[PollExecuteTaskStatusExecution] 070d8486-d915-4207-813d-4e7e9b8a0d10 [2026-09-14T10:36:17.725099] Expanding "src/gen/data/raven.hr-LeaveBalances.hdbtabledata"... ok (0s 6ms) (STDOUT, APP/TASK/deploy)#
#2026 09 14 10:36:27.066#Z#DEBUG#b19c2800-b027-11f1-a9e7-eeee0a832ec0.capm-service-db-deployer#flowable-async-job-executor-thread-2156#
[PollExecuteTaskStatusExecution] 070d8486-d915-4207-813d-4e7e9b8a0d10 [2026-09-14T10:36:17.725104] Expanding "src/gen/raven.hr.Departments.hdbtable"... (STDOUT, APP/TASK/deploy)#
#2026 09 14 10:36:27.066#Z#DEBUG#b19c2800-b027-11f1-a9e7-eeee0a832ec0.capm-service-db-deployer#flowable-async-job-executor-thread-2156#
[PollExecuteTaskStatusExecution] 070d8486-d915-4207-813d-4e7e9b8a0d10 [2026-09-14T10:36:17.725126] Expanding "src/gen/data/raven.hr-LeaveRequests.hdbtabledata"... ok (0s 6ms) (STDOUT, APP/TASK/deploy)#
#2026 09 14 10:36:27.066#Z#DEBUG#b19c2800-b027-11f1-a9e7-eeee0a832ec0.capm-service-db-deployer#flowable-async-job-executor-thread-2156#
[PollExecuteTaskStatusExecution] 070d8486-d915-4207-813d-4e7e9b8a0d10 [2026-09-14T10:36:17.725130] Expanding "src/gen/raven.hr.Employees.hdbtable"... (STDOUT, APP/TASK/deploy)#
#2026 09 14 10:36:27.066#Z#DEBUG#b19c2800-b027-11f1-a9e7-eeee0a832ec0.capm-service-db-deployer#flowable-async-job-executor-thread-2156#
[PollExecuteTaskStatusExecution] 070d8486-d915-4207-813d-4e7e9b8a0d10 [2026-09-14T10:36:17.725134] Expanding "src/gen/data/raven.hr-LeaveTypes.hdbtabledata"... ok (0s 3ms) (STDOUT, APP/TASK/deploy)#
#2026 09 14 10:36:27.066#Z#DEBUG#b19c2800-b027-11f1-a9e7-eeee0a832ec0.capm-service-db-deployer#flowable-async-job-executor-thread-2156#
[PollExecuteTaskStatusExecution] 070d8486-d915-4207-813d-4e7e9b8a0d10 [2026-09-14T10:36:17.725138] Expanding "src/gen/raven.hr.LeaveBalances.hdbtable"... (STDOUT, APP/TASK/deploy)#
#2026 09 14 10:36:27.066#Z#DEBUG#b19c2800-b027-11f1-a9e7-eeee0a832ec0.capm-service-db-deployer#flowable-async-job-executor-thread-2156#
[PollExecuteTaskStatusExecution] 070d8486-d915-4207-813d-4e7e9b8a0d10 [2026-09-14T10:36:17.725141] Expanding "src/gen/HRService.LeaveRequestOverview.hdbview"... ok (0s 16ms) (STDOUT, APP/TASK/deploy)#
#2026 09 14 10:36:27.066#Z#DEBUG#b19c2800-b027-11f1-a9e7-eeee0a832ec0.capm-service-db-deployer#flowable-async-job-executor-thread-2156#
[PollExecuteTaskStatusExecution] 070d8486-d915-4207-813d-4e7e9b8a0d10 [2026-09-14T10:36:17.725157] Expanding "src/gen/raven.hr.LeaveRequestAttachments.hdbtable"... (STDOUT, APP/TASK/deploy)#
#2026 09 14 10:36:27.066#Z#DEBUG#b19c2800-b027-11f1-a9e7-eeee0a832ec0.capm-service-db-deployer#flowable-async-job-executor-thread-2156#
[PollExecuteTaskStatusExecution] 070d8486-d915-4207-813d-4e7e9b8a0d10 [2026-09-14T10:36:17.726384] Expanding "src/gen/raven.hr.Departments.hdbtable"... ok (0s 17ms) (STDOUT, APP/TASK/deploy)#
#2026 09 14 10:36:27.066#Z#DEBUG#b19c2800-b027-11f1-a9e7-eeee0a832ec0.capm-service-db-deployer#flowable-async-job-executor-thread-2156#
[PollExecuteTaskStatusExecution] 070d8486-d915-4207-813d-4e7e9b8a0d10 [2026-09-14T10:36:17.726495] Expanding "src/gen/raven.hr.LeaveRequestOverview.hdbview"... (STDOUT, APP/TASK/deploy)#
#2026 09 14 10:36:27.066#Z#DEBUG#b19c2800-b027-11f1-a9e7-eeee0a832ec0.capm-service-db-deployer#flowable-async-job-executor-thread-2156#
[PollExecuteTaskStatusExecution] 070d8486-d915-4207-813d-4e7e9b8a0d10 [2026-09-14T10:36:17.726547] Expanding "src/gen/raven.hr.LeaveRequests.hdbtable"... (STDOUT, APP/TASK/deploy)#
#2026 09 14 10:36:27.066#Z#DEBUG#b19c2800-b027-11f1-a9e7-eeee0a832ec0.capm-service-db-deployer#flowable-async-job-executor-thread-2156#
[PollExecuteTaskStatusExecution] 070d8486-d915-4207-813d-4e7e9b8a0d10 [2026-09-14T10:36:18.745824] Expanding "src/gen/raven.hr.LeaveRequestAttachments.hdbtable"... ok (0s 19ms) (STDOUT, APP/TASK/deploy)#
#2026 09 14 10:36:27.066#Z#DEBUG#b19c2800-b027-11f1-a9e7-eeee0a832ec0.capm-service-db-deployer#flowable-async-job-executor-thread-2156#
[PollExecuteTaskStatusExecution] 070d8486-d915-4207-813d-4e7e9b8a0d10 [2026-09-14T10:36:18.745860] Expanding "src/gen/raven.hr.LeaveTypes.hdbtable"... (STDOUT, APP/TASK/deploy)#
#2026 09 14 10:36:27.066#Z#DEBUG#b19c2800-b027-11f1-a9e7-eeee0a832ec0.capm-service-db-deployer#flowable-async-job-executor-thread-2156#
[PollExecuteTaskStatusExecution] 070d8486-d915-4207-813d-4e7e9b8a0d10 [2026-09-14T10:36:18.745871] Expanding "src/gen/raven.hr.Employees.hdbtable"... ok (0s 20ms) (STDOUT, APP/TASK/deploy)#
#2026 09 14 10:36:27.066#Z#DEBUG#b19c2800-b027-11f1-a9e7-eeee0a832ec0.capm-service-db-deployer#flowable-async-job-executor-thread-2156#
[PollExecuteTaskStatusExecution] 070d8486-d915-4207-813d-4e7e9b8a0d10 [2026-09-14T10:36:18.745903] Expanding "src/gen/raven.hr.LeaveRequests.hdbtable"... ok (0s 11ms) (STDOUT, APP/TASK/deploy)#
#2026 09 14 10:36:27.066#Z#DEBUG#b19c2800-b027-11f1-a9e7-eeee0a832ec0.capm-service-db-deployer#flowable-async-job-executor-thread-2156#
[PollExecuteTaskStatusExecution] 070d8486-d915-4207-813d-4e7e9b8a0d10 [2026-09-14T10:36:18.745908] Expanding "src/gen/raven.hr.LeaveTypes.hdbtable"... ok (0s 10ms) (STDOUT, APP/TASK/deploy)#
#2026 09 14 10:36:27.066#Z#DEBUG#b19c2800-b027-11f1-a9e7-eeee0a832ec0.capm-service-db-deployer#flowable-async-job-executor-thread-2156#
[PollExecuteTaskStatusExecution] 070d8486-d915-4207-813d-4e7e9b8a0d10 [2026-09-14T10:36:18.745913] Expanding "src/gen/raven.hr.LeaveRequestOverview.hdbview"... ok (0s 17ms) (STDOUT, APP/TASK/deploy)#
#2026 09 14 10:36:27.066#Z#DEBUG#b19c2800-b027-11f1-a9e7-eeee0a832ec0.capm-service-db-deployer#flowable-async-job-executor-thread-2156#
[PollExecuteTaskStatusExecution] 070d8486-d915-4207-813d-4e7e9b8a0d10 [2026-09-14T10:36:18.745951] Expanding... ok (0s 84ms) (STDOUT, APP/TASK/deploy)#
#2026 09 14 10:36:27.066#Z#DEBUG#b19c2800-b027-11f1-a9e7-eeee0a832ec0.capm-service-db-deployer#flowable-async-job-executor-thread-2156#
[PollExecuteTaskStatusExecution] 070d8486-d915-4207-813d-4e7e9b8a0d10 [2026-09-14T10:36:18.746032] Precompiling... (STDOUT, APP/TASK/deploy)#
#2026 09 14 10:36:27.066#Z#DEBUG#b19c2800-b027-11f1-a9e7-eeee0a832ec0.capm-service-db-deployer#flowable-async-job-executor-thread-2156#
[PollExecuteTaskStatusExecution] 070d8486-d915-4207-813d-4e7e9b8a0d10 [2026-09-14T10:36:18.746059] Precompiling "src/gen/HRService.LeaveRequestOverview.hdbview"... (STDOUT, APP/TASK/deploy)#
#2026 09 14 10:36:27.066#Z#DEBUG#b19c2800-b027-11f1-a9e7-eeee0a832ec0.capm-service-db-deployer#flowable-async-job-executor-thread-2156#
[PollExecuteTaskStatusExecution] 070d8486-d915-4207-813d-4e7e9b8a0d10 [2026-09-14T10:36:18.746079] Precompiling "src/gen/data/raven.hr-Departments.csv"... (STDOUT, APP/TASK/deploy)#
#2026 09 14 10:36:27.066#Z#DEBUG#b19c2800-b027-11f1-a9e7-eeee0a832ec0.capm-service-db-deployer#flowable-async-job-executor-thread-2156#
[PollExecuteTaskStatusExecution] 070d8486-d915-4207-813d-4e7e9b8a0d10 [2026-09-14T10:36:18.746099] Precompiling "src/gen/data/raven.hr-Departments.hdbtabledata"... (STDOUT, APP/TASK/deploy)#
#2026 09 14 10:36:27.066#Z#DEBUG#b19c2800-b027-11f1-a9e7-eeee0a832ec0.capm-service-db-deployer#flowable-async-job-executor-thread-2156#
[PollExecuteTaskStatusExecution] 070d8486-d915-4207-813d-4e7e9b8a0d10 [2026-09-14T10:36:18.746169] Precompiling "src/gen/data/raven.hr-Departments.hdbtabledata"... ok (0s 0ms) (STDOUT, APP/TASK/deploy)#
#2026 09 14 10:36:27.066#Z#DEBUG#b19c2800-b027-11f1-a9e7-eeee0a832ec0.capm-service-db-deployer#flowable-async-job-executor-thread-2156#
[PollExecuteTaskStatusExecution] 070d8486-d915-4207-813d-4e7e9b8a0d10 [2026-09-14T10:36:18.746184] Precompiling "src/gen/data/raven.hr-Departments.hdbtabledata$0.expand"... (STDOUT, APP/TASK/deploy)#
#2026 09 14 10:36:27.066#Z#DEBUG#b19c2800-b027-11f1-a9e7-eeee0a832ec0.capm-service-db-deployer#flowable-async-job-executor-thread-2156#
[PollExecuteTaskStatusExecution] 070d8486-d915-4207-813d-4e7e9b8a0d10 [2026-09-14T10:36:18.746194] Expanded from "src/gen/data/raven.hr-Departments.hdbtabledata" (STDOUT, APP/TASK/deploy)#
#2026 09 14 10:36:27.066#Z#DEBUG#b19c2800-b027-11f1-a9e7-eeee0a832ec0.capm-service-db-deployer#flowable-async-job-executor-thread-2156#
[PollExecuteTaskStatusExecution] 070d8486-d915-4207-813d-4e7e9b8a0d10 [2026-09-14T10:36:18.746233] Precompiling "src/gen/data/raven.hr-Employees.csv"... (STDOUT, APP/TASK/deploy)#
#2026 09 14 10:36:27.066#Z#DEBUG#b19c2800-b027-11f1-a9e7-eeee0a832ec0.capm-service-db-deployer#flowable-async-job-executor-thread-2156#
[PollExecuteTaskStatusExecution] 070d8486-d915-4207-813d-4e7e9b8a0d10 [2026-09-14T10:36:18.746247] Precompiling "src/gen/data/raven.hr-Departments.hdbtabledata$0.expand"... ok (0s 1ms) (STDOUT, APP/TASK/deploy)#
#2026 09 14 10:36:27.066#Z#DEBUG#b19c2800-b027-11f1-a9e7-eeee0a832ec0.capm-service-db-deployer#flowable-async-job-executor-thread-2156#
[PollExecuteTaskStatusExecution] 070d8486-d915-4207-813d-4e7e9b8a0d10 [2026-09-14T10:36:18.746310] Precompiling "src/gen/data/raven.hr-Employees.hdbtabledata"... (STDOUT, APP/TASK/deploy)#
#2026 09 14 10:36:27.066#Z#DEBUG#b19c2800-b027-11f1-a9e7-eeee0a832ec0.capm-service-db-deployer#flowable-async-job-executor-thread-2156#
[PollExecuteTaskStatusExecution] 070d8486-d915-4207-813d-4e7e9b8a0d10 [2026-09-14T10:36:18.746334] Precompiling "src/gen/data/raven.hr-Employees.hdbtabledata"... ok (0s 0ms) (STDOUT, APP/TASK/deploy)#
#2026 09 14 10:36:27.066#Z#DEBUG#b19c2800-b027-11f1-a9e7-eeee0a832ec0.capm-service-db-deployer#flowable-async-job-executor-thread-2156#
[PollExecuteTaskStatusExecution] 070d8486-d915-4207-813d-4e7e9b8a0d10 [2026-09-14T10:36:18.746427] Precompiling "src/gen/data/raven.hr-Employees.hdbtabledata$0.expand"... (STDOUT, APP/TASK/deploy)#
#2026 09 14 10:36:27.066#Z#DEBUG#b19c2800-b027-11f1-a9e7-eeee0a832ec0.capm-service-db-deployer#flowable-async-job-executor-thread-2156#
[PollExecuteTaskStatusExecution] 070d8486-d915-4207-813d-4e7e9b8a0d10 [2026-09-14T10:36:18.746525] Expanded from "src/gen/data/raven.hr-Employees.hdbtabledata" (STDOUT, APP/TASK/deploy)#
#2026 09 14 10:36:27.066#Z#DEBUG#b19c2800-b027-11f1-a9e7-eeee0a832ec0.capm-service-db-deployer#flowable-async-job-executor-thread-2156#
[PollExecuteTaskStatusExecution] 070d8486-d915-4207-813d-4e7e9b8a0d10 [2026-09-14T10:36:18.746578] Precompiling "src/gen/data/raven.hr-Departments.csv"... ok (0s 4ms) (STDOUT, APP/TASK/deploy)#
#2026 09 14 10:36:27.066#Z#DEBUG#b19c2800-b027-11f1-a9e7-eeee0a832ec0.capm-service-db-deployer#flowable-async-job-executor-thread-2156#
[PollExecuteTaskStatusExecution] 070d8486-d915-4207-813d-4e7e9b8a0d10 [2026-09-14T10:36:18.746618] Precompiling "src/gen/data/raven.hr-LeaveBalances.csv"... (STDOUT, APP/TASK/deploy)#
#2026 09 14 10:36:27.066#Z#DEBUG#b19c2800-b027-11f1-a9e7-eeee0a832ec0.capm-service-db-deployer#flowable-async-job-executor-thread-2156#
[PollExecuteTaskStatusExecution] 070d8486-d915-4207-813d-4e7e9b8a0d10 [2026-09-14T10:36:18.746657] Precompiling "src/gen/data/raven.hr-Employees.hdbtabledata$0.expand"... ok (0s 2ms) (STDOUT, APP/TASK/deploy)#
#2026 09 14 10:36:27.066#Z#DEBUG#b19c2800-b027-11f1-a9e7-eeee0a832ec0.capm-service-db-deployer#flowable-async-job-executor-thread-2156#
[PollExecuteTaskStatusExecution] 070d8486-d915-4207-813d-4e7e9b8a0d10 [2026-09-14T10:36:18.746694] Precompiling "src/gen/data/raven.hr-LeaveBalances.hdbtabledata"... (STDOUT, APP/TASK/deploy)#
#2026 09 14 10:36:27.066#Z#DEBUG#b19c2800-b027-11f1-a9e7-eeee0a832ec0.capm-service-db-deployer#flowable-async-job-executor-thread-2156#
[PollExecuteTaskStatusExecution] 070d8486-d915-4207-813d-4e7e9b8a0d10 [2026-09-14T10:36:18.746734] Precompiling "src/gen/data/raven.hr-LeaveBalances.hdbtabledata"... ok (0s 0ms) (STDOUT, APP/TASK/deploy)#
#2026 09 14 10:36:27.066#Z#DEBUG#b19c2800-b027-11f1-a9e7-eeee0a832ec0.capm-service-db-deployer#flowable-async-job-executor-thread-2156#
[PollExecuteTaskStatusExecution] 070d8486-d915-4207-813d-4e7e9b8a0d10 [2026-09-14T10:36:18.746769] Precompiling "src/gen/data/raven.hr-LeaveBalances.hdbtabledata$0.expand"... (STDOUT, APP/TASK/deploy)#
#2026 09 14 10:36:27.066#Z#DEBUG#b19c2800-b027-11f1-a9e7-eeee0a832ec0.capm-service-db-deployer#flowable-async-job-executor-thread-2156#
[PollExecuteTaskStatusExecution] 070d8486-d915-4207-813d-4e7e9b8a0d10 [2026-09-14T10:36:18.746809] Expanded from "src/gen/data/raven.hr-LeaveBalances.hdbtabledata" (STDOUT, APP/TASK/deploy)#
#2026 09 14 10:36:27.066#Z#DEBUG#b19c2800-b027-11f1-a9e7-eeee0a832ec0.capm-service-db-deployer#flowable-async-job-executor-thread-2156#
[PollExecuteTaskStatusExecution] 070d8486-d915-4207-813d-4e7e9b8a0d10 [2026-09-14T10:36:18.746841] Precompiling "src/gen/data/raven.hr-Employees.csv"... ok (0s 4ms) (STDOUT, APP/TASK/deploy)#
#2026 09 14 10:36:27.066#Z#DEBUG#b19c2800-b027-11f1-a9e7-eeee0a832ec0.capm-service-db-deployer#flowable-async-job-executor-thread-2156#
[PollExecuteTaskStatusExecution] 070d8486-d915-4207-813d-4e7e9b8a0d10 [2026-09-14T10:36:18.746883] Precompiling "src/gen/data/raven.hr-LeaveRequests.csv"... (STDOUT, APP/TASK/deploy)#
#2026 09 14 10:36:27.066#Z#DEBUG#b19c2800-b027-11f1-a9e7-eeee0a832ec0.capm-service-db-deployer#flowable-async-job-executor-thread-2156#
[PollExecuteTaskStatusExecution] 070d8486-d915-4207-813d-4e7e9b8a0d10 [2026-09-14T10:36:18.746920] Precompiling "src/gen/data/raven.hr-LeaveBalances.csv"... ok (0s 2ms) (STDOUT, APP/TASK/deploy)#
#2026 09 14 10:36:27.066#Z#DEBUG#b19c2800-b027-11f1-a9e7-eeee0a832ec0.capm-service-db-deployer#flowable-async-job-executor-thread-2156#
[PollExecuteTaskStatusExecution] 070d8486-d915-4207-813d-4e7e9b8a0d10 [2026-09-14T10:36:18.746953] Precompiling "src/gen/data/raven.hr-LeaveRequests.hdbtabledata"... (STDOUT, APP/TASK/deploy)#
#2026 09 14 10:36:27.066#Z#DEBUG#b19c2800-b027-11f1-a9e7-eeee0a832ec0.capm-service-db-deployer#flowable-async-job-executor-thread-2156#
[PollExecuteTaskStatusExecution] 070d8486-d915-4207-813d-4e7e9b8a0d10 [2026-09-14T10:36:18.746995] Precompiling "src/gen/data/raven.hr-LeaveRequests.hdbtabledata"... ok (0s 0ms) (STDOUT, APP/TASK/deploy)#
#2026 09 14 10:36:27.066#Z#DEBUG#b19c2800-b027-11f1-a9e7-eeee0a832ec0.capm-service-db-deployer#flowable-async-job-executor-thread-2156#
[PollExecuteTaskStatusExecution] 070d8486-d915-4207-813d-4e7e9b8a0d10 [2026-09-14T10:36:18.747157] Precompiling "src/gen/data/raven.hr-LeaveRequests.csv"... ok (0s 2ms) (STDOUT, APP/TASK/deploy)#
#2026 09 14 10:36:27.066#Z#DEBUG#b19c2800-b027-11f1-a9e7-eeee0a832ec0.capm-service-db-deployer#flowable-async-job-executor-thread-2156#
[PollExecuteTaskStatusExecution] 070d8486-d915-4207-813d-4e7e9b8a0d10 [2026-09-14T10:36:18.747199] Precompiling "src/gen/data/raven.hr-LeaveTypes.csv"... (STDOUT, APP/TASK/deploy)#
#2026 09 14 10:36:27.066#Z#DEBUG#b19c2800-b027-11f1-a9e7-eeee0a832ec0.capm-service-db-deployer#flowable-async-job-executor-thread-2156#
[PollExecuteTaskStatusExecution] 070d8486-d915-4207-813d-4e7e9b8a0d10 [2026-09-14T10:36:18.747252] Precompiling "src/gen/data/raven.hr-LeaveRequests.hdbtabledata$0.expand"... (STDOUT, APP/TASK/deploy)#
#2026 09 14 10:36:27.066#Z#DEBUG#b19c2800-b027-11f1-a9e7-eeee0a832ec0.capm-service-db-deployer#flowable-async-job-executor-thread-2156#
[PollExecuteTaskStatusExecution] 070d8486-d915-4207-813d-4e7e9b8a0d10 [2026-09-14T10:36:18.747289] Expanded from "src/gen/data/raven.hr-LeaveRequests.hdbtabledata" (STDOUT, APP/TASK/deploy)#
#2026 09 14 10:36:27.066#Z#DEBUG#b19c2800-b027-11f1-a9e7-eeee0a832ec0.capm-service-db-deployer#flowable-async-job-executor-thread-2156#
[PollExecuteTaskStatusExecution] 070d8486-d915-4207-813d-4e7e9b8a0d10 [2026-09-14T10:36:18.747394] Precompiling "src/gen/data/raven.hr-LeaveBalances.hdbtabledata$0.expand"... ok (0s 3ms) (STDOUT, APP/TASK/deploy)#
#2026 09 14 10:36:27.066#Z#DEBUG#b19c2800-b027-11f1-a9e7-eeee0a832ec0.capm-service-db-deployer#flowable-async-job-executor-thread-2156#
[PollExecuteTaskStatusExecution] 070d8486-d915-4207-813d-4e7e9b8a0d10 [2026-09-14T10:36:18.747527] Precompiling "src/gen/data/raven.hr-LeaveTypes.hdbtabledata"... (STDOUT, APP/TASK/deploy)#
#2026 09 14 10:36:27.066#Z#DEBUG#b19c2800-b027-11f1-a9e7-eeee0a832ec0.capm-service-db-deployer#flowable-async-job-executor-thread-2156#
[PollExecuteTaskStatusExecution] 070d8486-d915-4207-813d-4e7e9b8a0d10 [2026-09-14T10:36:18.747568] Precompiling "src/gen/data/raven.hr-LeaveTypes.hdbtabledata"... ok (0s 0ms) (STDOUT, APP/TASK/deploy)#
#2026 09 14 10:36:27.066#Z#DEBUG#b19c2800-b027-11f1-a9e7-eeee0a832ec0.capm-service-db-deployer#flowable-async-job-executor-thread-2156#
[PollExecuteTaskStatusExecution] 070d8486-d915-4207-813d-4e7e9b8a0d10 [2026-09-14T10:36:18.747662] Precompiling "src/gen/data/raven.hr-LeaveTypes.hdbtabledata$0.expand"... (STDOUT, APP/TASK/deploy)#
#2026 09 14 10:36:27.066#Z#DEBUG#b19c2800-b027-11f1-a9e7-eeee0a832ec0.capm-service-db-deployer#flowable-async-job-executor-thread-2156#
[PollExecuteTaskStatusExecution] 070d8486-d915-4207-813d-4e7e9b8a0d10 [2026-09-14T10:36:18.747699] Expanded from "src/gen/data/raven.hr-LeaveTypes.hdbtabledata" (STDOUT, APP/TASK/deploy)#
#2026 09 14 10:36:27.066#Z#DEBUG#b19c2800-b027-11f1-a9e7-eeee0a832ec0.capm-service-db-deployer#flowable-async-job-executor-thread-2156#
[PollExecuteTaskStatusExecution] 070d8486-d915-4207-813d-4e7e9b8a0d10 [2026-09-14T10:36:18.747733] Precompiling "src/gen/data/raven.hr-LeaveTypes.csv"... ok (0s 2ms) (STDOUT, APP/TASK/deploy)#
#2026 09 14 10:36:27.066#Z#DEBUG#b19c2800-b027-11f1-a9e7-eeee0a832ec0.capm-service-db-deployer#flowable-async-job-executor-thread-2156#
[PollExecuteTaskStatusExecution] 070d8486-d915-4207-813d-4e7e9b8a0d10 [2026-09-14T10:36:18.747772] Precompiling "src/gen/raven.hr.Departments.hdbtable"... (STDOUT, APP/TASK/deploy)#
#2026 09 14 10:36:27.066#Z#DEBUG#b19c2800-b027-11f1-a9e7-eeee0a832ec0.capm-service-db-deployer#flowable-async-job-executor-thread-2156#
[PollExecuteTaskStatusExecution] 070d8486-d915-4207-813d-4e7e9b8a0d10 [2026-09-14T10:36:18.747848] Precompiling "src/gen/data/raven.hr-LeaveRequests.hdbtabledata$0.expand"... ok (0s 2ms) (STDOUT, APP/TASK/deploy)#
#2026 09 14 10:36:27.066#Z#DEBUG#b19c2800-b027-11f1-a9e7-eeee0a832ec0.capm-service-db-deployer#flowable-async-job-executor-thread-2156#
[PollExecuteTaskStatusExecution] 070d8486-d915-4207-813d-4e7e9b8a0d10 [2026-09-14T10:36:18.747947] Precompiling "src/gen/raven.hr.Employees.hdbtable"... (STDOUT, APP/TASK/deploy)#
#2026 09 14 10:36:27.066#Z#DEBUG#b19c2800-b027-11f1-a9e7-eeee0a832ec0.capm-service-db-deployer#flowable-async-job-executor-thread-2156#
[PollExecuteTaskStatusExecution] 070d8486-d915-4207-813d-4e7e9b8a0d10 [2026-09-14T10:36:18.747983] Precompiling "src/gen/data/raven.hr-LeaveTypes.hdbtabledata$0.expand"... ok (0s 4ms) (STDOUT, APP/TASK/deploy)#
#2026 09 14 10:36:27.066#Z#DEBUG#b19c2800-b027-11f1-a9e7-eeee0a832ec0.capm-service-db-deployer#flowable-async-job-executor-thread-2156#
[PollExecuteTaskStatusExecution] 070d8486-d915-4207-813d-4e7e9b8a0d10 [2026-09-14T10:36:18.748024] Precompiling "src/gen/raven.hr.LeaveBalances.hdbtable"... (STDOUT, APP/TASK/deploy)#
#2026 09 14 10:36:27.066#Z#DEBUG#b19c2800-b027-11f1-a9e7-eeee0a832ec0.capm-service-db-deployer#flowable-async-job-executor-thread-2156#
[PollExecuteTaskStatusExecution] 070d8486-d915-4207-813d-4e7e9b8a0d10 [2026-09-14T10:36:18.748107] Precompiling "src/gen/HRService.LeaveRequestOverview.hdbview"... ok (0s 17ms) (STDOUT, APP/TASK/deploy)#
#2026 09 14 10:36:27.066#Z#DEBUG#b19c2800-b027-11f1-a9e7-eeee0a832ec0.capm-service-db-deployer#flowable-async-job-executor-thread-2156#
[PollExecuteTaskStatusExecution] 070d8486-d915-4207-813d-4e7e9b8a0d10 [2026-09-14T10:36:18.748148] Precompiling "src/gen/raven.hr.LeaveRequestAttachments.hdbtable"... (STDOUT, APP/TASK/deploy)#
#2026 09 14 10:36:27.066#Z#DEBUG#b19c2800-b027-11f1-a9e7-eeee0a832ec0.capm-service-db-deployer#flowable-async-job-executor-thread-2156#
[PollExecuteTaskStatusExecution] 070d8486-d915-4207-813d-4e7e9b8a0d10 [2026-09-14T10:36:18.748237] Precompiling "src/gen/raven.hr.Departments.hdbtable"... ok (0s 16ms) (STDOUT, APP/TASK/deploy)#
#2026 09 14 10:36:27.066#Z#DEBUG#b19c2800-b027-11f1-a9e7-eeee0a832ec0.capm-service-db-deployer#flowable-async-job-executor-thread-2156#
[PollExecuteTaskStatusExecution] 070d8486-d915-4207-813d-4e7e9b8a0d10 [2026-09-14T10:36:18.748294] Precompiling "src/gen/raven.hr.LeaveRequestOverview.hdbview"... (STDOUT, APP/TASK/deploy)#
#2026 09 14 10:36:27.066#Z#DEBUG#b19c2800-b027-11f1-a9e7-eeee0a832ec0.capm-service-db-deployer#flowable-async-job-executor-thread-2156#
[PollExecuteTaskStatusExecution] 070d8486-d915-4207-813d-4e7e9b8a0d10 [2026-09-14T10:36:18.748342] Precompiling "src/gen/raven.hr.LeaveRequestAttachments.hdbtable"... ok (0s 14ms) (STDOUT, APP/TASK/deploy)#
#2026 09 14 10:36:27.066#Z#DEBUG#b19c2800-b027-11f1-a9e7-eeee0a832ec0.capm-service-db-deployer#flowable-async-job-executor-thread-2156#
[PollExecuteTaskStatusExecution] 070d8486-d915-4207-813d-4e7e9b8a0d10 [2026-09-14T10:36:18.748389] Precompiling "src/gen/raven.hr.Employees.hdbtable"... ok (0s 18ms) (STDOUT, APP/TASK/deploy)#
#2026 09 14 10:36:27.066#Z#DEBUG#b19c2800-b027-11f1-a9e7-eeee0a832ec0.capm-service-db-deployer#flowable-async-job-executor-thread-2156#
[PollExecuteTaskStatusExecution] 070d8486-d915-4207-813d-4e7e9b8a0d10 [2026-09-14T10:36:18.748429] Precompiling "src/gen/raven.hr.LeaveRequests.hdbtable"... (STDOUT, APP/TASK/deploy)#
#2026 09 14 10:36:27.066#Z#DEBUG#b19c2800-b027-11f1-a9e7-eeee0a832ec0.capm-service-db-deployer#flowable-async-job-executor-thread-2156#
[PollExecuteTaskStatusExecution] 070d8486-d915-4207-813d-4e7e9b8a0d10 [2026-09-14T10:36:18.748517] Precompiling "src/gen/raven.hr.LeaveTypes.hdbtable"... (STDOUT, APP/TASK/deploy)#
#2026 09 14 10:36:27.066#Z#DEBUG#b19c2800-b027-11f1-a9e7-eeee0a832ec0.capm-service-db-deployer#flowable-async-job-executor-thread-2156#
[PollExecuteTaskStatusExecution] 070d8486-d915-4207-813d-4e7e9b8a0d10 [2026-09-14T10:36:18.748582] Precompiling "src/gen/raven.hr.LeaveBalances.hdbtable"... ok (0s 17ms) (STDOUT, APP/TASK/deploy)#
#2026 09 14 10:36:27.066#Z#DEBUG#b19c2800-b027-11f1-a9e7-eeee0a832ec0.capm-service-db-deployer#flowable-async-job-executor-thread-2156#
[PollExecuteTaskStatusExecution] 070d8486-d915-4207-813d-4e7e9b8a0d10 [2026-09-14T10:36:18.748685] Precompiling "src/leaveRequestNumber.hdbsequence"... (STDOUT, APP/TASK/deploy)#
#2026 09 14 10:36:27.066#Z#DEBUG#b19c2800-b027-11f1-a9e7-eeee0a832ec0.capm-service-db-deployer#flowable-async-job-executor-thread-2156#
[PollExecuteTaskStatusExecution] 070d8486-d915-4207-813d-4e7e9b8a0d10 [2026-09-14T10:36:18.748725] Precompiling "src/leaveRequestNumber.hdbsequence"... ok (0s 12ms) (STDOUT, APP/TASK/deploy)#
#2026 09 14 10:36:27.066#Z#DEBUG#b19c2800-b027-11f1-a9e7-eeee0a832ec0.capm-service-db-deployer#flowable-async-job-executor-thread-2156#
[PollExecuteTaskStatusExecution] 070d8486-d915-4207-813d-4e7e9b8a0d10 [2026-09-14T10:36:18.748859] Precompiling "src/recalcLeaveBalance.hdbprocedure"... (STDOUT, APP/TASK/deploy)#
#2026 09 14 10:36:27.066#Z#DEBUG#b19c2800-b027-11f1-a9e7-eeee0a832ec0.capm-service-db-deployer#flowable-async-job-executor-thread-2156#
[PollExecuteTaskStatusExecution] 070d8486-d915-4207-813d-4e7e9b8a0d10 [2026-09-14T10:36:18.748982] Precompiling "src/gen/raven.hr.LeaveRequests.hdbtable"... ok (0s 14ms) (STDOUT, APP/TASK/deploy)#
#2026 09 14 10:36:27.066#Z#DEBUG#b19c2800-b027-11f1-a9e7-eeee0a832ec0.capm-service-db-deployer#flowable-async-job-executor-thread-2156#
[PollExecuteTaskStatusExecution] 070d8486-d915-4207-813d-4e7e9b8a0d10 [2026-09-14T10:36:18.749086] Precompiling "src/gen/raven.hr.LeaveTypes.hdbtable"... ok (0s 15ms) (STDOUT, APP/TASK/deploy)#
#2026 09 14 10:36:27.066#Z#DEBUG#b19c2800-b027-11f1-a9e7-eeee0a832ec0.capm-service-db-deployer#flowable-async-job-executor-thread-2156#
[PollExecuteTaskStatusExecution] 070d8486-d915-4207-813d-4e7e9b8a0d10 [2026-09-14T10:36:18.749215] Precompiling "src/gen/raven.hr.LeaveRequestOverview.hdbview"... ok (0s 17ms) (STDOUT, APP/TASK/deploy)#
#2026 09 14 10:36:27.066#Z#DEBUG#b19c2800-b027-11f1-a9e7-eeee0a832ec0.capm-service-db-deployer#flowable-async-job-executor-thread-2156#
[PollExecuteTaskStatusExecution] 070d8486-d915-4207-813d-4e7e9b8a0d10 [2026-09-14T10:36:18.749227] Precompiling "src/recalcLeaveBalance.hdbprocedure"... ok (0s 7ms) (STDOUT, APP/TASK/deploy)#
#2026 09 14 10:36:27.066#Z#DEBUG#b19c2800-b027-11f1-a9e7-eeee0a832ec0.capm-service-db-deployer#flowable-async-job-executor-thread-2156#
[PollExecuteTaskStatusExecution] 070d8486-d915-4207-813d-4e7e9b8a0d10 [2026-09-14T10:36:18.749317] Precompiling... ok (0s 83ms) (STDOUT, APP/TASK/deploy)#
#2026 09 14 10:36:27.066#Z#DEBUG#b19c2800-b027-11f1-a9e7-eeee0a832ec0.capm-service-db-deployer#flowable-async-job-executor-thread-2156#
[PollExecuteTaskStatusExecution] 070d8486-d915-4207-813d-4e7e9b8a0d10 [2026-09-14T10:36:18.750188] Merging... (STDOUT, APP/TASK/deploy)#
#2026 09 14 10:36:27.066#Z#DEBUG#b19c2800-b027-11f1-a9e7-eeee0a832ec0.capm-service-db-deployer#flowable-async-job-executor-thread-2156#
[PollExecuteTaskStatusExecution] 070d8486-d915-4207-813d-4e7e9b8a0d10 [2026-09-14T10:36:18.750482] Merging... ok (0s 29ms) (STDOUT, APP/TASK/deploy)#
#2026 09 14 10:36:27.066#Z#DEBUG#b19c2800-b027-11f1-a9e7-eeee0a832ec0.capm-service-db-deployer#flowable-async-job-executor-thread-2156#
[PollExecuteTaskStatusExecution] 070d8486-d915-4207-813d-4e7e9b8a0d10 [2026-09-14T10:36:18.750833] Calculating dependencies... ok (0s 196ms) (STDOUT, APP/TASK/deploy)#
#2026 09 14 10:36:27.066#Z#DEBUG#b19c2800-b027-11f1-a9e7-eeee0a832ec0.capm-service-db-deployer#flowable-async-job-executor-thread-2156#
[PollExecuteTaskStatusExecution] 070d8486-d915-4207-813d-4e7e9b8a0d10 [2026-09-14T10:36:18.750942] Processing work list... (STDOUT, APP/TASK/deploy)#
#2026 09 14 10:36:27.066#Z#DEBUG#b19c2800-b027-11f1-a9e7-eeee0a832ec0.capm-service-db-deployer#flowable-async-job-executor-thread-2156#
[PollExecuteTaskStatusExecution] 070d8486-d915-4207-813d-4e7e9b8a0d10 [2026-09-14T10:36:18.751209] Undeploying "src/gen/HRService.LeaveRequestOverview.hdbview"... (STDOUT, APP/TASK/deploy)#
#2026 09 14 10:36:27.066#Z#DEBUG#b19c2800-b027-11f1-a9e7-eeee0a832ec0.capm-service-db-deployer#flowable-async-job-executor-thread-2156#
[PollExecuteTaskStatusExecution] 070d8486-d915-4207-813d-4e7e9b8a0d10 [2026-09-14T10:36:18.751320] Deploying "src/gen/data/raven.hr-Departments.csv"... (STDOUT, APP/TASK/deploy)#
#2026 09 14 10:36:27.066#Z#DEBUG#b19c2800-b027-11f1-a9e7-eeee0a832ec0.capm-service-db-deployer#flowable-async-job-executor-thread-2156#
[PollExecuteTaskStatusExecution] 070d8486-d915-4207-813d-4e7e9b8a0d10 [2026-09-14T10:36:18.751409] Deploying "src/gen/data/raven.hr-Departments.hdbtabledata"... (STDOUT, APP/TASK/deploy)#
#2026 09 14 10:36:27.066#Z#DEBUG#b19c2800-b027-11f1-a9e7-eeee0a832ec0.capm-service-db-deployer#flowable-async-job-executor-thread-2156#
[PollExecuteTaskStatusExecution] 070d8486-d915-4207-813d-4e7e9b8a0d10 [2026-09-14T10:36:18.751516] Deploying "src/gen/data/raven.hr-Departments.hdbtabledata"... ok (0s 1ms) (STDOUT, APP/TASK/deploy)#
#2026 09 14 10:36:27.066#Z#DEBUG#b19c2800-b027-11f1-a9e7-eeee0a832ec0.capm-service-db-deployer#flowable-async-job-executor-thread-2156#
[PollExecuteTaskStatusExecution] 070d8486-d915-4207-813d-4e7e9b8a0d10 [2026-09-14T10:36:18.751587] Deploying "src/gen/data/raven.hr-Employees.csv"... (STDOUT, APP/TASK/deploy)#
#2026 09 14 10:36:27.066#Z#DEBUG#b19c2800-b027-11f1-a9e7-eeee0a832ec0.capm-service-db-deployer#flowable-async-job-executor-thread-2156#
[PollExecuteTaskStatusExecution] 070d8486-d915-4207-813d-4e7e9b8a0d10 [2026-09-14T10:36:18.762840] Deploying "src/gen/data/raven.hr-Departments.csv"... ok (0s 140ms) (STDOUT, APP/TASK/deploy)#
#2026 09 14 10:36:27.066#Z#DEBUG#b19c2800-b027-11f1-a9e7-eeee0a832ec0.capm-service-db-deployer#flowable-async-job-executor-thread-2156#
[PollExecuteTaskStatusExecution] 070d8486-d915-4207-813d-4e7e9b8a0d10 [2026-09-14T10:36:18.763133] Deploying "src/gen/data/raven.hr-Employees.hdbtabledata"... (STDOUT, APP/TASK/deploy)#
#2026 09 14 10:36:27.066#Z#DEBUG#b19c2800-b027-11f1-a9e7-eeee0a832ec0.capm-service-db-deployer#flowable-async-job-executor-thread-2156#
[PollExecuteTaskStatusExecution] 070d8486-d915-4207-813d-4e7e9b8a0d10 [2026-09-14T10:36:18.763241] Deploying "src/gen/data/raven.hr-Employees.hdbtabledata"... ok (0s 0ms) (STDOUT, APP/TASK/deploy)#
#2026 09 14 10:36:27.066#Z#DEBUG#b19c2800-b027-11f1-a9e7-eeee0a832ec0.capm-service-db-deployer#flowable-async-job-executor-thread-2156#
[PollExecuteTaskStatusExecution] 070d8486-d915-4207-813d-4e7e9b8a0d10 [2026-09-14T10:36:18.763346] Deploying "src/gen/data/raven.hr-LeaveBalances.csv"... (STDOUT, APP/TASK/deploy)#
#2026 09 14 10:36:27.066#Z#DEBUG#b19c2800-b027-11f1-a9e7-eeee0a832ec0.capm-service-db-deployer#flowable-async-job-executor-thread-2156#
[PollExecuteTaskStatusExecution] 070d8486-d915-4207-813d-4e7e9b8a0d10 [2026-09-14T10:36:18.763462] Deploying "src/gen/data/raven.hr-Employees.csv"... ok (0s 139ms) (STDOUT, APP/TASK/deploy)#
#2026 09 14 10:36:27.066#Z#DEBUG#b19c2800-b027-11f1-a9e7-eeee0a832ec0.capm-service-db-deployer#flowable-async-job-executor-thread-2156#
[PollExecuteTaskStatusExecution] 070d8486-d915-4207-813d-4e7e9b8a0d10 [2026-09-14T10:36:18.763567] Deploying "src/gen/data/raven.hr-LeaveBalances.hdbtabledata"... (STDOUT, APP/TASK/deploy)#
#2026 09 14 10:36:27.066#Z#DEBUG#b19c2800-b027-11f1-a9e7-eeee0a832ec0.capm-service-db-deployer#flowable-async-job-executor-thread-2156#
[PollExecuteTaskStatusExecution] 070d8486-d915-4207-813d-4e7e9b8a0d10 [2026-09-14T10:36:18.763671] Deploying "src/gen/data/raven.hr-LeaveBalances.hdbtabledata"... ok (0s 0ms) (STDOUT, APP/TASK/deploy)#
#2026 09 14 10:36:27.066#Z#DEBUG#b19c2800-b027-11f1-a9e7-eeee0a832ec0.capm-service-db-deployer#flowable-async-job-executor-thread-2156#
[PollExecuteTaskStatusExecution] 070d8486-d915-4207-813d-4e7e9b8a0d10 [2026-09-14T10:36:18.763754] Deploying "src/gen/data/raven.hr-LeaveRequests.csv"... (STDOUT, APP/TASK/deploy)#
#2026 09 14 10:36:27.066#Z#DEBUG#b19c2800-b027-11f1-a9e7-eeee0a832ec0.capm-service-db-deployer#flowable-async-job-executor-thread-2156#
[PollExecuteTaskStatusExecution] 070d8486-d915-4207-813d-4e7e9b8a0d10 [2026-09-14T10:36:18.763862] Deploying "src/gen/data/raven.hr-LeaveBalances.csv"... ok (0s 8ms) (STDOUT, APP/TASK/deploy)#
#2026 09 14 10:36:27.066#Z#DEBUG#b19c2800-b027-11f1-a9e7-eeee0a832ec0.capm-service-db-deployer#flowable-async-job-executor-thread-2156#
[PollExecuteTaskStatusExecution] 070d8486-d915-4207-813d-4e7e9b8a0d10 [2026-09-14T10:36:18.764340] Deploying "src/gen/data/raven.hr-LeaveRequests.hdbtabledata"... (STDOUT, APP/TASK/deploy)#
#2026 09 14 10:36:27.066#Z#DEBUG#b19c2800-b027-11f1-a9e7-eeee0a832ec0.capm-service-db-deployer#flowable-async-job-executor-thread-2156#
[PollExecuteTaskStatusExecution] 070d8486-d915-4207-813d-4e7e9b8a0d10 [2026-09-14T10:36:18.764478] Deploying "src/gen/data/raven.hr-LeaveRequests.hdbtabledata"... ok (0s 0ms) (STDOUT, APP/TASK/deploy)#
#2026 09 14 10:36:27.066#Z#DEBUG#b19c2800-b027-11f1-a9e7-eeee0a832ec0.capm-service-db-deployer#flowable-async-job-executor-thread-2156#
[PollExecuteTaskStatusExecution] 070d8486-d915-4207-813d-4e7e9b8a0d10 [2026-09-14T10:36:18.764580] Deploying "src/gen/data/raven.hr-LeaveTypes.csv"... (STDOUT, APP/TASK/deploy)#
#2026 09 14 10:36:27.066#Z#DEBUG#b19c2800-b027-11f1-a9e7-eeee0a832ec0.capm-service-db-deployer#flowable-async-job-executor-thread-2156#
[PollExecuteTaskStatusExecution] 070d8486-d915-4207-813d-4e7e9b8a0d10 [2026-09-14T10:36:18.764636] Deploying "src/gen/data/raven.hr-LeaveRequests.csv"... ok (0s 8ms) (STDOUT, APP/TASK/deploy)#
#2026 09 14 10:36:27.066#Z#DEBUG#b19c2800-b027-11f1-a9e7-eeee0a832ec0.capm-service-db-deployer#flowable-async-job-executor-thread-2156#
[PollExecuteTaskStatusExecution] 070d8486-d915-4207-813d-4e7e9b8a0d10 [2026-09-14T10:36:18.764764] Undeploying "src/gen/HRService.LeaveRequestOverview.hdbview"... ok (0s 152ms) (STDOUT, APP/TASK/deploy)#
#2026 09 14 10:36:27.066#Z#DEBUG#b19c2800-b027-11f1-a9e7-eeee0a832ec0.capm-service-db-deployer#flowable-async-job-executor-thread-2156#
[PollExecuteTaskStatusExecution] 070d8486-d915-4207-813d-4e7e9b8a0d10 [2026-09-14T10:36:18.764853] Deploying "src/gen/data/raven.hr-LeaveTypes.hdbtabledata"... (STDOUT, APP/TASK/deploy)#
#2026 09 14 10:36:27.066#Z#DEBUG#b19c2800-b027-11f1-a9e7-eeee0a832ec0.capm-service-db-deployer#flowable-async-job-executor-thread-2156#
[PollExecuteTaskStatusExecution] 070d8486-d915-4207-813d-4e7e9b8a0d10 [2026-09-14T10:36:18.764895] Deploying "src/gen/data/raven.hr-LeaveTypes.hdbtabledata"... ok (0s 0ms) (STDOUT, APP/TASK/deploy)#
#2026 09 14 10:36:27.066#Z#DEBUG#b19c2800-b027-11f1-a9e7-eeee0a832ec0.capm-service-db-deployer#flowable-async-job-executor-thread-2156#
[PollExecuteTaskStatusExecution] 070d8486-d915-4207-813d-4e7e9b8a0d10 [2026-09-14T10:36:18.764953] Undeploying "src/leaveRequestNumber.hdbsequence"... (STDOUT, APP/TASK/deploy)#
#2026 09 14 10:36:27.066#Z#DEBUG#b19c2800-b027-11f1-a9e7-eeee0a832ec0.capm-service-db-deployer#flowable-async-job-executor-thread-2156#
[PollExecuteTaskStatusExecution] 070d8486-d915-4207-813d-4e7e9b8a0d10 [2026-09-14T10:36:18.764994] Undeploying "src/recalcLeaveBalance.hdbprocedure"... (STDOUT, APP/TASK/deploy)#
#2026 09 14 10:36:27.066#Z#DEBUG#b19c2800-b027-11f1-a9e7-eeee0a832ec0.capm-service-db-deployer#flowable-async-job-executor-thread-2156#
[PollExecuteTaskStatusExecution] 070d8486-d915-4207-813d-4e7e9b8a0d10 [2026-09-14T10:36:18.765059] Keeping sequence "leaveRequestNumber" for new owner "src/leaveRequestNumber.hdbsequence" (STDOUT, APP/TASK/deploy)#
#2026 09 14 10:36:27.066#Z#DEBUG#b19c2800-b027-11f1-a9e7-eeee0a832ec0.capm-service-db-deployer#flowable-async-job-executor-thread-2156#
[PollExecuteTaskStatusExecution] 070d8486-d915-4207-813d-4e7e9b8a0d10 [2026-09-14T10:36:18.765121] Undeploying "src/leaveRequestNumber.hdbsequence"... ok (0s 1ms) (STDOUT, APP/TASK/deploy)#
#2026 09 14 10:36:27.066#Z#DEBUG#b19c2800-b027-11f1-a9e7-eeee0a832ec0.capm-service-db-deployer#flowable-async-job-executor-thread-2156#
[PollExecuteTaskStatusExecution] 070d8486-d915-4207-813d-4e7e9b8a0d10 [2026-09-14T10:36:18.765228] Undeploying "src/gen/raven.hr.LeaveRequestOverview.hdbview"... (STDOUT, APP/TASK/deploy)#
#2026 09 14 10:36:27.066#Z#DEBUG#b19c2800-b027-11f1-a9e7-eeee0a832ec0.capm-service-db-deployer#flowable-async-job-executor-thread-2156#
[PollExecuteTaskStatusExecution] 070d8486-d915-4207-813d-4e7e9b8a0d10 [2026-09-14T10:36:18.765367] Deploying "src/gen/data/raven.hr-LeaveTypes.csv"... ok (0s 137ms) (STDOUT, APP/TASK/deploy)#
#2026 09 14 10:36:27.066#Z#DEBUG#b19c2800-b027-11f1-a9e7-eeee0a832ec0.capm-service-db-deployer#flowable-async-job-executor-thread-2156#
[PollExecuteTaskStatusExecution] 070d8486-d915-4207-813d-4e7e9b8a0d10 [2026-09-14T10:36:18.765455] Deploying "src/leaveRequestNumber.hdbsequence"... (STDOUT, APP/TASK/deploy)#
#2026 09 14 10:36:27.066#Z#DEBUG#b19c2800-b027-11f1-a9e7-eeee0a832ec0.capm-service-db-deployer#flowable-async-job-executor-thread-2156#
[PollExecuteTaskStatusExecution] 070d8486-d915-4207-813d-4e7e9b8a0d10 [2026-09-14T10:36:18.765513] Using existing sequence "leaveRequestNumber" from former owner "src/leaveRequestNumber.hdbsequence" (STDOUT, APP/TASK/deploy)#
#2026 09 14 10:36:27.066#Z#DEBUG#b19c2800-b027-11f1-a9e7-eeee0a832ec0.capm-service-db-deployer#flowable-async-job-executor-thread-2156#
[PollExecuteTaskStatusExecution] 070d8486-d915-4207-813d-4e7e9b8a0d10 [2026-09-14T10:36:19.779016] Undeploying "src/gen/raven.hr.LeaveRequestOverview.hdbview"... ok (0s 611ms) (STDOUT, APP/TASK/deploy)#
#2026 09 14 10:36:27.066#Z#DEBUG#b19c2800-b027-11f1-a9e7-eeee0a832ec0.capm-service-db-deployer#flowable-async-job-executor-thread-2156#
[PollExecuteTaskStatusExecution] 070d8486-d915-4207-813d-4e7e9b8a0d10 [2026-09-14T10:36:19.779051] Replacing "src/gen/raven.hr.LeaveRequestAttachments.hdbtable"... (STDOUT, APP/TASK/deploy)#
#2026 09 14 10:36:27.066#Z#DEBUG#b19c2800-b027-11f1-a9e7-eeee0a832ec0.capm-service-db-deployer#flowable-async-job-executor-thread-2156#
[PollExecuteTaskStatusExecution] 070d8486-d915-4207-813d-4e7e9b8a0d10 [2026-09-14T10:36:19.779069] Undeploying "src/recalcLeaveBalance.hdbprocedure"... ok (0s 624ms) (STDOUT, APP/TASK/deploy)#
#2026 09 14 10:36:27.066#Z#DEBUG#b19c2800-b027-11f1-a9e7-eeee0a832ec0.capm-service-db-deployer#flowable-async-job-executor-thread-2156#
[PollExecuteTaskStatusExecution] 070d8486-d915-4207-813d-4e7e9b8a0d10 [2026-09-14T10:36:19.779101] Replacing "src/gen/raven.hr.Departments.hdbtable"... (STDOUT, APP/TASK/deploy)#
#2026 09 14 10:36:27.066#Z#DEBUG#b19c2800-b027-11f1-a9e7-eeee0a832ec0.capm-service-db-deployer#flowable-async-job-executor-thread-2156#
[PollExecuteTaskStatusExecution] 070d8486-d915-4207-813d-4e7e9b8a0d10 [2026-09-14T10:36:19.779224] "RAVEN_HR_LEAVEREQUESTATTACHMENTS": the table cannot be altered; falling back to shadow table migration. Reason: feature not supported: cannot shorten field length: FILENAME: line 1 col 98 (at pos 97) (STDOUT, APP/TASK/deploy)#
#2026 09 14 10:36:27.066#Z#DEBUG#b19c2800-b027-11f1-a9e7-eeee0a832ec0.capm-service-db-deployer#flowable-async-job-executor-thread-2156#
[PollExecuteTaskStatusExecution] 070d8486-d915-4207-813d-4e7e9b8a0d10 [2026-09-14T10:36:19.779278] "RAVEN_HR_DEPARTMENTS": the table structure was changed; running fast migration (STDOUT, APP/TASK/deploy)#
#2026 09 14 10:36:27.066#Z#DEBUG#b19c2800-b027-11f1-a9e7-eeee0a832ec0.capm-service-db-deployer#flowable-async-job-executor-thread-2156#
[PollExecuteTaskStatusExecution] 070d8486-d915-4207-813d-4e7e9b8a0d10 [2026-09-14T10:36:19.779334] Replacing "src/gen/raven.hr.Departments.hdbtable"... ok (0s 123ms) (STDOUT, APP/TASK/deploy)#
#2026 09 14 10:36:27.066#Z#DEBUG#b19c2800-b027-11f1-a9e7-eeee0a832ec0.capm-service-db-deployer#flowable-async-job-executor-thread-2156#
[PollExecuteTaskStatusExecution] 070d8486-d915-4207-813d-4e7e9b8a0d10 [2026-09-14T10:36:19.779406] Replacing "src/gen/raven.hr.Employees.hdbtable"... (STDOUT, APP/TASK/deploy)#
#2026 09 14 10:36:27.066#Z#DEBUG#b19c2800-b027-11f1-a9e7-eeee0a832ec0.capm-service-db-deployer#flowable-async-job-executor-thread-2156#
[PollExecuteTaskStatusExecution] 070d8486-d915-4207-813d-4e7e9b8a0d10 [2026-09-14T10:36:19.779444] "RAVEN_HR_EMPLOYEES": the table structure was changed; running fast migration (STDOUT, APP/TASK/deploy)#
#2026 09 14 10:36:27.066#Z#DEBUG#b19c2800-b027-11f1-a9e7-eeee0a832ec0.capm-service-db-deployer#flowable-async-job-executor-thread-2156#
[PollExecuteTaskStatusExecution] 070d8486-d915-4207-813d-4e7e9b8a0d10 [2026-09-14T10:36:19.779527] Replacing "src/gen/raven.hr.Employees.hdbtable"... ok (0s 89ms) (STDOUT, APP/TASK/deploy)#
#2026 09 14 10:36:27.066#Z#DEBUG#b19c2800-b027-11f1-a9e7-eeee0a832ec0.capm-service-db-deployer#flowable-async-job-executor-thread-2156#
[PollExecuteTaskStatusExecution] 070d8486-d915-4207-813d-4e7e9b8a0d10 [2026-09-14T10:36:19.779616] Replacing "src/gen/raven.hr.LeaveRequests.hdbtable"... (STDOUT, APP/TASK/deploy)#
#2026 09 14 10:36:27.066#Z#DEBUG#b19c2800-b027-11f1-a9e7-eeee0a832ec0.capm-service-db-deployer#flowable-async-job-executor-thread-2156#
[PollExecuteTaskStatusExecution] 070d8486-d915-4207-813d-4e7e9b8a0d10 [2026-09-14T10:36:19.779717] "RAVEN_HR_LEAVEREQUESTS": the table cannot be altered; falling back to shadow table migration. Reason: cannot change column data type for NUMBEROFDAYS (STDOUT, APP/TASK/deploy)#
#2026 09 14 10:36:27.066#Z#DEBUG#b19c2800-b027-11f1-a9e7-eeee0a832ec0.capm-service-db-deployer#flowable-async-job-executor-thread-2156#
[PollExecuteTaskStatusExecution] 070d8486-d915-4207-813d-4e7e9b8a0d10 [2026-09-14T10:36:19.779734] "RAVEN_HR_LEAVEREQUESTATTACHMENTS": the table contains no data; just recreating it (STDOUT, APP/TASK/deploy)#
#2026 09 14 10:36:27.066#Z#DEBUG#b19c2800-b027-11f1-a9e7-eeee0a832ec0.capm-service-db-deployer#flowable-async-job-executor-thread-2156#
[PollExecuteTaskStatusExecution] 070d8486-d915-4207-813d-4e7e9b8a0d10 [2026-09-14T10:36:19.779738] Deploying "src/leaveRequestNumber.hdbsequence"... ok (0s 798ms) (STDOUT, APP/TASK/deploy)#
#2026 09 14 10:36:27.066#Z#DEBUG#b19c2800-b027-11f1-a9e7-eeee0a832ec0.capm-service-db-deployer#flowable-async-job-executor-thread-2156#
[PollExecuteTaskStatusExecution] 070d8486-d915-4207-813d-4e7e9b8a0d10 [2026-09-14T10:36:19.779742] Replacing "src/gen/raven.hr.LeaveTypes.hdbtable"... (STDOUT, APP/TASK/deploy)#
#2026 09 14 10:36:27.066#Z#DEBUG#b19c2800-b027-11f1-a9e7-eeee0a832ec0.capm-service-db-deployer#flowable-async-job-executor-thread-2156#
[PollExecuteTaskStatusExecution] 070d8486-d915-4207-813d-4e7e9b8a0d10 [2026-09-14T10:36:19.779745] Replacing "src/gen/raven.hr.LeaveRequestAttachments.hdbtable"... ok (0s 366ms) (STDOUT, APP/TASK/deploy)#
#2026 09 14 10:36:27.066#Z#DEBUG#b19c2800-b027-11f1-a9e7-eeee0a832ec0.capm-service-db-deployer#flowable-async-job-executor-thread-2156#
[PollExecuteTaskStatusExecution] 070d8486-d915-4207-813d-4e7e9b8a0d10 [2026-09-14T10:36:19.779793] "RAVEN_HR_LEAVETYPES": the table cannot be altered; falling back to shadow table migration. Reason: cannot change column data type for ANNUALQUOTA (STDOUT, APP/TASK/deploy)#
#2026 09 14 10:36:27.066#Z#DEBUG#b19c2800-b027-11f1-a9e7-eeee0a832ec0.capm-service-db-deployer#flowable-async-job-executor-thread-2156#
[PollExecuteTaskStatusExecution] 070d8486-d915-4207-813d-4e7e9b8a0d10 [2026-09-14T10:36:19.779798] Deploying "src/gen/data/raven.hr-Departments.hdbtabledata$0.expand"... (STDOUT, APP/TASK/deploy)#
#2026 09 14 10:36:27.066#Z#DEBUG#b19c2800-b027-11f1-a9e7-eeee0a832ec0.capm-service-db-deployer#flowable-async-job-executor-thread-2156#
[PollExecuteTaskStatusExecution] 070d8486-d915-4207-813d-4e7e9b8a0d10 [2026-09-14T10:36:19.779801] Expanded from "src/gen/data/raven.hr-Departments.hdbtabledata" (STDOUT, APP/TASK/deploy)#
#2026 09 14 10:36:27.066#Z#DEBUG#b19c2800-b027-11f1-a9e7-eeee0a832ec0.capm-service-db-deployer#flowable-async-job-executor-thread-2156#
[PollExecuteTaskStatusExecution] 070d8486-d915-4207-813d-4e7e9b8a0d10 [2026-09-14T10:36:19.779866] "RAVEN_HR_LEAVEREQUESTS": the table contains no data; just recreating it (STDOUT, APP/TASK/deploy)#
#2026 09 14 10:36:27.066#Z#DEBUG#b19c2800-b027-11f1-a9e7-eeee0a832ec0.capm-service-db-deployer#flowable-async-job-executor-thread-2156#
[PollExecuteTaskStatusExecution] 070d8486-d915-4207-813d-4e7e9b8a0d10 [2026-09-14T10:36:19.779891] Replacing "src/gen/raven.hr.LeaveRequests.hdbtable"... ok (0s 233ms) (STDOUT, APP/TASK/deploy)#
#2026 09 14 10:36:27.066#Z#DEBUG#b19c2800-b027-11f1-a9e7-eeee0a832ec0.capm-service-db-deployer#flowable-async-job-executor-thread-2156#
[PollExecuteTaskStatusExecution] 070d8486-d915-4207-813d-4e7e9b8a0d10 [2026-09-14T10:36:19.780326] Deploying "src/gen/data/raven.hr-Employees.hdbtabledata$0.expand"... (STDOUT, APP/TASK/deploy)#
#2026 09 14 10:36:27.066#Z#DEBUG#b19c2800-b027-11f1-a9e7-eeee0a832ec0.capm-service-db-deployer#flowable-async-job-executor-thread-2156#
[PollExecuteTaskStatusExecution] 070d8486-d915-4207-813d-4e7e9b8a0d10 [2026-09-14T10:36:19.780579] Expanded from "src/gen/data/raven.hr-Employees.hdbtabledata" (STDOUT, APP/TASK/deploy)#
#2026 09 14 10:36:27.066#Z#DEBUG#b19c2800-b027-11f1-a9e7-eeee0a832ec0.capm-service-db-deployer#flowable-async-job-executor-thread-2156#
[PollExecuteTaskStatusExecution] 070d8486-d915-4207-813d-4e7e9b8a0d10 [2026-09-14T10:36:19.780649] "RAVEN_HR_LEAVETYPES": the table contains no data; just recreating it (STDOUT, APP/TASK/deploy)#
#2026 09 14 10:36:27.066#Z#DEBUG#b19c2800-b027-11f1-a9e7-eeee0a832ec0.capm-service-db-deployer#flowable-async-job-executor-thread-2156#
[PollExecuteTaskStatusExecution] 070d8486-d915-4207-813d-4e7e9b8a0d10 [2026-09-14T10:36:19.780769] Replacing "src/gen/raven.hr.LeaveTypes.hdbtable"... ok (0s 283ms) (STDOUT, APP/TASK/deploy)#
#2026 09 14 10:36:27.066#Z#DEBUG#b19c2800-b027-11f1-a9e7-eeee0a832ec0.capm-service-db-deployer#flowable-async-job-executor-thread-2156#
[PollExecuteTaskStatusExecution] 070d8486-d915-4207-813d-4e7e9b8a0d10 [2026-09-14T10:36:19.780905] Redeploying "src/gen/HRService.LeaveRequestAttachments.hdbview"... (STDOUT, APP/TASK/deploy)#
#2026 09 14 10:36:27.066#Z#DEBUG#b19c2800-b027-11f1-a9e7-eeee0a832ec0.capm-service-db-deployer#flowable-async-job-executor-thread-2156#
[PollExecuteTaskStatusExecution] 070d8486-d915-4207-813d-4e7e9b8a0d10 [2026-09-14T10:36:19.781009] Redeploying "src/gen/HRService.LeaveRequestAttachments.hdbview"... ok (0s 217ms) (STDOUT, APP/TASK/deploy)#
#2026 09 14 10:36:27.066#Z#DEBUG#b19c2800-b027-11f1-a9e7-eeee0a832ec0.capm-service-db-deployer#flowable-async-job-executor-thread-2156#
[PollExecuteTaskStatusExecution] 070d8486-d915-4207-813d-4e7e9b8a0d10 [2026-09-14T10:36:19.781091] Replacing "src/gen/raven.hr.LeaveBalances.hdbtable"... (STDOUT, APP/TASK/deploy)#
#2026 09 14 10:36:27.066#Z#DEBUG#b19c2800-b027-11f1-a9e7-eeee0a832ec0.capm-service-db-deployer#flowable-async-job-executor-thread-2156#
[PollExecuteTaskStatusExecution] 070d8486-d915-4207-813d-4e7e9b8a0d10 [2026-09-14T10:36:19.781175] "RAVEN_HR_LEAVEBALANCES": the table structure was changed; running fast migration (STDOUT, APP/TASK/deploy)#
#2026 09 14 10:36:27.066#Z#DEBUG#b19c2800-b027-11f1-a9e7-eeee0a832ec0.capm-service-db-deployer#flowable-async-job-executor-thread-2156#
[PollExecuteTaskStatusExecution] 070d8486-d915-4207-813d-4e7e9b8a0d10 [2026-09-14T10:36:20.794537] Replacing "src/gen/raven.hr.LeaveBalances.hdbtable"... ok (0s 251ms) (STDOUT, APP/TASK/deploy)#
#2026 09 14 10:36:27.066#Z#DEBUG#b19c2800-b027-11f1-a9e7-eeee0a832ec0.capm-service-db-deployer#flowable-async-job-executor-thread-2156#
[PollExecuteTaskStatusExecution] 070d8486-d915-4207-813d-4e7e9b8a0d10 [2026-09-14T10:36:20.794565] Deploying "src/gen/data/raven.hr-LeaveRequests.hdbtabledata$0.expand"... (STDOUT, APP/TASK/deploy)#
#2026 09 14 10:36:27.066#Z#DEBUG#b19c2800-b027-11f1-a9e7-eeee0a832ec0.capm-service-db-deployer#flowable-async-job-executor-thread-2156#
[PollExecuteTaskStatusExecution] 070d8486-d915-4207-813d-4e7e9b8a0d10 [2026-09-14T10:36:20.794569] Expanded from "src/gen/data/raven.hr-LeaveRequests.hdbtabledata" (STDOUT, APP/TASK/deploy)#
#2026 09 14 10:36:27.066#Z#DEBUG#b19c2800-b027-11f1-a9e7-eeee0a832ec0.capm-service-db-deployer#flowable-async-job-executor-thread-2156#
[PollExecuteTaskStatusExecution] 070d8486-d915-4207-813d-4e7e9b8a0d10 [2026-09-14T10:36:20.794575] Inserted 3 records of the data source file "raven.hr-Departments.csv" into the target table "RAVEN_HR_DEPARTMENTS" (STDOUT, APP/TASK/deploy)#
#2026 09 14 10:36:27.066#Z#DEBUG#b19c2800-b027-11f1-a9e7-eeee0a832ec0.capm-service-db-deployer#flowable-async-job-executor-thread-2156#
[PollExecuteTaskStatusExecution] 070d8486-d915-4207-813d-4e7e9b8a0d10 [2026-09-14T10:36:20.794581] Deploying "src/gen/data/raven.hr-Departments.hdbtabledata$0.expand"... ok (1s 16ms) (STDOUT, APP/TASK/deploy)#
#2026 09 14 10:36:27.066#Z#DEBUG#b19c2800-b027-11f1-a9e7-eeee0a832ec0.capm-service-db-deployer#flowable-async-job-executor-thread-2156#
[PollExecuteTaskStatusExecution] 070d8486-d915-4207-813d-4e7e9b8a0d10 [2026-09-14T10:36:20.794584] Deploying "src/gen/data/raven.hr-LeaveTypes.hdbtabledata$0.expand"... (STDOUT, APP/TASK/deploy)#
#2026 09 14 10:36:27.066#Z#DEBUG#b19c2800-b027-11f1-a9e7-eeee0a832ec0.capm-service-db-deployer#flowable-async-job-executor-thread-2156#
[PollExecuteTaskStatusExecution] 070d8486-d915-4207-813d-4e7e9b8a0d10 [2026-09-14T10:36:20.794594] Expanded from "src/gen/data/raven.hr-LeaveTypes.hdbtabledata" (STDOUT, APP/TASK/deploy)#
#2026 09 14 10:36:27.066#Z#DEBUG#b19c2800-b027-11f1-a9e7-eeee0a832ec0.capm-service-db-deployer#flowable-async-job-executor-thread-2156#
[PollExecuteTaskStatusExecution] 070d8486-d915-4207-813d-4e7e9b8a0d10 [2026-09-14T10:36:20.795883] Inserted 3 records of the data source file "raven.hr-Employees.csv" into the target table "RAVEN_HR_EMPLOYEES" (STDOUT, APP/TASK/deploy)#
#2026 09 14 10:36:27.066#Z#DEBUG#b19c2800-b027-11f1-a9e7-eeee0a832ec0.capm-service-db-deployer#flowable-async-job-executor-thread-2156#
[PollExecuteTaskStatusExecution] 070d8486-d915-4207-813d-4e7e9b8a0d10 [2026-09-14T10:36:20.795904] Deploying "src/gen/data/raven.hr-Employees.hdbtabledata$0.expand"... ok (0s 938ms) (STDOUT, APP/TASK/deploy)#
#2026 09 14 10:36:27.066#Z#DEBUG#b19c2800-b027-11f1-a9e7-eeee0a832ec0.capm-service-db-deployer#flowable-async-job-executor-thread-2156#
[PollExecuteTaskStatusExecution] 070d8486-d915-4207-813d-4e7e9b8a0d10 [2026-09-14T10:36:20.795909] Deploying "src/gen/data/raven.hr-LeaveBalances.hdbtabledata$0.expand"... (STDOUT, APP/TASK/deploy)#
#2026 09 14 10:36:27.066#Z#DEBUG#b19c2800-b027-11f1-a9e7-eeee0a832ec0.capm-service-db-deployer#flowable-async-job-executor-thread-2156#
[PollExecuteTaskStatusExecution] 070d8486-d915-4207-813d-4e7e9b8a0d10 [2026-09-14T10:36:20.795911] Expanded from "src/gen/data/raven.hr-LeaveBalances.hdbtabledata" (STDOUT, APP/TASK/deploy)#
#2026 09 14 10:36:27.066#Z#DEBUG#b19c2800-b027-11f1-a9e7-eeee0a832ec0.capm-service-db-deployer#flowable-async-job-executor-thread-2156#
[PollExecuteTaskStatusExecution] 070d8486-d915-4207-813d-4e7e9b8a0d10 [2026-09-14T10:36:20.795913] Inserted 3 records of the data source file "raven.hr-LeaveRequests.csv" into the target table "RAVEN_HR_LEAVEREQUESTS" (STDOUT, APP/TASK/deploy)#
#2026 09 14 10:36:27.066#Z#DEBUG#b19c2800-b027-11f1-a9e7-eeee0a832ec0.capm-service-db-deployer#flowable-async-job-executor-thread-2156#
[PollExecuteTaskStatusExecution] 070d8486-d915-4207-813d-4e7e9b8a0d10 [2026-09-14T10:36:20.795915] Deploying "src/gen/data/raven.hr-LeaveRequests.hdbtabledata$0.expand"... ok (0s 372ms) (STDOUT, APP/TASK/deploy)#
#2026 09 14 10:36:27.066#Z#DEBUG#b19c2800-b027-11f1-a9e7-eeee0a832ec0.capm-service-db-deployer#flowable-async-job-executor-thread-2156#
[PollExecuteTaskStatusExecution] 070d8486-d915-4207-813d-4e7e9b8a0d10 [2026-09-14T10:36:20.795920] Redeploying "src/gen/HRService.Departments.hdbview"... (STDOUT, APP/TASK/deploy)#
#2026 09 14 10:36:27.066#Z#DEBUG#b19c2800-b027-11f1-a9e7-eeee0a832ec0.capm-service-db-deployer#flowable-async-job-executor-thread-2156#
[PollExecuteTaskStatusExecution] 070d8486-d915-4207-813d-4e7e9b8a0d10 [2026-09-14T10:36:20.795922] Redeploying "src/gen/HRService.Departments.hdbview"... ok (0s 7ms) (STDOUT, APP/TASK/deploy)#
#2026 09 14 10:36:27.066#Z#DEBUG#b19c2800-b027-11f1-a9e7-eeee0a832ec0.capm-service-db-deployer#flowable-async-job-executor-thread-2156#
[PollExecuteTaskStatusExecution] 070d8486-d915-4207-813d-4e7e9b8a0d10 [2026-09-14T10:36:20.795925] Redeploying "src/gen/HRService.Employees.hdbview"... (STDOUT, APP/TASK/deploy)#
#2026 09 14 10:36:27.066#Z#DEBUG#b19c2800-b027-11f1-a9e7-eeee0a832ec0.capm-service-db-deployer#flowable-async-job-executor-thread-2156#
[PollExecuteTaskStatusExecution] 070d8486-d915-4207-813d-4e7e9b8a0d10 [2026-09-14T10:36:20.795927] Inserted 3 records of the data source file "raven.hr-LeaveTypes.csv" into the target table "RAVEN_HR_LEAVETYPES" (STDOUT, APP/TASK/deploy)#
#2026 09 14 10:36:27.066#Z#DEBUG#b19c2800-b027-11f1-a9e7-eeee0a832ec0.capm-service-db-deployer#flowable-async-job-executor-thread-2156#
[PollExecuteTaskStatusExecution] 070d8486-d915-4207-813d-4e7e9b8a0d10 [2026-09-14T10:36:20.795933] Deploying "src/gen/data/raven.hr-LeaveTypes.hdbtabledata$0.expand"... ok (0s 80ms) (STDOUT, APP/TASK/deploy)#
#2026 09 14 10:36:27.066#Z#DEBUG#b19c2800-b027-11f1-a9e7-eeee0a832ec0.capm-service-db-deployer#flowable-async-job-executor-thread-2156#
[PollExecuteTaskStatusExecution] 070d8486-d915-4207-813d-4e7e9b8a0d10 [2026-09-14T10:36:20.795938] Redeploying "src/gen/HRService.LeaveRequests.hdbview"... (STDOUT, APP/TASK/deploy)#
#2026 09 14 10:36:27.066#Z#DEBUG#b19c2800-b027-11f1-a9e7-eeee0a832ec0.capm-service-db-deployer#flowable-async-job-executor-thread-2156#
[PollExecuteTaskStatusExecution] 070d8486-d915-4207-813d-4e7e9b8a0d10 [2026-09-14T10:36:20.795941] Inserted 3 records of the data source file "raven.hr-LeaveBalances.csv" into the target table "RAVEN_HR_LEAVEBALANCES" (STDOUT, APP/TASK/deploy)#
#2026 09 14 10:36:27.066#Z#DEBUG#b19c2800-b027-11f1-a9e7-eeee0a832ec0.capm-service-db-deployer#flowable-async-job-executor-thread-2156#
[PollExecuteTaskStatusExecution] 070d8486-d915-4207-813d-4e7e9b8a0d10 [2026-09-14T10:36:20.795944] Deploying "src/gen/data/raven.hr-LeaveBalances.hdbtabledata$0.expand"... ok (0s 68ms) (STDOUT, APP/TASK/deploy)#
#2026 09 14 10:36:27.066#Z#DEBUG#b19c2800-b027-11f1-a9e7-eeee0a832ec0.capm-service-db-deployer#flowable-async-job-executor-thread-2156#
[PollExecuteTaskStatusExecution] 070d8486-d915-4207-813d-4e7e9b8a0d10 [2026-09-14T10:36:20.795947] Deploying "src/gen/raven.hr.LeaveRequestOverview.hdbview"... (STDOUT, APP/TASK/deploy)#
#2026 09 14 10:36:27.066#Z#DEBUG#b19c2800-b027-11f1-a9e7-eeee0a832ec0.capm-service-db-deployer#flowable-async-job-executor-thread-2156#
[PollExecuteTaskStatusExecution] 070d8486-d915-4207-813d-4e7e9b8a0d10 [2026-09-14T10:36:20.795954] Redeploying "src/gen/HRService.Employees.hdbview"... ok (0s 10ms) (STDOUT, APP/TASK/deploy)#
#2026 09 14 10:36:27.066#Z#DEBUG#b19c2800-b027-11f1-a9e7-eeee0a832ec0.capm-service-db-deployer#flowable-async-job-executor-thread-2156#
[PollExecuteTaskStatusExecution] 070d8486-d915-4207-813d-4e7e9b8a0d10 [2026-09-14T10:36:20.795956] Redeploying "src/gen/HRService.LeaveTypes.hdbview"... (STDOUT, APP/TASK/deploy)#
#2026 09 14 10:36:27.066#Z#DEBUG#b19c2800-b027-11f1-a9e7-eeee0a832ec0.capm-service-db-deployer#flowable-async-job-executor-thread-2156#
[PollExecuteTaskStatusExecution] 070d8486-d915-4207-813d-4e7e9b8a0d10 [2026-09-14T10:36:20.795958] Redeploying "src/gen/HRService.LeaveRequests.hdbview"... ok (0s 6ms) (STDOUT, APP/TASK/deploy)#
#2026 09 14 10:36:27.066#Z#DEBUG#b19c2800-b027-11f1-a9e7-eeee0a832ec0.capm-service-db-deployer#flowable-async-job-executor-thread-2156#
[PollExecuteTaskStatusExecution] 070d8486-d915-4207-813d-4e7e9b8a0d10 [2026-09-14T10:36:20.795960] Deploying "src/recalcLeaveBalance.hdbprocedure"... (STDOUT, APP/TASK/deploy)#
#2026 09 14 10:36:27.066#Z#DEBUG#b19c2800-b027-11f1-a9e7-eeee0a832ec0.capm-service-db-deployer#flowable-async-job-executor-thread-2156#
[PollExecuteTaskStatusExecution] 070d8486-d915-4207-813d-4e7e9b8a0d10 [2026-09-14T10:36:20.795962] Redeploying "src/gen/HRService.LeaveTypes.hdbview"... ok (0s 25ms) (STDOUT, APP/TASK/deploy)#
#2026 09 14 10:36:27.066#Z#DEBUG#b19c2800-b027-11f1-a9e7-eeee0a832ec0.capm-service-db-deployer#flowable-async-job-executor-thread-2156#
[PollExecuteTaskStatusExecution] 070d8486-d915-4207-813d-4e7e9b8a0d10 [2026-09-14T10:36:20.795964] Redeploying "src/gen/HRService.LeaveBalances.hdbview"... (STDOUT, APP/TASK/deploy)#
#2026 09 14 10:36:27.066#Z#DEBUG#b19c2800-b027-11f1-a9e7-eeee0a832ec0.capm-service-db-deployer#flowable-async-job-executor-thread-2156#
[PollExecuteTaskStatusExecution] 070d8486-d915-4207-813d-4e7e9b8a0d10 [2026-09-14T10:36:20.795966] Redeploying "src/gen/HRService.LeaveBalances.hdbview"... ok (0s 25ms) (STDOUT, APP/TASK/deploy)#
#2026 09 14 10:36:27.066#Z#DEBUG#b19c2800-b027-11f1-a9e7-eeee0a832ec0.capm-service-db-deployer#flowable-async-job-executor-thread-2156#
[PollExecuteTaskStatusExecution] 070d8486-d915-4207-813d-4e7e9b8a0d10 [2026-09-14T10:36:20.795968] Deploying "src/gen/raven.hr.LeaveRequestOverview.hdbview"... ok (0s 50ms) (STDOUT, APP/TASK/deploy)#
#2026 09 14 10:36:27.066#Z#DEBUG#b19c2800-b027-11f1-a9e7-eeee0a832ec0.capm-service-db-deployer#flowable-async-job-executor-thread-2156#
[PollExecuteTaskStatusExecution] 070d8486-d915-4207-813d-4e7e9b8a0d10 [2026-09-14T10:36:20.795970] Deploying "src/gen/HRService.LeaveRequestOverview.hdbview"... (STDOUT, APP/TASK/deploy)#
#2026 09 14 10:36:27.066#Z#DEBUG#b19c2800-b027-11f1-a9e7-eeee0a832ec0.capm-service-db-deployer#flowable-async-job-executor-thread-2156#
[PollExecuteTaskStatusExecution] 070d8486-d915-4207-813d-4e7e9b8a0d10 [2026-09-14T10:36:20.795974] Deploying "src/recalcLeaveBalance.hdbprocedure"... ok (0s 128ms) (STDOUT, APP/TASK/deploy)#
#2026 09 14 10:36:27.066#Z#DEBUG#b19c2800-b027-11f1-a9e7-eeee0a832ec0.capm-service-db-deployer#flowable-async-job-executor-thread-2156#
[PollExecuteTaskStatusExecution] 070d8486-d915-4207-813d-4e7e9b8a0d10 [2026-09-14T10:36:20.795976] Deploying "src/gen/HRService.LeaveRequestOverview.hdbview"... ok (0s 101ms) (STDOUT, APP/TASK/deploy)#
#2026 09 14 10:36:27.066#Z#DEBUG#b19c2800-b027-11f1-a9e7-eeee0a832ec0.capm-service-db-deployer#flowable-async-job-executor-thread-2156#
[PollExecuteTaskStatusExecution] 070d8486-d915-4207-813d-4e7e9b8a0d10 [2026-09-14T10:36:20.795979] Processing work list... ok (2s 441ms) (STDOUT, APP/TASK/deploy)#
#2026 09 14 10:36:27.066#Z#DEBUG#b19c2800-b027-11f1-a9e7-eeee0a832ec0.capm-service-db-deployer#flowable-async-job-executor-thread-2156#
[PollExecuteTaskStatusExecution] 070d8486-d915-4207-813d-4e7e9b8a0d10 [2026-09-14T10:36:20.795982] Finalizing... (STDOUT, APP/TASK/deploy)#
#2026 09 14 10:36:27.066#Z#DEBUG#b19c2800-b027-11f1-a9e7-eeee0a832ec0.capm-service-db-deployer#flowable-async-job-executor-thread-2156#
[PollExecuteTaskStatusExecution] 070d8486-d915-4207-813d-4e7e9b8a0d10 [2026-09-14T10:36:21.048177] Finalizing... ok (0s 330ms) (STDOUT, APP/TASK/deploy)#
#2026 09 14 10:36:27.066#Z#DEBUG#b19c2800-b027-11f1-a9e7-eeee0a832ec0.capm-service-db-deployer#flowable-async-job-executor-thread-2156#
[PollExecuteTaskStatusExecution] 070d8486-d915-4207-813d-4e7e9b8a0d10 [2026-09-14T10:36:21.048265] Make succeeded (0 warnings): 22 files deployed (effective 27), 0 files undeployed (effective 0), 6 dependent files redeployed (STDOUT, APP/TASK/deploy)#
#2026 09 14 10:36:27.066#Z#DEBUG#b19c2800-b027-11f1-a9e7-eeee0a832ec0.capm-service-db-deployer#flowable-async-job-executor-thread-2156#
[PollExecuteTaskStatusExecution] 070d8486-d915-4207-813d-4e7e9b8a0d10 [2026-09-14T10:36:21.048319] Making... ok (3s 442ms) (STDOUT, APP/TASK/deploy)#
#2026 09 14 10:36:27.066#Z#DEBUG#b19c2800-b027-11f1-a9e7-eeee0a832ec0.capm-service-db-deployer#flowable-async-job-executor-thread-2156#
[PollExecuteTaskStatusExecution] 070d8486-d915-4207-813d-4e7e9b8a0d10 [2026-09-14T10:36:21.048380] Enabling table replication for the container schema "6A5478B8D26E43D8A56BA48D201A9E69"... (STDOUT, APP/TASK/deploy)#
#2026 09 14 10:36:27.066#Z#DEBUG#b19c2800-b027-11f1-a9e7-eeee0a832ec0.capm-service-db-deployer#flowable-async-job-executor-thread-2156#
[PollExecuteTaskStatusExecution] 070d8486-d915-4207-813d-4e7e9b8a0d10 [2026-09-14T10:36:21.048444] Enabling table replication for the container schema "6A5478B8D26E43D8A56BA48D201A9E69"... ok (0s 14ms) (STDOUT, APP/TASK/deploy)#
#2026 09 14 10:36:27.066#Z#DEBUG#b19c2800-b027-11f1-a9e7-eeee0a832ec0.capm-service-db-deployer#flowable-async-job-executor-thread-2156#
[PollExecuteTaskStatusExecution] 070d8486-d915-4207-813d-4e7e9b8a0d10 [2026-09-14T10:36:21.048495] Starting make in the container "6A5478B8D26E43D8A56BA48D201A9E69" with 22 files to deploy, 0 files to undeploy... ok (3s 540ms) (STDOUT, APP/TASK/deploy)#
#2026 09 14 10:36:27.066#Z#DEBUG#b19c2800-b027-11f1-a9e7-eeee0a832ec0.capm-service-db-deployer#flowable-async-job-executor-thread-2156#
[PollExecuteTaskStatusExecution] 070d8486-d915-4207-813d-4e7e9b8a0d10 [2026-09-14T10:36:21.048553] Deploying to the container "6A5478B8D26E43D8A56BA48D201A9E69"... ok (3s 980ms) (STDOUT, APP/TASK/deploy)#
#2026 09 14 10:36:27.066#Z#DEBUG#b19c2800-b027-11f1-a9e7-eeee0a832ec0.capm-service-db-deployer#flowable-async-job-executor-thread-2156#
[PollExecuteTaskStatusExecution] 070d8486-d915-4207-813d-4e7e9b8a0d10 [2026-09-14T10:36:21.049007] No default-access-role handling needed; global role "6A5478B8D26E43D8A56BA48D201A9E69::access_role" will not be adapted (STDOUT, APP/TASK/deploy)#
#2026 09 14 10:36:27.066#Z#DEBUG#b19c2800-b027-11f1-a9e7-eeee0a832ec0.capm-service-db-deployer#flowable-async-job-executor-thread-2156#
[PollExecuteTaskStatusExecution] 070d8486-d915-4207-813d-4e7e9b8a0d10 [2026-09-14T10:36:21.049026] Unlocking the container "6A5478B8D26E43D8A56BA48D201A9E69"... (STDOUT, APP/TASK/deploy)#
#2026 09 14 10:36:27.066#Z#DEBUG#b19c2800-b027-11f1-a9e7-eeee0a832ec0.capm-service-db-deployer#flowable-async-job-executor-thread-2156#
[PollExecuteTaskStatusExecution] 070d8486-d915-4207-813d-4e7e9b8a0d10 [2026-09-14T10:36:21.050628] Unlocking the container "6A5478B8D26E43D8A56BA48D201A9E69"... ok (0s 2ms) (STDOUT, APP/TASK/deploy)#
#2026 09 14 10:36:27.066#Z#DEBUG#b19c2800-b027-11f1-a9e7-eeee0a832ec0.capm-service-db-deployer#flowable-async-job-executor-thread-2156#
[PollExecuteTaskStatusExecution] 070d8486-d915-4207-813d-4e7e9b8a0d10 [2026-09-14T10:36:21.050841] Deployment to container 6A5478B8D26E43D8A56BA48D201A9E69 done [Deployment ID: none]. (STDOUT, APP/TASK/deploy)#
#2026 09 14 10:36:27.066#Z#DEBUG#b19c2800-b027-11f1-a9e7-eeee0a832ec0.capm-service-db-deployer#flowable-async-job-executor-thread-2156#
[PollExecuteTaskStatusExecution] 070d8486-d915-4207-813d-4e7e9b8a0d10 [2026-09-14T10:36:21.051761] Deployment ended at 2026-09-14 10:36:21 (STDOUT, APP/TASK/deploy)#
#2026 09 14 10:36:27.066#Z#DEBUG#b19c2800-b027-11f1-a9e7-eeee0a832ec0.capm-service-db-deployer#flowable-async-job-executor-thread-2156#
[PollExecuteTaskStatusExecution] 070d8486-d915-4207-813d-4e7e9b8a0d10 [2026-09-14T10:36:21.052411] (6s 340ms) (STDOUT, APP/TASK/deploy)#
#2026 09 14 10:36:27.066#Z#DEBUG#b19c2800-b027-11f1-a9e7-eeee0a832ec0.capm-service-db-deployer#flowable-async-job-executor-thread-2156#
[PollExecuteTaskStatusExecution] 070d8486-d915-4207-813d-4e7e9b8a0d10 [2026-09-14T10:36:21.071164] npm notice (STDERR, APP/TASK/deploy)#
#2026 09 14 10:36:27.066#Z#DEBUG#b19c2800-b027-11f1-a9e7-eeee0a832ec0.capm-service-db-deployer#flowable-async-job-executor-thread-2156#
[PollExecuteTaskStatusExecution] 070d8486-d915-4207-813d-4e7e9b8a0d10 [2026-09-14T10:36:21.071188] npm notice New major version of npm available! 11.16.0 -> 12.0.2 (STDERR, APP/TASK/deploy)#
#2026 09 14 10:36:27.066#Z#DEBUG#b19c2800-b027-11f1-a9e7-eeee0a832ec0.capm-service-db-deployer#flowable-async-job-executor-thread-2156#
[PollExecuteTaskStatusExecution] 070d8486-d915-4207-813d-4e7e9b8a0d10 [2026-09-14T10:36:21.071194] npm notice Changelog: https://github.com/npm/cli/releases/tag/v12.0.2 (STDERR, APP/TASK/deploy)#
#2026 09 14 10:36:27.066#Z#DEBUG#b19c2800-b027-11f1-a9e7-eeee0a832ec0.capm-service-db-deployer#flowable-async-job-executor-thread-2156#
[PollExecuteTaskStatusExecution] 070d8486-d915-4207-813d-4e7e9b8a0d10 [2026-09-14T10:36:21.071197] npm notice To update run: npm install -g npm@12.0.2 (STDERR, APP/TASK/deploy)#
#2026 09 14 10:36:27.066#Z#DEBUG#b19c2800-b027-11f1-a9e7-eeee0a832ec0.capm-service-db-deployer#flowable-async-job-executor-thread-2156#
[PollExecuteTaskStatusExecution] 070d8486-d915-4207-813d-4e7e9b8a0d10 [2026-09-14T10:36:21.071199] npm notice (STDERR, APP/TASK/deploy)#
#2026 09 14 10:36:27.066#Z#DEBUG#b19c2800-b027-11f1-a9e7-eeee0a832ec0.capm-service-db-deployer#flowable-async-job-executor-thread-2156#
[PollExecuteTaskStatusExecution] 070d8486-d915-4207-813d-4e7e9b8a0d10 [2026-09-14T10:36:21.146879] Exit status 0 (STDOUT, APP/TASK/deploy)#
#2026 09 14 10:36:27.066#Z#DEBUG#b19c2800-b027-11f1-a9e7-eeee0a832ec0.capm-service-db-deployer#flowable-async-job-executor-thread-2156#
[PollExecuteTaskStatusExecution] 070d8486-d915-4207-813d-4e7e9b8a0d10 [2026-09-14T10:36:21.966691] Cell 77283d80-dfa7-40ba-ba4e-265aef112085 stopping instance 7815fc81-7bac-4550-896c-6fab8826ffca (STDOUT, CELL)#
#2026 09 14 10:36:27.066#Z#DEBUG#b19c2800-b027-11f1-a9e7-eeee0a832ec0.capm-service-db-deployer#flowable-async-job-executor-thread-2156#
[PollExecuteTaskStatusExecution] 070d8486-d915-4207-813d-4e7e9b8a0d10 [2026-09-14T10:36:21.966736] Cell 77283d80-dfa7-40ba-ba4e-265aef112085 destroying container for instance 7815fc81-7bac-4550-896c-6fab8826ffca (STDOUT, CELL)#
#2026 09 14 10:36:27.066#Z#DEBUG#b19c2800-b027-11f1-a9e7-eeee0a832ec0.capm-service-db-deployer#flowable-async-job-executor-thread-2156#
[PollExecuteTaskStatusExecution] 070d8486-d915-4207-813d-4e7e9b8a0d10 [2026-09-14T10:36:25.254248] Cell 77283d80-dfa7-40ba-ba4e-265aef112085 successfully destroyed container for instance 7815fc81-7bac-4550-896c-6fab8826ffca (STDOUT, CELL)#
