#2026 09 14 10:33:15.522#Z#INFO#b19c2800-b027-11f1-a9e7-eeee0a832ec0.OPERATION#http-nio-0.0.0.0-8080-exec-5#
[XS2StartProcessListener] Operation ID: b19c2800-b027-11f1-a9e7-eeee0a832ec0#
#2026 09 14 10:33:15.540#Z#DEBUG#b19c2800-b027-11f1-a9e7-eeee0a832ec0.OPERATION#http-nio-0.0.0.0-8080-exec-5#
[XS2StartProcessListener] Process environment: {
  "SKIP_SSL_VALIDATION" : "false",
  "FLOWABLE_JOB_EXECUTOR_MAX_THREADS" : "32",
  "VERSION" : "2.53.0",
  "BASIC_AUTH_ENABLED" : "true",
  "FLOWABLE_JOB_EXECUTOR_QUEUE_CAPACITY" : "16",
  "FLOWABLE_JOB_EXECUTOR_CORE_THREADS" : "8"
}#
#2026 09 14 10:33:15.540#Z#DEBUG#b19c2800-b027-11f1-a9e7-eeee0a832ec0.OPERATION#http-nio-0.0.0.0-8080-exec-5#
[XS2StartProcessListener] Current user: aaryangautam291@gmail.com#
#2026 09 14 10:33:15.540#Z#DEBUG#b19c2800-b027-11f1-a9e7-eeee0a832ec0.OPERATION#http-nio-0.0.0.0-8080-exec-5#
[XS2StartProcessListener] Client space: dev#
#2026 09 14 10:33:15.540#Z#DEBUG#b19c2800-b027-11f1-a9e7-eeee0a832ec0.OPERATION#http-nio-0.0.0.0-8080-exec-5#
[XS2StartProcessListener] Client organization: ab417575trial#
#2026 09 14 10:33:15.540#Z#INFO#b19c2800-b027-11f1-a9e7-eeee0a832ec0.OPERATION#http-nio-0.0.0.0-8080-exec-5#
[XS2StartProcessListener] Process variables: {
  "keepFiles" : false,
  "skipAppDigestCalculation" : false,
  "abortOnError" : false,
  "mtaId" : "capm-service",
  "noFailOnMissingPermissions" : false,
  "isSecurityEnabled" : false,
  "apiRequestPath" : "https://deploy-service.cf.us10-001.hana.ondemand.com/api/v1/spaces/583b4ec9-26f7-49b3-a891-378694e7062d/operations",
  "deleteServiceBrokers" : false,
  "appArchiveId" : "33d1a5c5-c25d-4d45-b926-7ebe0a260ef2",
  "isDisposableUserProvidedServiceEnabled" : false,
  "deleteServiceKeys" : false,
  "noRestartSubscribedApps" : false,
  "noStart" : false,
  "deleteServices" : false
}#
#2026 09 14 10:33:16.007#Z#DEBUG#b19c2800-b027-11f1-a9e7-eeee0a832ec0.OPERATION#flowable-async-job-executor-thread-2007#
[ValidateDeployParametersStep] Executing task "validateParametersTask" of process "b19c2826-b027-11f1-a9e7-eeee0a832ec0"...#
#2026 09 14 10:33:16.007#Z#DEBUG#b19c2800-b027-11f1-a9e7-eeee0a832ec0.OPERATION#flowable-async-job-executor-thread-2007#
[ValidateDeployParametersStep] Validating parameters...#
#2026 09 14 10:33:16.011#Z#INFO#b19c2800-b027-11f1-a9e7-eeee0a832ec0.OPERATION#flowable-async-job-executor-thread-2007#
[ValidateDeployParametersStep] Size of mtars is 5,635,670 and size of extension descriptors is 0#
#2026 09 14 10:33:16.045#Z#INFO#b19c2800-b027-11f1-a9e7-eeee0a832ec0.OPERATION#flowable-async-job-executor-thread-2007#
[ValidateDeployParametersStep] Archive was not split! Total size in bytes: 5,635,670#
#2026 09 14 10:33:16.045#Z#INFO#b19c2800-b027-11f1-a9e7-eeee0a832ec0.OPERATION#flowable-async-job-executor-thread-2007#
[ValidateDeployParametersStep] Deploying in org "ab417575trial" and space "dev"#
#2026 09 14 10:33:16.053#Z#DEBUG#b19c2800-b027-11f1-a9e7-eeee0a832ec0.OPERATION#flowable-async-job-executor-thread-2007#
[ValidateDeployParametersStep] Parameters validated#
#2026 09 14 10:33:16.053#Z#DEBUG#b19c2800-b027-11f1-a9e7-eeee0a832ec0.OPERATION#flowable-async-job-executor-thread-2007#
Step "Validate Parameters" finished#
#2026 09 14 10:33:16.084#Z#DEBUG#b19c2800-b027-11f1-a9e7-eeee0a832ec0.OPERATION#flowable-async-job-executor-thread-2007#
[DeleteRemainingFileParts] Executing task "deleteRemainingFileParts" of process "b19c2826-b027-11f1-a9e7-eeee0a832ec0"...#
#2026 09 14 10:33:16.085#Z#DEBUG#b19c2800-b027-11f1-a9e7-eeee0a832ec0.OPERATION#flowable-async-job-executor-thread-2007#
Step "Delete Remaining File Parts" finished#
#2026 09 14 10:33:16.117#Z#DEBUG#b19c2800-b027-11f1-a9e7-eeee0a832ec0.OPERATION#flowable-async-job-executor-thread-2006#
[XS2ProcessMtaArchiveStep] Executing task "processArchiveTask" of process "b19c2826-b027-11f1-a9e7-eeee0a832ec0"...#
#2026 09 14 10:33:16.119#Z#DEBUG#b19c2800-b027-11f1-a9e7-eeee0a832ec0.OPERATION#flowable-async-job-executor-thread-2006#
[XS2ProcessMtaArchiveStep] Processing MTA archive...#
#2026 09 14 10:33:16.119#Z#DEBUG#b19c2800-b027-11f1-a9e7-eeee0a832ec0.OPERATION#flowable-async-job-executor-thread-2006#
[XS2ProcessMtaArchiveStep] MTA Archive ID: 33d1a5c5-c25d-4d45-b926-7ebe0a260ef2#
#2026 09 14 10:33:16.278#Z#DEBUG#b19c2800-b027-11f1-a9e7-eeee0a832ec0.OPERATION#flowable-async-job-executor-thread-2006#
[XS2ProcessMtaArchiveStep] MTA Descriptor length: 1,140#
#2026 09 14 10:33:16.278#Z#DEBUG#b19c2800-b027-11f1-a9e7-eeee0a832ec0.OPERATION#flowable-async-job-executor-thread-2006#
[XS2ProcessMtaArchiveStep] MTA Archive Modules: [capm-service-db-deployer, capm-service-srv]#
#2026 09 14 10:33:16.278#Z#DEBUG#b19c2800-b027-11f1-a9e7-eeee0a832ec0.OPERATION#flowable-async-job-executor-thread-2006#
[XS2ProcessMtaArchiveStep] MTA Archive Requires: []#
#2026 09 14 10:33:16.278#Z#DEBUG#b19c2800-b027-11f1-a9e7-eeee0a832ec0.OPERATION#flowable-async-job-executor-thread-2006#
[XS2ProcessMtaArchiveStep] MTA Archive Resources: []#
#2026 09 14 10:33:16.285#Z#DEBUG#b19c2800-b027-11f1-a9e7-eeee0a832ec0.OPERATION#flowable-async-job-executor-thread-2006#
[XS2ProcessMtaArchiveStep] MTA archive processed#
#2026 09 14 10:33:16.285#Z#DEBUG#b19c2800-b027-11f1-a9e7-eeee0a832ec0.OPERATION#flowable-async-job-executor-thread-2006#
Step "Process Archive" finished#
#2026 09 14 10:33:16.318#Z#DEBUG#b19c2800-b027-11f1-a9e7-eeee0a832ec0.OPERATION#flowable-async-job-executor-thread-2006#
[ProcessMtaExtensionDescriptorsStep] Executing task "processExtensionDescriptorsTask" of process "b19c2826-b027-11f1-a9e7-eeee0a832ec0"...#
#2026 09 14 10:33:16.318#Z#DEBUG#b19c2800-b027-11f1-a9e7-eeee0a832ec0.OPERATION#flowable-async-job-executor-thread-2006#
[ProcessMtaExtensionDescriptorsStep] Processing MTA extension descriptors...#
#2026 09 14 10:33:16.319#Z#DEBUG#b19c2800-b027-11f1-a9e7-eeee0a832ec0.OPERATION#flowable-async-job-executor-thread-2006#
[ProcessMtaExtensionDescriptorsStep] Provided extension descriptors: [ ]#
#2026 09 14 10:33:16.319#Z#DEBUG#b19c2800-b027-11f1-a9e7-eeee0a832ec0.OPERATION#flowable-async-job-executor-thread-2006#
[ProcessMtaExtensionDescriptorsStep] No extension descriptors in use#
#2026 09 14 10:33:16.319#Z#DEBUG#b19c2800-b027-11f1-a9e7-eeee0a832ec0.OPERATION#flowable-async-job-executor-thread-2006#
[ProcessMtaExtensionDescriptorsStep] MTA extension descriptors processed#
#2026 09 14 10:33:16.319#Z#DEBUG#b19c2800-b027-11f1-a9e7-eeee0a832ec0.OPERATION#flowable-async-job-executor-thread-2006#
Step "Process Extension Descriptors" finished#
#2026 09 14 10:33:16.351#Z#DEBUG#b19c2800-b027-11f1-a9e7-eeee0a832ec0.OPERATION#flowable-async-job-executor-thread-2006#
[XS2DetectMtaSchemaVersionStep] Executing task "detectSchemaVersionTask" of process "b19c2826-b027-11f1-a9e7-eeee0a832ec0"...#
#2026 09 14 10:33:16.351#Z#DEBUG#b19c2800-b027-11f1-a9e7-eeee0a832ec0.OPERATION#flowable-async-job-executor-thread-2006#
[XS2DetectMtaSchemaVersionStep] Detecting MTA major schema version...#
#2026 09 14 10:33:16.353#Z#INFO#b19c2800-b027-11f1-a9e7-eeee0a832ec0.OPERATION#flowable-async-job-executor-thread-2006#
[XS2DetectMtaSchemaVersionStep] Detected MTA schema version: "3"#
#2026 09 14 10:33:16.356#Z#DEBUG#b19c2800-b027-11f1-a9e7-eeee0a832ec0.OPERATION#flowable-async-job-executor-thread-2006#
Step "Detect Schema Version" finished#
#2026 09 14 10:33:16.386#Z#DEBUG#b19c2800-b027-11f1-a9e7-eeee0a832ec0.OPERATION#flowable-async-job-executor-thread-2006#
[MergeDescriptorsStep] Executing task "mergeDescriptorsTask" of process "b19c2826-b027-11f1-a9e7-eeee0a832ec0"...#
#2026 09 14 10:33:16.387#Z#DEBUG#b19c2800-b027-11f1-a9e7-eeee0a832ec0.OPERATION#flowable-async-job-executor-thread-2006#
[MergeDescriptorsStep] Validating and merging descriptors...#
#2026 09 14 10:33:16.389#Z#DEBUG#b19c2800-b027-11f1-a9e7-eeee0a832ec0.OPERATION#flowable-async-job-executor-thread-2006#
[MergeDescriptorsStep] Merged deployment descriptor: {
  "majorSchemaVersion" : 3,
  "schemaVersion" : "3.3.0",
  "id" : "capm-service",
  "version" : "1.0.0",
  "modules" : [ {
    "majorSchemaVersion" : 3,
    "name" : "capm-service-srv",
    "type" : "javascript.nodejs",
    "path" : "capm-service-srv",
    "properties" : { },
    "parameters" : {
      "buildpack" : "nodejs_buildpack",
      "memory" : "256M"
    },
    "requiredDependencies" : [ {
      "majorSchemaVersion" : 3,
      "name" : "capm-service-db",
      "properties" : { },
      "parameters" : { },
      "propertiesMetadata" : {
        "metadata" : { }
      },
      "parametersMetadata" : {
        "metadata" : { }
      }
    }, {
      "majorSchemaVersion" : 3,
      "name" : "********",
      "properties" : { },
      "parameters" : { },
      "propertiesMetadata" : {
        "metadata" : { }
      },
      "parametersMetadata" : {
        "metadata" : { }
      }
    }, {
      "majorSchemaVersion" : 3,
      "name" : "capm-service-destination",
      "properties" : { },
      "parameters" : { },
      "propertiesMetadata" : {
        "metadata" : { }
      },
      "parametersMetadata" : {
        "metadata" : { }
      }
    }, {
      "majorSchemaVersion" : 3,
      "name" : "capm-service-spa-workflow",
      "properties" : { },
      "parameters" : { },
      "propertiesMetadata" : {
        "metadata" : { }
      },
      "parametersMetadata" : {
        "metadata" : { }
      }
    } ],
    "providedDependencies" : [ {
      "majorSchemaVersion" : 3,
      "name" : "srv-api",
      "isPublic" : false,
      "properties" : {
        "srv-url" : "${default-url}"
      },
      "parameters" : { },
      "propertiesMetadata" : {
        "metadata" : { }
      },
      "parametersMetadata" : {
        "metadata" : { }
      }
    }, {
      "majorSchemaVersion" : 3,
      "name" : "capm-service-srv",
      "isPublic" : false,
      "properties" : { },
      "parameters" : { },
      "propertiesMetadata" : {
        "metadata" : { }
      },
      "parametersMetadata" : {
        "metadata" : { }
      }
    } ],
    "propertiesMetadata" : {
      "metadata" : { }
    },
    "parametersMetadata" : {
      "metadata" : { }
    },
    "hooks" : [ ]
  }, {
    "majorSchemaVersion" : 3,
    "name" : "capm-service-db-deployer",
    "type" : "com.sap.xs.hdi",
    "path" : "capm-service-db-deployer",
    "properties" : {
      "EXIT" : 1
    },
    "parameters" : {
      "memory" : "256M",
      "buildpack" : "nodejs_buildpack",
      "no-route" : true,
      "dependency-type" : "hard",
      "tasks" : [ {
        "name" : "deploy",
        "memory" : "256M",
        "command" : "npm start"
      } ],
      "no-start" : true
    },
    "requiredDependencies" : [ {
      "majorSchemaVersion" : 3,
      "name" : "capm-service-db",
      "properties" : { },
      "parameters" : { },
      "propertiesMetadata" : {
        "metadata" : { }
      },
      "parametersMetadata" : {
        "metadata" : { }
      }
    } ],
    "providedDependencies" : [ {
      "majorSchemaVersion" : 3,
      "name" : "capm-service-db-deployer",
      "isPublic" : false,
      "properties" : { },
      "parameters" : { },
      "propertiesMetadata" : {
        "metadata" : { }
      },
      "parametersMetadata" : {
        "metadata" : { }
      }
    } ],
    "propertiesMetadata" : {
      "metadata" : { }
    },
    "parametersMetadata" : {
      "metadata" : { }
    },
    "hooks" : [ ]
  } ],
  "resources" : [ {
    "majorSchemaVersion" : 3,
    "name" : "capm-service-db",
    "type" : "com.sap.xs.hdi-container",
    "properties" : { },
    "parameters" : {
      "type" : "managed-service",
      "service" : "hana",
      "service-plan" : "hdi-shared"
    },
    "isActive" : true,
    "isOptional" : false,
    "propertiesMetadata" : {
      "metadata" : { }
    },
    "parametersMetadata" : {
      "metadata" : { }
    },
    "requiredDependencies" : [ ],
    "processedAfter" : [ ]
  }, {
    "majorSchemaVersion" : 3,
    "name" : "********",
    "type" : "org.cloudfoundry.managed-service",
    "properties" : { },
    "parameters" : {
      "type" : "managed-service",
      "service" : "xsuaa",
      "service-plan" : "application"
    },
    "isActive" : true,
    "isOptional" : false,
    "propertiesMetadata" : {
      "metadata" : { }
    },
    "parametersMetadata" : {
      "metadata" : { }
    },
    "requiredDependencies" : [ ],
    "processedAfter" : [ ]
  }, {
    "majorSchemaVersion" : 3,
    "name" : "capm-service-destination",
    "type" : "org.cloudfoundry.managed-service",
    "properties" : { },
    "parameters" : {
      "type" : "managed-service",
      "service" : "destination",
      "service-plan" : "lite"
    },
    "isActive" : true,
    "isOptional" : false,
    "propertiesMetadata" : {
      "metadata" : { }
    },
    "parametersMetadata" : {
      "metadata" : { }
    },
    "requiredDependencies" : [ ],
    "processedAfter" : [ ]
  }, {
    "majorSchemaVersion" : 3,
    "name" : "capm-service-spa-workflow",
    "type" : "org.cloudfoundry.managed-service",
    "properties" : { },
    "parameters" : {
      "type" : "managed-service",
      "service" : "process-automation-service",
      "service-plan" : "standard"
    },
    "isActive" : true,
    "isOptional" : false,
    "propertiesMetadata" : {
      "metadata" : { }
    },
    "parametersMetadata" : {
      "metadata" : { }
    },
    "requiredDependencies" : [ ],
    "processedAfter" : [ ]
  } ],
  "parameters" : { },
  "parametersMetadata" : {
    "metadata" : { }
  }
}#
#2026 09 14 10:33:16.390#Z#DEBUG#b19c2800-b027-11f1-a9e7-eeee0a832ec0.OPERATION#flowable-async-job-executor-thread-2006#
[MergeDescriptorsStep] Descriptors validated and merged#
#2026 09 14 10:33:16.390#Z#DEBUG#b19c2800-b027-11f1-a9e7-eeee0a832ec0.OPERATION#flowable-async-job-executor-thread-2006#
Step "Merge Descriptors" finished#
#2026 09 14 10:33:16.419#Z#DEBUG#b19c2800-b027-11f1-a9e7-eeee0a832ec0.OPERATION#flowable-async-job-executor-thread-2006#
[CollectCloudLoggingServiceParametersStep] Executing task "sid-9C5714DF-CEC8-4019-8873-CBBA99AC459A" of process "b19c2826-b027-11f1-a9e7-eeee0a832ec0"...#
#2026 09 14 10:33:16.421#Z#DEBUG#b19c2800-b027-11f1-a9e7-eeee0a832ec0.OPERATION#flowable-async-job-executor-thread-2006#
Step "Collect Cloud Logging Service Parameters" finished#
#2026 09 14 10:33:16.448#Z#DEBUG#b19c2800-b027-11f1-a9e7-eeee0a832ec0.OPERATION#flowable-async-job-executor-thread-2005#
[DetectDeployedMtaStep] Executing task "detectDeployedMtaTask" of process "b19c2826-b027-11f1-a9e7-eeee0a832ec0"...#
#2026 09 14 10:33:16.449#Z#DEBUG#b19c2800-b027-11f1-a9e7-eeee0a832ec0.OPERATION#flowable-async-job-executor-thread-2005#
[DetectDeployedMtaStep] Detecting deployed MTA...#
#2026 09 14 10:33:16.539#Z#DEBUG#b19c2800-b027-11f1-a9e7-eeee0a832ec0.OPERATION#flowable-async-job-executor-thread-2005#
[DetectDeployedMtaStep] Detecting MTA by id capm-service and namespace null#
#2026 09 14 10:33:16.539#Z#DEBUG#b19c2800-b027-11f1-a9e7-eeee0a832ec0.OPERATION#flowable-async-job-executor-thread-2005#
[DetectDeployedMtaStep] Getting applications by metadata label selector "mta_id=af60f329bdffcb9b92e7445332fe6ba2,!mta_namespace"...#
#2026 09 14 10:33:16.595#Z#DEBUG#b19c2800-b027-11f1-a9e7-eeee0a832ec0.OPERATION#flowable-async-job-executor-thread-2005#
[DetectDeployedMtaStep] Getting service instances by metadata label selector "mta_id=af60f329bdffcb9b92e7445332fe6ba2,!mta_namespace"...#
#2026 09 14 10:33:16.738#Z#DEBUG#b19c2800-b027-11f1-a9e7-eeee0a832ec0.OPERATION#flowable-async-job-executor-thread-2005#
[DetectDeployedMtaStep] Deployed MTA: {
  "metadata" : {
    "id" : "capm-service",
    "version" : "1.0.0"
  },
  "applications" : [ {
    "name" : "capm-service-srv",
    "metadata" : {
      "guid" : "0633157c-47cd-4e1d-a58c-3252fa278ffe",
      "createdAt" : [ 2026, 9, 10, 9, 43, 45 ],
      "updatedAt" : [ 2026, 9, 14, 10, 23, 12 ]
    },
    "v3Metadata" : {
      "annotations" : {
        "mta_id" : "capm-service",
        "mta_version" : "1.0.0",
        "mta_module" : "{\"name\":\"capm-service-srv\"}",
        "mta_module_provided_dependencies" : "[]",
        "mta_bound_services" : "********"
      },
      "labels" : {
        "mta_id" : "af60f329bdffcb9b92e7445332fe6ba2"
      }
    },
    "state" : "STARTED",
    "lifecycle" : {
      "type" : "BUILDPACK",
      "data" : {
        "stack" : "cflinuxfs4",
        "buildpacks" : [ "nodejs_buildpack" ]
      }
    },
    "space" : {
      "name" : "dev",
      "metadata" : {
        "guid" : "583b4ec9-26f7-49b3-a891-378694e7062d",
        "createdAt" : [ 2026, 8, 16, 5, 18, 30 ],
        "updatedAt" : [ 2026, 8, 16, 5, 18, 30 ]
      },
      "organization" : {
        "name" : "ab417575trial",
        "metadata" : {
          "guid" : "06d1c646-2b36-4a95-9166-dd9f50eeb7f9",
          "createdAt" : [ 2026, 8, 16, 5, 18, 28 ],
          "updatedAt" : [ 2026, 8, 16, 5, 18, 30 ]
        }
      }
    },
    "moduleName" : "capm-service-srv",
    "boundMtaServices" : [ "capm-service-db", "********", "capm-service-destination", "capm-service-spa-workflow" ],
    "providedDependencyNames" : [ ],
    "productizationState" : "LIVE"
  }, {
    "name" : "capm-service-db-deployer",
    "metadata" : {
      "guid" : "070d8486-d915-4207-813d-4e7e9b8a0d10",
      "createdAt" : [ 2026, 9, 10, 9, 43, 47 ],
      "updatedAt" : [ 2026, 9, 14, 10, 25, 45 ]
    },
    "v3Metadata" : {
      "annotations" : {
        "mta_id" : "capm-service",
        "mta_version" : "1.0.0",
        "mta_module" : "{\"name\":\"capm-service-db-deployer\"}",
        "mta_module_provided_dependencies" : "[]",
        "mta_bound_services" : "[\"capm-service-db\"]"
      },
      "labels" : {
        "mta_id" : "af60f329bdffcb9b92e7445332fe6ba2"
      }
    },
    "state" : "STOPPED",
    "lifecycle" : {
      "type" : "BUILDPACK",
      "data" : {
        "stack" : "cflinuxfs4",
        "buildpacks" : [ "nodejs_buildpack" ]
      }
    },
    "space" : {
      "name" : "dev",
      "metadata" : {
        "guid" : "583b4ec9-26f7-49b3-a891-378694e7062d",
        "createdAt" : [ 2026, 8, 16, 5, 18, 30 ],
        "updatedAt" : [ 2026, 8, 16, 5, 18, 30 ]
      },
      "organization" : {
        "name" : "ab417575trial",
        "metadata" : {
          "guid" : "06d1c646-2b36-4a95-9166-dd9f50eeb7f9",
          "createdAt" : [ 2026, 8, 16, 5, 18, 28 ],
          "updatedAt" : [ 2026, 8, 16, 5, 18, 30 ]
        }
      }
    },
    "moduleName" : "capm-service-db-deployer",
    "boundMtaServices" : [ "capm-service-db" ],
    "providedDependencyNames" : [ ],
    "productizationState" : "LIVE"
  }, {
    "name" : "capm-service-approuter",
    "metadata" : {
      "guid" : "acffc01e-e141-4d23-8bb2-0c336eb34d02",
      "createdAt" : [ 2026, 9, 10, 9, 43, 48 ],
      "updatedAt" : [ 2026, 9, 14, 0, 8, 19 ]
    },
    "v3Metadata" : {
      "annotations" : {
        "mta_id" : "capm-service",
        "mta_version" : "1.0.0",
        "mta_module" : "{\"name\":\"capm-service-approuter\"}",
        "mta_module_provided_dependencies" : "[]",
        "mta_bound_services" : "********"
      },
      "labels" : {
        "mta_id" : "af60f329bdffcb9b92e7445332fe6ba2"
      }
    },
    "state" : "STOPPED",
    "lifecycle" : {
      "type" : "BUILDPACK",
      "data" : {
        "stack" : "cflinuxfs4",
        "buildpacks" : [ ]
      }
    },
    "space" : {
      "name" : "dev",
      "metadata" : {
        "guid" : "583b4ec9-26f7-49b3-a891-378694e7062d",
        "createdAt" : [ 2026, 8, 16, 5, 18, 30 ],
        "updatedAt" : [ 2026, 8, 16, 5, 18, 30 ]
      },
      "organization" : {
        "name" : "ab417575trial",
        "metadata" : {
          "guid" : "06d1c646-2b36-4a95-9166-dd9f50eeb7f9",
          "createdAt" : [ 2026, 8, 16, 5, 18, 28 ],
          "updatedAt" : [ 2026, 8, 16, 5, 18, 30 ]
        }
      }
    },
    "moduleName" : "capm-service-approuter",
    "boundMtaServices" : [ "********", "capm-service-html5-repo-runtime", "capm-service-destination-service" ],
    "providedDependencyNames" : [ ],
    "productizationState" : "LIVE"
  } ],
  "services" : [ {
    "name" : "capm-service-html5-repo-runtime",
    "metadata" : {
      "guid" : "f07cb3d2-de2b-44aa-85d1-cd245e588215",
      "createdAt" : [ 2026, 9, 10, 9, 43, 29 ],
      "updatedAt" : [ 2026, 9, 10, 9, 43, 29 ]
    },
    "v3Metadata" : {
      "annotations" : {
        "mta_id" : "capm-service",
        "mta_version" : "1.0.0",
        "mta_resource" : "{\"name\":\"capm-service-html5-repo-runtime\"}"
      },
      "labels" : {
        "mta_id" : "af60f329bdffcb9b92e7445332fe6ba2"
      }
    },
    "label" : "html5-apps-repo",
    "plan" : "app-runtime",
    "credentials" : "********",
    "tags" : [ ],
    "type" : "managed",
    "lastOperation" : {
      "type" : "CREATE",
      "description" : "",
      "state" : "SUCCEEDED"
    },
    "resourceName" : "capm-service-html5-repo-runtime"
  }, {
    "name" : "capm-service-spa-workflow",
    "metadata" : {
      "guid" : "b3801c8c-5a92-4041-8d53-a002c0004912",
      "createdAt" : [ 2026, 9, 14, 9, 35, 48 ],
      "updatedAt" : [ 2026, 9, 14, 9, 35, 48 ]
    },
    "v3Metadata" : {
      "annotations" : {
        "mta_id" : "capm-service",
        "mta_version" : "1.0.0",
        "mta_resource" : "{\"name\":\"capm-service-spa-workflow\"}"
      },
      "labels" : {
        "mta_id" : "af60f329bdffcb9b92e7445332fe6ba2"
      }
    },
    "label" : "process-automation-service",
    "plan" : "standard",
    "credentials" : "********",
    "tags" : [ ],
    "type" : "managed",
    "lastOperation" : {
      "type" : "CREATE",
      "description" : "",
      "state" : "SUCCEEDED"
    },
    "resourceName" : "capm-service-spa-workflow"
  }, {
    "name" : "capm-service-destination-service",
    "metadata" : {
      "guid" : "fddab71c-b12d-429c-ae3b-77c6179656d7",
      "createdAt" : [ 2026, 9, 10, 9, 43, 26 ],
      "updatedAt" : [ 2026, 9, 10, 9, 43, 28 ]
    },
    "v3Metadata" : {
      "annotations" : {
        "mta_id" : "capm-service",
        "mta_version" : "1.0.0",
        "mta_resource" : "{\"name\":\"capm-service-destination-service\"}"
      },
      "labels" : {
        "mta_id" : "af60f329bdffcb9b92e7445332fe6ba2"
      }
    },
    "label" : "destination",
    "plan" : "lite",
    "credentials" : "********",
    "tags" : [ ],
    "type" : "managed",
    "lastOperation" : {
      "type" : "UPDATE",
      "description" : "",
      "state" : "SUCCEEDED"
    },
    "resourceName" : "capm-service-destination-service"
  }, {
    "name" : "capm-service-destination",
    "metadata" : {
      "guid" : "fcec4849-0b10-4503-826e-49b58e462f8a",
      "createdAt" : [ 2026, 9, 14, 9, 31, 35 ],
      "updatedAt" : [ 2026, 9, 14, 9, 31, 36 ]
    },
    "v3Metadata" : {
      "annotations" : {
        "mta_id" : "capm-service",
        "mta_version" : "1.0.0",
        "mta_resource" : "{\"name\":\"capm-service-destination\"}"
      },
      "labels" : {
        "mta_id" : "af60f329bdffcb9b92e7445332fe6ba2"
      }
    },
    "label" : "destination",
    "plan" : "lite",
    "credentials" : "********",
    "tags" : [ ],
    "type" : "managed",
    "lastOperation" : {
      "type" : "CREATE",
      "description" : "",
      "state" : "SUCCEEDED"
    },
    "resourceName" : "capm-service-destination"
  }, {
    "name" : "capm-service-html5-service",
    "metadata" : {
      "guid" : "b7e02daf-713f-45ec-ab13-b6a762eb4c2d",
      "createdAt" : [ 2026, 9, 10, 9, 43, 26 ],
      "updatedAt" : [ 2026, 9, 10, 9, 43, 26 ]
    },
    "v3Metadata" : {
      "annotations" : {
        "mta_id" : "capm-service",
        "mta_version" : "1.0.0",
        "mta_resource" : "{\"name\":\"capm-service-repo-host\"}"
      },
      "labels" : {
        "mta_id" : "af60f329bdffcb9b92e7445332fe6ba2"
      }
    },
    "label" : "html5-apps-repo",
    "plan" : "app-host",
    "credentials" : "********",
    "tags" : [ ],
    "type" : "managed",
    "lastOperation" : {
      "type" : "CREATE",
      "description" : "",
      "state" : "SUCCEEDED"
    },
    "resourceName" : "capm-service-repo-host"
  }, {
    "name" : "********",
    "metadata" : {
      "guid" : "a1bed4fc-6fd9-4cc3-b974-fc23e68b5d5a",
      "createdAt" : [ 2026, 9, 10, 9, 43, 25 ],
      "updatedAt" : [ 2026, 9, 10, 9, 43, 26 ]
    },
    "v3Metadata" : {
      "annotations" : {
        "mta_id" : "capm-service",
        "mta_version" : "1.0.0",
        "mta_resource" : "********"
      },
      "labels" : {
        "mta_id" : "af60f329bdffcb9b92e7445332fe6ba2"
      }
    },
    "label" : "xsuaa",
    "plan" : "application",
    "credentials" : "********",
    "tags" : [ ],
    "type" : "managed",
    "lastOperation" : {
      "type" : "UPDATE",
      "description" : "Error updating application capm-service!t703174 (Cannot change AppId with update. Old AppId: capm-service-ab417575trial-dev!t703174 New AppId: capm-service!t703174)",
      "state" : "FAILED"
    },
    "resourceName" : "********"
  }, {
    "name" : "capm-service-db",
    "metadata" : {
      "guid" : "47a9cc1a-989e-4008-b793-11d76cbb2352",
      "createdAt" : [ 2026, 9, 10, 9, 43, 27 ],
      "updatedAt" : [ 2026, 9, 10, 9, 43, 27 ]
    },
    "v3Metadata" : {
      "annotations" : {
        "mta_id" : "capm-service",
        "mta_version" : "1.0.0",
        "mta_resource" : "{\"name\":\"capm-service-db\"}"
      },
      "labels" : {
        "mta_id" : "af60f329bdffcb9b92e7445332fe6ba2"
      }
    },
    "label" : "hana",
    "plan" : "hdi-shared",
    "credentials" : "********",
    "tags" : [ ],
    "type" : "managed",
    "lastOperation" : {
      "type" : "CREATE",
      "state" : "SUCCEEDED"
    },
    "resourceName" : "capm-service-db"
  } ]
}#
#2026 09 14 10:33:16.738#Z#INFO#b19c2800-b027-11f1-a9e7-eeee0a832ec0.OPERATION#flowable-async-job-executor-thread-2005#
[DetectDeployedMtaStep] Detected deployed MTA with ID "capm-service" and version "1.0.0"#
#2026 09 14 10:33:16.742#Z#DEBUG#b19c2800-b027-11f1-a9e7-eeee0a832ec0.OPERATION#flowable-async-job-executor-thread-2005#
[DetectDeployedMtaStep] Detecting backup mta by id "capm-service" and namespace "null"#
#2026 09 14 10:33:16.742#Z#DEBUG#b19c2800-b027-11f1-a9e7-eeee0a832ec0.OPERATION#flowable-async-job-executor-thread-2005#
[DetectDeployedMtaStep] Getting applications by metadata label selector "mta_id=af60f329bdffcb9b92e7445332fe6ba2,mta_namespace=b698114a0995e936895b9598a6c19a2c"...#
#2026 09 14 10:33:16.768#Z#DEBUG#b19c2800-b027-11f1-a9e7-eeee0a832ec0.OPERATION#flowable-async-job-executor-thread-2005#
[DetectDeployedMtaStep] Getting service instances by metadata label selector "mta_id=af60f329bdffcb9b92e7445332fe6ba2,mta_namespace=b698114a0995e936895b9598a6c19a2c"...#
#2026 09 14 10:33:16.833#Z#DEBUG#b19c2800-b027-11f1-a9e7-eeee0a832ec0.OPERATION#flowable-async-job-executor-thread-2005#
[DetectDeployedMtaStep] Deployed MTA service keys: [ {
  "name" : "********",
  "metadata" : {
    "guid" : "9e60db17-bb5c-49ae-ab2c-02270c452953",
    "createdAt" : [ 2026, 9, 10, 9, 43, 44 ],
    "updatedAt" : [ 2026, 9, 10, 9, 43, 45 ]
  },
  "v3Metadata" : {
    "annotations" : {
      "mta_id" : "capm-service",
      "mta_version" : "1.0.0"
    },
    "labels" : {
      "mta_id" : "af60f329bdffcb9b92e7445332fe6ba2",
      "space_guid" : "583b4ec9-26f7-49b3-a891-378694e7062d"
    }
  },
  "serviceInstance" : {
    "name" : "capm-service-html5-service",
    "metadata" : {
      "guid" : "b7e02daf-713f-45ec-ab13-b6a762eb4c2d",
      "createdAt" : [ 2026, 9, 10, 9, 43, 26 ],
      "updatedAt" : [ 2026, 9, 10, 9, 43, 26 ]
    },
    "v3Metadata" : {
      "annotations" : {
        "mta_id" : "capm-service",
        "mta_version" : "1.0.0",
        "mta_resource" : "{\"name\":\"capm-service-repo-host\"}"
      },
      "labels" : {
        "mta_id" : "af60f329bdffcb9b92e7445332fe6ba2"
      }
    },
    "credentials" : "********",
    "tags" : [ ],
    "type" : "managed"
  }
}, {
  "name" : "********",
  "metadata" : {
    "guid" : "f00f5761-d642-4303-ba4a-65bc0b531154",
    "createdAt" : [ 2026, 9, 11, 17, 21, 15 ],
    "updatedAt" : [ 2026, 9, 11, 17, 21, 15 ]
  },
  "v3Metadata" : {
    "annotations" : {
      "mta_id" : "capm-service",
      "mta_version" : "1.0.0"
    },
    "labels" : {
      "mta_id" : "af60f329bdffcb9b92e7445332fe6ba2",
      "space_guid" : "583b4ec9-26f7-49b3-a891-378694e7062d"
    }
  },
  "serviceInstance" : {
    "name" : "********",
    "metadata" : {
      "guid" : "a1bed4fc-6fd9-4cc3-b974-fc23e68b5d5a",
      "createdAt" : [ 2026, 9, 10, 9, 43, 25 ],
      "updatedAt" : [ 2026, 9, 10, 9, 43, 26 ]
    },
    "v3Metadata" : {
      "annotations" : {
        "mta_id" : "capm-service",
        "mta_version" : "1.0.0",
        "mta_resource" : "********"
      },
      "labels" : {
        "mta_id" : "af60f329bdffcb9b92e7445332fe6ba2"
      }
    },
    "credentials" : "********",
    "tags" : [ ],
    "type" : "managed"
  }
}, {
  "name" : "********",
  "metadata" : {
    "guid" : "e75c9088-6091-44b2-9be2-b598c2a415d0",
    "createdAt" : [ 2026, 9, 11, 17, 21, 15 ],
    "updatedAt" : [ 2026, 9, 11, 17, 21, 16 ]
  },
  "v3Metadata" : {
    "annotations" : {
      "mta_id" : "capm-service",
      "mta_version" : "1.0.0"
    },
    "labels" : {
      "mta_id" : "af60f329bdffcb9b92e7445332fe6ba2",
      "space_guid" : "583b4ec9-26f7-49b3-a891-378694e7062d"
    }
  },
  "serviceInstance" : {
    "name" : "capm-service-destination-service",
    "metadata" : {
      "guid" : "fddab71c-b12d-429c-ae3b-77c6179656d7",
      "createdAt" : [ 2026, 9, 10, 9, 43, 26 ],
      "updatedAt" : [ 2026, 9, 10, 9, 43, 28 ]
    },
    "v3Metadata" : {
      "annotations" : {
        "mta_id" : "capm-service",
        "mta_version" : "1.0.0",
        "mta_resource" : "{\"name\":\"capm-service-destination-service\"}"
      },
      "labels" : {
        "mta_id" : "af60f329bdffcb9b92e7445332fe6ba2"
      }
    },
    "credentials" : "********",
    "tags" : [ ],
    "type" : "managed"
  }
} ]#
#2026 09 14 10:33:16.833#Z#DEBUG#b19c2800-b027-11f1-a9e7-eeee0a832ec0.OPERATION#flowable-async-job-executor-thread-2005#
Step "Detect Deployed MTA" finished#
#2026 09 14 10:33:16.865#Z#DEBUG#b19c2800-b027-11f1-a9e7-eeee0a832ec0.OPERATION#flowable-async-job-executor-thread-2009#
[XS2CollectSystemParametersStep] Executing task "collectSystemParametersTask" of process "b19c2826-b027-11f1-a9e7-eeee0a832ec0"...#
#2026 09 14 10:33:16.866#Z#DEBUG#b19c2800-b027-11f1-a9e7-eeee0a832ec0.OPERATION#flowable-async-job-executor-thread-2009#
[XS2CollectSystemParametersStep] Collecting system parameters...#
#2026 09 14 10:33:16.866#Z#DEBUG#b19c2800-b027-11f1-a9e7-eeee0a832ec0.OPERATION#flowable-async-job-executor-thread-2009#
[XS2CollectSystemParametersStep] Getting default domain...#
#2026 09 14 10:33:16.892#Z#DEBUG#b19c2800-b027-11f1-a9e7-eeee0a832ec0.OPERATION#flowable-async-job-executor-thread-2009#
[XS2CollectSystemParametersStep] Default domain: cfapps.us10-001.hana.ondemand.com#
#2026 09 14 10:33:16.893#Z#DEBUG#b19c2800-b027-11f1-a9e7-eeee0a832ec0.OPERATION#flowable-async-job-executor-thread-2009#
[XS2CollectSystemParametersStep] Checking for overwriting read-only parameters for mta with id: "capm-service"#
#2026 09 14 10:33:16.893#Z#DEBUG#b19c2800-b027-11f1-a9e7-eeee0a832ec0.OPERATION#flowable-async-job-executor-thread-2009#
[XS2CollectSystemParametersStep] No read-only parameters are overwritten#
#2026 09 14 10:33:16.903#Z#DEBUG#b19c2800-b027-11f1-a9e7-eeee0a832ec0.OPERATION#flowable-async-job-executor-thread-2009#
[XS2CollectSystemParametersStep] Descriptor with system parameters: {
  "majorSchemaVersion" : 3,
  "schemaVersion" : "3.3.0",
  "id" : "capm-service",
  "version" : "1.0.0",
  "modules" : [ {
    "majorSchemaVersion" : 3,
    "name" : "capm-service-srv",
    "type" : "javascript.nodejs",
    "path" : "capm-service-srv",
    "properties" : { },
    "parameters" : {
      "default-url" : "${protocol}://${default-uri}",
      "default-app-name" : "capm-service-srv",
      "generated-password" : "********",
      "default-live-url" : "${protocol}://${default-live-uri}",
      "default-uri" : "${host}.${domain}",
      "memory" : "256M",
      "default-instances" : 1,
      "default-live-host" : "ab417575trial-dev-capm-service-srv",
      "instances" : "${default-instances}",
      "buildpack" : "nodejs_buildpack",
      "default-host" : "ab417575trial-dev-capm-service-srv",
      "app-name" : "${default-app-name}",
      "default-live-uri" : "ab417575trial-dev-capm-service-srv.${domain}",
      "protocol" : "https",
      "default-live-app-name" : "capm-service-srv",
      "default-live-domain" : "cfapps.us10-001.hana.ondemand.com",
      "domain" : "${default-domain}",
      "host" : "${default-host}",
      "generated-user" : "********"
    },
    "requiredDependencies" : [ {
      "majorSchemaVersion" : 3,
      "name" : "capm-service-db",
      "properties" : { },
      "parameters" : { },
      "propertiesMetadata" : {
        "metadata" : { }
      },
      "parametersMetadata" : {
        "metadata" : { }
      }
    }, {
      "majorSchemaVersion" : 3,
      "name" : "********",
      "properties" : { },
      "parameters" : { },
      "propertiesMetadata" : {
        "metadata" : { }
      },
      "parametersMetadata" : {
        "metadata" : { }
      }
    }, {
      "majorSchemaVersion" : 3,
      "name" : "capm-service-destination",
      "properties" : { },
      "parameters" : { },
      "propertiesMetadata" : {
        "metadata" : { }
      },
      "parametersMetadata" : {
        "metadata" : { }
      }
    }, {
      "majorSchemaVersion" : 3,
      "name" : "capm-service-spa-workflow",
      "properties" : { },
      "parameters" : { },
      "propertiesMetadata" : {
        "metadata" : { }
      },
      "parametersMetadata" : {
        "metadata" : { }
      }
    } ],
    "providedDependencies" : [ {
      "majorSchemaVersion" : 3,
      "name" : "srv-api",
      "isPublic" : false,
      "properties" : {
        "srv-url" : "${default-url}"
      },
      "parameters" : { },
      "propertiesMetadata" : {
        "metadata" : { }
      },
      "parametersMetadata" : {
        "metadata" : { }
      }
    }, {
      "majorSchemaVersion" : 3,
      "name" : "capm-service-srv",
      "isPublic" : false,
      "properties" : { },
      "parameters" : { },
      "propertiesMetadata" : {
        "metadata" : { }
      },
      "parametersMetadata" : {
        "metadata" : { }
      }
    } ],
    "propertiesMetadata" : {
      "metadata" : { }
    },
    "parametersMetadata" : {
      "metadata" : { }
    },
    "hooks" : [ ]
  }, {
    "majorSchemaVersion" : 3,
    "name" : "capm-service-db-deployer",
    "type" : "com.sap.xs.hdi",
    "path" : "capm-service-db-deployer",
    "properties" : {
      "EXIT" : 1
    },
    "parameters" : {
      "default-url" : "${protocol}://${default-uri}",
      "default-app-name" : "capm-service-db-deployer",
      "generated-password" : "********",
      "default-live-url" : "${protocol}://${default-live-uri}",
      "default-uri" : "${host}.${domain}",
      "memory" : "256M",
      "default-instances" : 1,
      "no-route" : true,
      "default-live-host" : "ab417575trial-dev-capm-service-db-deployer",
      "instances" : "${default-instances}",
      "buildpack" : "nodejs_buildpack",
      "default-host" : "ab417575trial-dev-capm-service-db-deployer",
      "app-name" : "${default-app-name}",
      "default-live-uri" : "ab417575trial-dev-capm-service-db-deployer.${domain}",
      "protocol" : "https",
      "default-live-app-name" : "capm-service-db-deployer",
      "default-live-domain" : "cfapps.us10-001.hana.ondemand.com",
      "dependency-type" : "hard",
      "domain" : "${default-domain}",
      "host" : "${default-host}",
      "generated-user" : "********",
      "tasks" : [ {
        "name" : "deploy",
        "memory" : "256M",
        "command" : "npm start"
      } ],
      "no-start" : true
    },
    "requiredDependencies" : [ {
      "majorSchemaVersion" : 3,
      "name" : "capm-service-db",
      "properties" : { },
      "parameters" : { },
      "propertiesMetadata" : {
        "metadata" : { }
      },
      "parametersMetadata" : {
        "metadata" : { }
      }
    } ],
    "providedDependencies" : [ {
      "majorSchemaVersion" : 3,
      "name" : "capm-service-db-deployer",
      "isPublic" : false,
      "properties" : { },
      "parameters" : { },
      "propertiesMetadata" : {
        "metadata" : { }
      },
      "parametersMetadata" : {
        "metadata" : { }
      }
    } ],
    "propertiesMetadata" : {
      "metadata" : { }
    },
    "parametersMetadata" : {
      "metadata" : { }
    },
    "hooks" : [ ]
  } ],
  "resources" : [ {
    "majorSchemaVersion" : 3,
    "name" : "capm-service-db",
    "type" : "com.sap.xs.hdi-container",
    "properties" : { },
    "parameters" : {
      "generated-password" : "********",
      "service-name" : "${default-service-name}",
      "service-plan" : "hdi-shared",
      "service" : "hana",
      "generated-user" : "********",
      "default-xsappname" : "capm-service-db",
      "type" : "managed-service",
      "default-service-name" : "capm-service-db",
      "default-container-name" : "AB417575TRIAL_DEV_CAPM_SERVICE_DB"
    },
    "isActive" : true,
    "isOptional" : false,
    "propertiesMetadata" : {
      "metadata" : { }
    },
    "parametersMetadata" : {
      "metadata" : { }
    },
    "requiredDependencies" : [ ],
    "processedAfter" : [ ]
  }, {
    "majorSchemaVersion" : 3,
    "name" : "********",
    "type" : "org.cloudfoundry.managed-service",
    "properties" : { },
    "parameters" : {
      "generated-password" : "********",
      "service-name" : "${default-service-name}",
      "service-plan" : "application",
      "service" : "xsuaa",
      "generated-user" : "********",
      "default-xsappname" : "********",
      "type" : "managed-service",
      "default-service-name" : "********",
      "default-container-name" : "********"
    },
    "isActive" : true,
    "isOptional" : false,
    "propertiesMetadata" : {
      "metadata" : { }
    },
    "parametersMetadata" : {
      "metadata" : { }
    },
    "requiredDependencies" : [ ],
    "processedAfter" : [ ]
  }, {
    "majorSchemaVersion" : 3,
    "name" : "capm-service-destination",
    "type" : "org.cloudfoundry.managed-service",
    "properties" : { },
    "parameters" : {
      "generated-password" : "********",
      "service-name" : "${default-service-name}",
      "service-plan" : "lite",
      "service" : "destination",
      "generated-user" : "********",
      "default-xsappname" : "capm-service-destination",
      "type" : "managed-service",
      "default-service-name" : "capm-service-destination",
      "default-container-name" : "AB417575TRIAL_DEV_CAPM_SERVICE_DESTINATION"
    },
    "isActive" : true,
    "isOptional" : false,
    "propertiesMetadata" : {
      "metadata" : { }
    },
    "parametersMetadata" : {
      "metadata" : { }
    },
    "requiredDependencies" : [ ],
    "processedAfter" : [ ]
  }, {
    "majorSchemaVersion" : 3,
    "name" : "capm-service-spa-workflow",
    "type" : "org.cloudfoundry.managed-service",
    "properties" : { },
    "parameters" : {
      "generated-password" : "********",
      "service-name" : "${default-service-name}",
      "service-plan" : "standard",
      "service" : "process-automation-service",
      "generated-user" : "********",
      "default-xsappname" : "capm-service-spa-workflow",
      "type" : "managed-service",
      "default-service-name" : "capm-service-spa-workflow",
      "default-container-name" : "AB417575TRIAL_DEV_CAPM_SERVICE_SPA_WORKFLOW"
    },
    "isActive" : true,
    "isOptional" : false,
    "propertiesMetadata" : {
      "metadata" : { }
    },
    "parametersMetadata" : {
      "metadata" : { }
    },
    "requiredDependencies" : [ ],
    "processedAfter" : [ ]
  } ],
  "parameters" : {
    "mta-id" : "capm-service",
    "authorization-url" : "********",
    "org-guid" : "06d1c646-2b36-4a95-9166-dd9f50eeb7f9",
    "org" : "ab417575trial",
    "deploy-target" : "ab417575trial dev",
    "space" : "dev",
    "xs-api-url" : "https://api.cf.us10-001.hana.ondemand.com",
    "deploy-url" : "deploy-service.cfapps.us10-001.hana.ondemand.com",
    "xs-type" : "CF",
    "default-domain" : "cfapps.us10-001.hana.ondemand.com",
    "mta-version" : "1.0.0",
    "xs-auth-url" : "********",
    "space-guid" : "583b4ec9-26f7-49b3-a891-378694e7062d",
    "user" : "********",
    "controller-url" : "https://api.cf.us10-001.hana.ondemand.com",
    "timestamp" : "20260914103315"
  },
  "parametersMetadata" : {
    "metadata" : { }
  }
}#
#2026 09 14 10:33:16.905#Z#DEBUG#b19c2800-b027-11f1-a9e7-eeee0a832ec0.OPERATION#flowable-async-job-executor-thread-2009#
[XS2CollectSystemParametersStep] Version rule: SAME_HIGHER#
#2026 09 14 10:33:16.905#Z#INFO#b19c2800-b027-11f1-a9e7-eeee0a832ec0.OPERATION#flowable-async-job-executor-thread-2009#
[XS2CollectSystemParametersStep] Detected new MTA version: "1.0.0"#
#2026 09 14 10:33:16.908#Z#INFO#b19c2800-b027-11f1-a9e7-eeee0a832ec0.OPERATION#flowable-async-job-executor-thread-2009#
[XS2CollectSystemParametersStep] Deployed MTA version: "1.0.0"#
#2026 09 14 10:33:16.912#Z#DEBUG#b19c2800-b027-11f1-a9e7-eeee0a832ec0.OPERATION#flowable-async-job-executor-thread-2009#
[XS2CollectSystemParametersStep] MTA accepted for deployment#
#2026 09 14 10:33:16.912#Z#DEBUG#b19c2800-b027-11f1-a9e7-eeee0a832ec0.OPERATION#flowable-async-job-executor-thread-2009#
[XS2CollectSystemParametersStep] System parameters collected#
#2026 09 14 10:33:16.913#Z#DEBUG#b19c2800-b027-11f1-a9e7-eeee0a832ec0.OPERATION#flowable-async-job-executor-thread-2009#
Step "Collect System Parameters" finished#
#2026 09 14 10:33:16.942#Z#DEBUG#b19c2800-b027-11f1-a9e7-eeee0a832ec0.OPERATION#flowable-async-job-executor-thread-2009#
[ProcessDescriptorStep] Executing task "processDescriptorTask" of process "b19c2826-b027-11f1-a9e7-eeee0a832ec0"...#
#2026 09 14 10:33:16.943#Z#DEBUG#b19c2800-b027-11f1-a9e7-eeee0a832ec0.OPERATION#flowable-async-job-executor-thread-2009#
[ProcessDescriptorStep] Resolving properties and parameters in merged descriptor...#
#2026 09 14 10:33:16.946#Z#DEBUG#b19c2800-b027-11f1-a9e7-eeee0a832ec0.OPERATION#flowable-async-job-executor-thread-2009#
[ProcessDescriptorStep] Subscriptions: [ ]#
#2026 09 14 10:33:16.946#Z#DEBUG#b19c2800-b027-11f1-a9e7-eeee0a832ec0.OPERATION#flowable-async-job-executor-thread-2009#
[ProcessDescriptorStep] MTA modules: [capm-service-db-deployer, capm-service-srv]#
#2026 09 14 10:33:16.947#Z#DEBUG#b19c2800-b027-11f1-a9e7-eeee0a832ec0.OPERATION#flowable-async-job-executor-thread-2009#
[ProcessDescriptorStep] Resolved deployment descriptor: {
  "majorSchemaVersion" : 3,
  "schemaVersion" : "3.3.0",
  "id" : "capm-service",
  "version" : "1.0.0",
  "modules" : [ {
    "majorSchemaVersion" : 3,
    "name" : "capm-service-srv",
    "type" : "javascript.nodejs",
    "path" : "capm-service-srv",
    "properties" : { },
    "parameters" : {
      "default-url" : "https://ab417575trial-dev-capm-service-srv.cfapps.us10-001.hana.ondemand.com",
      "default-app-name" : "capm-service-srv",
      "generated-password" : "********",
      "default-live-url" : "https://ab417575trial-dev-capm-service-srv.cfapps.us10-001.hana.ondemand.com",
      "default-uri" : "ab417575trial-dev-capm-service-srv.cfapps.us10-001.hana.ondemand.com",
      "memory" : "256M",
      "default-instances" : 1,
      "default-live-host" : "ab417575trial-dev-capm-service-srv",
      "instances" : 1,
      "buildpack" : "nodejs_buildpack",
      "default-host" : "ab417575trial-dev-capm-service-srv",
      "app-name" : "capm-service-srv",
      "default-live-uri" : "ab417575trial-dev-capm-service-srv.cfapps.us10-001.hana.ondemand.com",
      "protocol" : "https",
      "default-live-app-name" : "capm-service-srv",
      "default-live-domain" : "cfapps.us10-001.hana.ondemand.com",
      "domain" : "cfapps.us10-001.hana.ondemand.com",
      "host" : "ab417575trial-dev-capm-service-srv",
      "generated-user" : "********"
    },
    "requiredDependencies" : [ {
      "majorSchemaVersion" : 3,
      "name" : "capm-service-db",
      "properties" : { },
      "parameters" : { },
      "propertiesMetadata" : {
        "metadata" : { }
      },
      "parametersMetadata" : {
        "metadata" : { }
      }
    }, {
      "majorSchemaVersion" : 3,
      "name" : "********",
      "properties" : { },
      "parameters" : { },
      "propertiesMetadata" : {
        "metadata" : { }
      },
      "parametersMetadata" : {
        "metadata" : { }
      }
    }, {
      "majorSchemaVersion" : 3,
      "name" : "capm-service-destination",
      "properties" : { },
      "parameters" : { },
      "propertiesMetadata" : {
        "metadata" : { }
      },
      "parametersMetadata" : {
        "metadata" : { }
      }
    }, {
      "majorSchemaVersion" : 3,
      "name" : "capm-service-spa-workflow",
      "properties" : { },
      "parameters" : { },
      "propertiesMetadata" : {
        "metadata" : { }
      },
      "parametersMetadata" : {
        "metadata" : { }
      }
    } ],
    "providedDependencies" : [ {
      "majorSchemaVersion" : 3,
      "name" : "srv-api",
      "isPublic" : false,
      "properties" : {
        "srv-url" : "https://ab417575trial-dev-capm-service-srv.cfapps.us10-001.hana.ondemand.com"
      },
      "parameters" : { },
      "propertiesMetadata" : {
        "metadata" : { }
      },
      "parametersMetadata" : {
        "metadata" : { }
      }
    }, {
      "majorSchemaVersion" : 3,
      "name" : "capm-service-srv",
      "isPublic" : false,
      "properties" : { },
      "parameters" : { },
      "propertiesMetadata" : {
        "metadata" : { }
      },
      "parametersMetadata" : {
        "metadata" : { }
      }
    } ],
    "propertiesMetadata" : {
      "metadata" : { }
    },
    "parametersMetadata" : {
      "metadata" : { }
    },
    "hooks" : [ ]
  }, {
    "majorSchemaVersion" : 3,
    "name" : "capm-service-db-deployer",
    "type" : "com.sap.xs.hdi",
    "path" : "capm-service-db-deployer",
    "properties" : {
      "EXIT" : 1
    },
    "parameters" : {
      "default-url" : "https://ab417575trial-dev-capm-service-db-deployer.cfapps.us10-001.hana.ondemand.com",
      "default-app-name" : "capm-service-db-deployer",
      "generated-password" : "********",
      "default-live-url" : "https://ab417575trial-dev-capm-service-db-deployer.cfapps.us10-001.hana.ondemand.com",
      "default-uri" : "ab417575trial-dev-capm-service-db-deployer.cfapps.us10-001.hana.ondemand.com",
      "memory" : "256M",
      "default-instances" : 1,
      "no-route" : true,
      "default-live-host" : "ab417575trial-dev-capm-service-db-deployer",
      "instances" : 1,
      "buildpack" : "nodejs_buildpack",
      "default-host" : "ab417575trial-dev-capm-service-db-deployer",
      "app-name" : "capm-service-db-deployer",
      "default-live-uri" : "ab417575trial-dev-capm-service-db-deployer.cfapps.us10-001.hana.ondemand.com",
      "protocol" : "https",
      "default-live-app-name" : "capm-service-db-deployer",
      "default-live-domain" : "cfapps.us10-001.hana.ondemand.com",
      "dependency-type" : "hard",
      "domain" : "cfapps.us10-001.hana.ondemand.com",
      "host" : "ab417575trial-dev-capm-service-db-deployer",
      "generated-user" : "********",
      "tasks" : [ {
        "command" : "npm start",
        "memory" : "256M",
        "name" : "deploy"
      } ],
      "no-start" : true
    },
    "requiredDependencies" : [ {
      "majorSchemaVersion" : 3,
      "name" : "capm-service-db",
      "properties" : { },
      "parameters" : { },
      "propertiesMetadata" : {
        "metadata" : { }
      },
      "parametersMetadata" : {
        "metadata" : { }
      }
    } ],
    "providedDependencies" : [ {
      "majorSchemaVersion" : 3,
      "name" : "capm-service-db-deployer",
      "isPublic" : false,
      "properties" : { },
      "parameters" : { },
      "propertiesMetadata" : {
        "metadata" : { }
      },
      "parametersMetadata" : {
        "metadata" : { }
      }
    } ],
    "propertiesMetadata" : {
      "metadata" : { }
    },
    "parametersMetadata" : {
      "metadata" : { }
    },
    "hooks" : [ ]
  } ],
  "resources" : [ {
    "majorSchemaVersion" : 3,
    "name" : "capm-service-db",
    "type" : "com.sap.xs.hdi-container",
    "properties" : { },
    "parameters" : {
      "generated-password" : "********",
      "service-name" : "capm-service-db",
      "service-plan" : "hdi-shared",
      "service" : "hana",
      "generated-user" : "********",
      "default-xsappname" : "capm-service-db",
      "type" : "managed-service",
      "default-service-name" : "capm-service-db",
      "default-container-name" : "AB417575TRIAL_DEV_CAPM_SERVICE_DB"
    },
    "isActive" : true,
    "isOptional" : false,
    "propertiesMetadata" : {
      "metadata" : { }
    },
    "parametersMetadata" : {
      "metadata" : { }
    },
    "requiredDependencies" : [ ],
    "processedAfter" : [ ]
  }, {
    "majorSchemaVersion" : 3,
    "name" : "********",
    "type" : "org.cloudfoundry.managed-service",
    "properties" : { },
    "parameters" : {
      "generated-password" : "********",
      "service-name" : "********",
      "service-plan" : "application",
      "service" : "xsuaa",
      "generated-user" : "********",
      "default-xsappname" : "********",
      "type" : "managed-service",
      "default-service-name" : "********",
      "default-container-name" : "********"
    },
    "isActive" : true,
    "isOptional" : false,
    "propertiesMetadata" : {
      "metadata" : { }
    },
    "parametersMetadata" : {
      "metadata" : { }
    },
    "requiredDependencies" : [ ],
    "processedAfter" : [ ]
  }, {
    "majorSchemaVersion" : 3,
    "name" : "capm-service-destination",
    "type" : "org.cloudfoundry.managed-service",
    "properties" : { },
    "parameters" : {
      "generated-password" : "********",
      "service-name" : "capm-service-destination",
      "service-plan" : "lite",
      "service" : "destination",
      "generated-user" : "********",
      "default-xsappname" : "capm-service-destination",
      "type" : "managed-service",
      "default-service-name" : "capm-service-destination",
      "default-container-name" : "AB417575TRIAL_DEV_CAPM_SERVICE_DESTINATION"
    },
    "isActive" : true,
    "isOptional" : false,
    "propertiesMetadata" : {
      "metadata" : { }
    },
    "parametersMetadata" : {
      "metadata" : { }
    },
    "requiredDependencies" : [ ],
    "processedAfter" : [ ]
  }, {
    "majorSchemaVersion" : 3,
    "name" : "capm-service-spa-workflow",
    "type" : "org.cloudfoundry.managed-service",
    "properties" : { },
    "parameters" : {
      "generated-password" : "********",
      "service-name" : "capm-service-spa-workflow",
      "service-plan" : "standard",
      "service" : "process-automation-service",
      "generated-user" : "********",
      "default-xsappname" : "capm-service-spa-workflow",
      "type" : "managed-service",
      "default-service-name" : "capm-service-spa-workflow",
      "default-container-name" : "AB417575TRIAL_DEV_CAPM_SERVICE_SPA_WORKFLOW"
    },
    "isActive" : true,
    "isOptional" : false,
    "propertiesMetadata" : {
      "metadata" : { }
    },
    "parametersMetadata" : {
      "metadata" : { }
    },
    "requiredDependencies" : [ ],
    "processedAfter" : [ ]
  } ],
  "parameters" : {
    "mta-id" : "capm-service",
    "authorization-url" : "********",
    "org-guid" : "06d1c646-2b36-4a95-9166-dd9f50eeb7f9",
    "org" : "ab417575trial",
    "deploy-target" : "ab417575trial dev",
    "region-primary-domain" : "us10.hana.ondemand.com",
    "space" : "dev",
    "region-domain" : "us10-001.hana.ondemand.com",
    "xs-api-url" : "https://api.cf.us10-001.hana.ondemand.com",
    "deploy-url" : "deploy-service.cfapps.us10-001.hana.ondemand.com",
    "xs-type" : "CF",
    "default-domain" : "cfapps.us10-001.hana.ondemand.com",
    "mta-version" : "1.0.0",
    "xs-auth-url" : "********",
    "space-guid" : "583b4ec9-26f7-49b3-a891-378694e7062d",
    "user" : "********",
    "controller-url" : "https://api.cf.us10-001.hana.ondemand.com",
    "timestamp" : "20260914103315"
  },
  "parametersMetadata" : {
    "metadata" : { }
  }
}#
#2026 09 14 10:33:16.947#Z#DEBUG#b19c2800-b027-11f1-a9e7-eeee0a832ec0.OPERATION#flowable-async-job-executor-thread-2009#
[ProcessDescriptorStep] Merged descriptor properties and parameters resolved#
#2026 09 14 10:33:16.947#Z#DEBUG#b19c2800-b027-11f1-a9e7-eeee0a832ec0.OPERATION#flowable-async-job-executor-thread-2009#
Step "Process Descriptor Step" finished#
#2026 09 14 10:33:16.976#Z#DEBUG#b19c2800-b027-11f1-a9e7-eeee0a832ec0.OPERATION#flowable-async-job-executor-thread-2009#
[XS2BuildCloudDeployModelStep] Executing task "buildDeployModelTask" of process "b19c2826-b027-11f1-a9e7-eeee0a832ec0"...#
#2026 09 14 10:33:16.978#Z#DEBUG#b19c2800-b027-11f1-a9e7-eeee0a832ec0.OPERATION#flowable-async-job-executor-thread-2009#
[XS2BuildCloudDeployModelStep] Service keys defined for content deployment grouped by service name: { }#
#2026 09 14 10:33:16.978#Z#DEBUG#b19c2800-b027-11f1-a9e7-eeee0a832ec0.OPERATION#flowable-async-job-executor-thread-2009#
[XS2BuildCloudDeployModelStep] Building cloud deployment model...#
#2026 09 14 10:33:16.980#Z#DEBUG#b19c2800-b027-11f1-a9e7-eeee0a832ec0.OPERATION#flowable-async-job-executor-thread-2009#
[XS2BuildCloudDeployModelStep] MTA archive modules: [capm-service-db-deployer, capm-service-srv]#
#2026 09 14 10:33:16.980#Z#DEBUG#b19c2800-b027-11f1-a9e7-eeee0a832ec0.OPERATION#flowable-async-job-executor-thread-2009#
[XS2BuildCloudDeployModelStep] Deployed modules: [capm-service-approuter, capm-service-db-deployer, capm-service-srv]#
#2026 09 14 10:33:16.980#Z#DEBUG#b19c2800-b027-11f1-a9e7-eeee0a832ec0.OPERATION#flowable-async-job-executor-thread-2009#
[XS2BuildCloudDeployModelStep] MTA modules: [capm-service-db-deployer, capm-service-srv]#
#2026 09 14 10:33:16.980#Z#DEBUG#b19c2800-b027-11f1-a9e7-eeee0a832ec0.OPERATION#flowable-async-job-executor-thread-2009#
[XS2BuildCloudDeployModelStep] Service keys to create: {
  "capm-service-spa-workflow" : [ ],
  "capm-service-db" : [ ],
  "capm-service-auth" : "********",
  "capm-service-destination" : [ ]
}#
#2026 09 14 10:33:16.981#Z#DEBUG#b19c2800-b027-11f1-a9e7-eeee0a832ec0.OPERATION#flowable-async-job-executor-thread-2009#
[XS2BuildCloudDeployModelStep] Modules to deploy: [{
  "majorSchemaVersion" : 3,
  "name" : "capm-service-srv",
  "type" : "javascript.nodejs",
  "path" : "capm-service-srv",
  "properties" : { },
  "parameters" : {
    "default-url" : "https://ab417575trial-dev-capm-service-srv.cfapps.us10-001.hana.ondemand.com",
    "default-app-name" : "capm-service-srv",
    "generated-password" : "********",
    "default-live-url" : "https://ab417575trial-dev-capm-service-srv.cfapps.us10-001.hana.ondemand.com",
    "default-uri" : "ab417575trial-dev-capm-service-srv.cfapps.us10-001.hana.ondemand.com",
    "memory" : "256M",
    "default-instances" : 1,
    "default-live-host" : "ab417575trial-dev-capm-service-srv",
    "instances" : 1,
    "buildpack" : "nodejs_buildpack",
    "default-host" : "ab417575trial-dev-capm-service-srv",
    "app-name" : "capm-service-srv",
    "default-live-uri" : "ab417575trial-dev-capm-service-srv.cfapps.us10-001.hana.ondemand.com",
    "protocol" : "https",
    "default-live-app-name" : "capm-service-srv",
    "default-live-domain" : "cfapps.us10-001.hana.ondemand.com",
    "dependency-type" : "soft",
    "domain" : "cfapps.us10-001.hana.ondemand.com",
    "host" : "ab417575trial-dev-capm-service-srv",
    "generated-user" : "********"
  },
  "requiredDependencies" : [ {
    "majorSchemaVersion" : 3,
    "name" : "capm-service-db",
    "properties" : { },
    "parameters" : { },
    "propertiesMetadata" : {
      "metadata" : { }
    },
    "parametersMetadata" : {
      "metadata" : { }
    }
  }, {
    "majorSchemaVersion" : 3,
    "name" : "********",
    "properties" : { },
    "parameters" : { },
    "propertiesMetadata" : {
      "metadata" : { }
    },
    "parametersMetadata" : {
      "metadata" : { }
    }
  }, {
    "majorSchemaVersion" : 3,
    "name" : "capm-service-destination",
    "properties" : { },
    "parameters" : { },
    "propertiesMetadata" : {
      "metadata" : { }
    },
    "parametersMetadata" : {
      "metadata" : { }
    }
  }, {
    "majorSchemaVersion" : 3,
    "name" : "capm-service-spa-workflow",
    "properties" : { },
    "parameters" : { },
    "propertiesMetadata" : {
      "metadata" : { }
    },
    "parametersMetadata" : {
      "metadata" : { }
    }
  } ],
  "providedDependencies" : [ {
    "majorSchemaVersion" : 3,
    "name" : "srv-api",
    "isPublic" : false,
    "properties" : {
      "srv-url" : "https://ab417575trial-dev-capm-service-srv.cfapps.us10-001.hana.ondemand.com"
    },
    "parameters" : { },
    "propertiesMetadata" : {
      "metadata" : { }
    },
    "parametersMetadata" : {
      "metadata" : { }
    }
  }, {
    "majorSchemaVersion" : 3,
    "name" : "capm-service-srv",
    "isPublic" : false,
    "properties" : { },
    "parameters" : { },
    "propertiesMetadata" : {
      "metadata" : { }
    },
    "parametersMetadata" : {
      "metadata" : { }
    }
  } ],
  "propertiesMetadata" : {
    "metadata" : { }
  },
  "parametersMetadata" : {
    "metadata" : { }
  },
  "hooks" : [ ]
}, {
  "majorSchemaVersion" : 3,
  "name" : "capm-service-db-deployer",
  "type" : "com.sap.xs.hdi",
  "path" : "capm-service-db-deployer",
  "properties" : {
    "EXIT" : 1
  },
  "parameters" : {
    "default-url" : "https://ab417575trial-dev-capm-service-db-deployer.cfapps.us10-001.hana.ondemand.com",
    "default-app-name" : "capm-service-db-deployer",
    "generated-password" : "********",
    "default-live-url" : "https://ab417575trial-dev-capm-service-db-deployer.cfapps.us10-001.hana.ondemand.com",
    "default-uri" : "ab417575trial-dev-capm-service-db-deployer.cfapps.us10-001.hana.ondemand.com",
    "memory" : "256M",
    "default-instances" : 1,
    "no-route" : true,
    "default-live-host" : "ab417575trial-dev-capm-service-db-deployer",
    "instances" : 1,
    "buildpack" : "nodejs_buildpack",
    "default-host" : "ab417575trial-dev-capm-service-db-deployer",
    "app-name" : "capm-service-db-deployer",
    "default-live-uri" : "ab417575trial-dev-capm-service-db-deployer.cfapps.us10-001.hana.ondemand.com",
    "protocol" : "https",
    "default-live-app-name" : "capm-service-db-deployer",
    "default-live-domain" : "cfapps.us10-001.hana.ondemand.com",
    "dependency-type" : "hard",
    "domain" : "cfapps.us10-001.hana.ondemand.com",
    "host" : "ab417575trial-dev-capm-service-db-deployer",
    "generated-user" : "********",
    "tasks" : [ {
      "command" : "npm start",
      "memory" : "256M",
      "name" : "deploy"
    } ],
    "no-start" : true
  },
  "requiredDependencies" : [ {
    "majorSchemaVersion" : 3,
    "name" : "capm-service-db",
    "properties" : { },
    "parameters" : { },
    "propertiesMetadata" : {
      "metadata" : { }
    },
    "parametersMetadata" : {
      "metadata" : { }
    }
  } ],
  "providedDependencies" : [ {
    "majorSchemaVersion" : 3,
    "name" : "capm-service-db-deployer",
    "isPublic" : false,
    "properties" : { },
    "parameters" : { },
    "propertiesMetadata" : {
      "metadata" : { }
    },
    "parametersMetadata" : {
      "metadata" : { }
    }
  } ],
  "propertiesMetadata" : {
    "metadata" : { }
  },
  "parametersMetadata" : {
    "metadata" : { }
  },
  "hooks" : [ ]
}]#
#2026 09 14 10:33:16.981#Z#DEBUG#b19c2800-b027-11f1-a9e7-eeee0a832ec0.OPERATION#flowable-async-job-executor-thread-2009#
[XS2BuildCloudDeployModelStep] Custom domains: []#
#2026 09 14 10:33:16.983#Z#DEBUG#b19c2800-b027-11f1-a9e7-eeee0a832ec0.OPERATION#flowable-async-job-executor-thread-2009#
[XS2BuildCloudDeployModelStep] Calculating resource batches...#
#2026 09 14 10:33:16.983#Z#DEBUG#b19c2800-b027-11f1-a9e7-eeee0a832ec0.OPERATION#flowable-async-job-executor-thread-2009#
[XS2BuildCloudDeployModelStep] Calculating resource batches completed.#
#2026 09 14 10:33:16.983#Z#DEBUG#b19c2800-b027-11f1-a9e7-eeee0a832ec0.OPERATION#flowable-async-job-executor-thread-2009#
[XS2BuildCloudDeployModelStep] Cloud deployment model built#
#2026 09 14 10:33:16.983#Z#DEBUG#b19c2800-b027-11f1-a9e7-eeee0a832ec0.OPERATION#flowable-async-job-executor-thread-2009#
Step "Build Deploy Model" finished#
#2026 09 14 10:33:17.017#Z#DEBUG#b19c2800-b027-11f1-a9e7-eeee0a832ec0.OPERATION#flowable-async-job-executor-thread-2011#
[BuildCloudUndeployModelStep] Executing task "buildUndeployModelTask" of process "b19c2826-b027-11f1-a9e7-eeee0a832ec0"...#
#2026 09 14 10:33:17.018#Z#DEBUG#b19c2800-b027-11f1-a9e7-eeee0a832ec0.OPERATION#flowable-async-job-executor-thread-2011#
[BuildCloudUndeployModelStep] Building cloud undeployment model...#
#2026 09 14 10:33:17.019#Z#DEBUG#b19c2800-b027-11f1-a9e7-eeee0a832ec0.OPERATION#flowable-async-job-executor-thread-2011#
[BuildCloudUndeployModelStep] Detecting service keys to delete.#
#2026 09 14 10:33:17.021#Z#DEBUG#b19c2800-b027-11f1-a9e7-eeee0a832ec0.OPERATION#flowable-async-job-executor-thread-2011#
[BuildCloudUndeployModelStep] Detected deployed service keys by service "{capm-service-html5-service=[DeployedMtaServiceKey{name=capm-service-app-content-capm-service-repo-host-credentials, metadata=CloudMetadata{guid=9e60db17-bb5c-49ae-ab2c-02270c452953, createdAt=2026-09-10T09:43:44, updatedAt=2026-09-10T09:43:45, url=null}, v3Metadata=Metadata{annotations={mta_id=capm-service, mta_version=1.0.0}, labels={mta_id=af60f329bdffcb9b92e7445332fe6ba2, space_guid=583b4ec9-26f7-49b3-a891-378694e7062d}}, credentials=null, serviceInstance=CloudServiceInstance{name=capm-service-html5-service, metadata=CloudMetadata{guid=b7e02daf-713f-45ec-ab13-b6a762eb4c2d, createdAt=2026-09-10T09:43:26, updatedAt=2026-09-10T09:43:26, url=null}, v3Metadata=Metadata{annotations={mta_id=capm-service, mta_version=1.0.0, mta_resource={"name":"capm-service-repo-host"}}, labels={mta_id=af60f329bdffcb9b92e7445332fe6ba2}}, label=null, plan=null, provider=null, broker=null, version=null, credentials={}, syslogDrainUrl=null, tags=[], type=managed, lastOperation=null}, serviceKeyOperation=null, resourceName=null}], capm-service-auth=[DeployedMtaServiceKey{name=capm-service-auth-key, metadata=CloudMetadata{guid=f00f5761-d642-4303-ba4a-65bc0b531154, createdAt=2026-09-11T17:21:15, updatedAt=2026-09-11T17:21:15, url=null}, v3Metadata=Metadata{annotations={mta_id=capm-service, mta_version=1.0.0}, labels={mta_id=af60f329bdffcb9b92e7445332fe6ba2, space_guid=583b4ec9-26f7-49b3-a891-378694e7062d}}, credentials=null, serviceInstance=CloudServiceInstance{name=capm-service-auth, metadata=CloudMetadata{guid=a1bed4fc-6fd9-4cc3-b974-fc23e68b5d5a, createdAt=2026-09-10T09:43:25, updatedAt=2026-09-10T09:43:26, url=null}, v3Metadata=Metadata{annotations={mta_id=capm-service, mta_version=1.0.0, mta_resource={"name":"capm-service-auth"}}, labels={mta_id=af60f329bdffcb9b92e7445332fe6ba2}}, label=null, plan=null, provider=null, broker=null, version=null, credentials={}, syslogDrainUrl=null, tags=[], type=managed, lastOperation=null}, serviceKeyOperation=null, resourceName=null}], capm-service-destination-service=[DeployedMtaServiceKey{name=capm-service-destination-content-capm-service-destination-service-credentials, metadata=CloudMetadata{guid=e75c9088-6091-44b2-9be2-b598c2a415d0, createdAt=2026-09-11T17:21:15, updatedAt=2026-09-11T17:21:16, url=null}, v3Metadata=Metadata{annotations={mta_id=capm-service, mta_version=1.0.0}, labels={mta_id=af60f329bdffcb9b92e7445332fe6ba2, space_guid=583b4ec9-26f7-49b3-a891-378694e7062d}}, credentials=null, serviceInstance=CloudServiceInstance{name=capm-service-destination-service, metadata=CloudMetadata{guid=fddab71c-b12d-429c-ae3b-77c6179656d7, createdAt=2026-09-10T09:43:26, updatedAt=2026-09-10T09:43:28, url=null}, v3Metadata=Metadata{annotations={mta_id=capm-service, mta_version=1.0.0, mta_resource={"name":"capm-service-destination-service"}}, labels={mta_id=af60f329bdffcb9b92e7445332fe6ba2}}, label=null, plan=null, provider=null, broker=null, version=null, credentials={}, syslogDrainUrl=null, tags=[], type=managed, lastOperation=null}, serviceKeyOperation=null, resourceName=null}]}"#
#2026 09 14 10:33:17.022#Z#DEBUG#b19c2800-b027-11f1-a9e7-eeee0a832ec0.OPERATION#flowable-async-job-executor-thread-2011#
[BuildCloudUndeployModelStep] New service keys by service "{}"#
#2026 09 14 10:33:17.023#Z#DEBUG#b19c2800-b027-11f1-a9e7-eeee0a832ec0.OPERATION#flowable-async-job-executor-thread-2011#
[BuildCloudUndeployModelStep] Existing service keys by service "{}"#
#2026 09 14 10:33:17.023#Z#DEBUG#b19c2800-b027-11f1-a9e7-eeee0a832ec0.OPERATION#flowable-async-job-executor-thread-2011#
[BuildCloudUndeployModelStep] Detected service keys to delete "[DeployedMtaServiceKey{name=capm-service-app-content-capm-service-repo-host-credentials, metadata=CloudMetadata{guid=9e60db17-bb5c-49ae-ab2c-02270c452953, createdAt=2026-09-10T09:43:44, updatedAt=2026-09-10T09:43:45, url=null}, v3Metadata=Metadata{annotations={mta_id=capm-service, mta_version=1.0.0}, labels={mta_id=af60f329bdffcb9b92e7445332fe6ba2, space_guid=583b4ec9-26f7-49b3-a891-378694e7062d}}, credentials=null, serviceInstance=CloudServiceInstance{name=capm-service-html5-service, metadata=CloudMetadata{guid=b7e02daf-713f-45ec-ab13-b6a762eb4c2d, createdAt=2026-09-10T09:43:26, updatedAt=2026-09-10T09:43:26, url=null}, v3Metadata=Metadata{annotations={mta_id=capm-service, mta_version=1.0.0, mta_resource={"name":"capm-service-repo-host"}}, labels={mta_id=af60f329bdffcb9b92e7445332fe6ba2}}, label=null, plan=null, provider=null, broker=null, version=null, credentials={}, syslogDrainUrl=null, tags=[], type=managed, lastOperation=null}, serviceKeyOperation=null, resourceName=null}, DeployedMtaServiceKey{name=capm-service-auth-key, metadata=CloudMetadata{guid=f00f5761-d642-4303-ba4a-65bc0b531154, createdAt=2026-09-11T17:21:15, updatedAt=2026-09-11T17:21:15, url=null}, v3Metadata=Metadata{annotations={mta_id=capm-service, mta_version=1.0.0}, labels={mta_id=af60f329bdffcb9b92e7445332fe6ba2, space_guid=583b4ec9-26f7-49b3-a891-378694e7062d}}, credentials=null, serviceInstance=CloudServiceInstance{name=capm-service-auth, metadata=CloudMetadata{guid=a1bed4fc-6fd9-4cc3-b974-fc23e68b5d5a, createdAt=2026-09-10T09:43:25, updatedAt=2026-09-10T09:43:26, url=null}, v3Metadata=Metadata{annotations={mta_id=capm-service, mta_version=1.0.0, mta_resource={"name":"capm-service-auth"}}, labels={mta_id=af60f329bdffcb9b92e7445332fe6ba2}}, label=null, plan=null, provider=null, broker=null, version=null, credentials={}, syslogDrainUrl=null, tags=[], type=managed, lastOperation=null}, serviceKeyOperation=null, resourceName=null}, DeployedMtaServiceKey{name=capm-service-destination-content-capm-service-destination-service-credentials, metadata=CloudMetadata{guid=e75c9088-6091-44b2-9be2-b598c2a415d0, createdAt=2026-09-11T17:21:15, updatedAt=2026-09-11T17:21:16, url=null}, v3Metadata=Metadata{annotations={mta_id=capm-service, mta_version=1.0.0}, labels={mta_id=af60f329bdffcb9b92e7445332fe6ba2, space_guid=583b4ec9-26f7-49b3-a891-378694e7062d}}, credentials=null, serviceInstance=CloudServiceInstance{name=capm-service-destination-service, metadata=CloudMetadata{guid=fddab71c-b12d-429c-ae3b-77c6179656d7, createdAt=2026-09-10T09:43:26, updatedAt=2026-09-10T09:43:28, url=null}, v3Metadata=Metadata{annotations={mta_id=capm-service, mta_version=1.0.0, mta_resource={"name":"capm-service-destination-service"}}, labels={mta_id=af60f329bdffcb9b92e7445332fe6ba2}}, label=null, plan=null, provider=null, broker=null, version=null, credentials={}, syslogDrainUrl=null, tags=[], type=managed, lastOperation=null}, serviceKeyOperation=null, resourceName=null}]"#
#2026 09 14 10:33:17.027#Z#DEBUG#b19c2800-b027-11f1-a9e7-eeee0a832ec0.OPERATION#flowable-async-job-executor-thread-2011#
[BuildCloudUndeployModelStep] MTA modules: [capm-service-db-deployer, capm-service-srv]#
#2026 09 14 10:33:17.028#Z#DEBUG#b19c2800-b027-11f1-a9e7-eeee0a832ec0.OPERATION#flowable-async-job-executor-thread-2011#
[BuildCloudUndeployModelStep] Modules to undeploy: [ {
  "name" : "capm-service-approuter",
  "metadata" : {
    "guid" : "acffc01e-e141-4d23-8bb2-0c336eb34d02",
    "createdAt" : [ 2026, 9, 10, 9, 43, 48 ],
    "updatedAt" : [ 2026, 9, 14, 0, 8, 19 ]
  },
  "v3Metadata" : {
    "annotations" : {
      "mta_id" : "capm-service",
      "mta_version" : "1.0.0",
      "mta_module" : "{\"name\":\"capm-service-approuter\"}",
      "mta_module_provided_dependencies" : "[]",
      "mta_bound_services" : "********"
    },
    "labels" : {
      "mta_id" : "af60f329bdffcb9b92e7445332fe6ba2"
    }
  },
  "state" : "STOPPED",
  "lifecycle" : {
    "type" : "BUILDPACK",
    "data" : {
      "stack" : "cflinuxfs4",
      "buildpacks" : [ ]
    }
  },
  "space" : {
    "name" : "dev",
    "metadata" : {
      "guid" : "583b4ec9-26f7-49b3-a891-378694e7062d",
      "createdAt" : [ 2026, 8, 16, 5, 18, 30 ],
      "updatedAt" : [ 2026, 8, 16, 5, 18, 30 ]
    },
    "organization" : {
      "name" : "ab417575trial",
      "metadata" : {
        "guid" : "06d1c646-2b36-4a95-9166-dd9f50eeb7f9",
        "createdAt" : [ 2026, 8, 16, 5, 18, 28 ],
        "updatedAt" : [ 2026, 8, 16, 5, 18, 30 ]
      }
    }
  },
  "moduleName" : "capm-service-approuter",
  "boundMtaServices" : [ "********", "capm-service-html5-repo-runtime", "capm-service-destination-service" ],
  "providedDependencyNames" : [ ],
  "productizationState" : "LIVE"
} ]#
#2026 09 14 10:33:17.028#Z#DEBUG#b19c2800-b027-11f1-a9e7-eeee0a832ec0.OPERATION#flowable-async-job-executor-thread-2011#
[BuildCloudUndeployModelStep] Modules that won't be changed: [ ]#
#2026 09 14 10:33:17.029#Z#DEBUG#b19c2800-b027-11f1-a9e7-eeee0a832ec0.OPERATION#flowable-async-job-executor-thread-2011#
[BuildCloudUndeployModelStep] Subscriptions to delete: [ ]#
#2026 09 14 10:33:17.031#Z#DEBUG#b19c2800-b027-11f1-a9e7-eeee0a832ec0.OPERATION#flowable-async-job-executor-thread-2011#
[BuildCloudUndeployModelStep] Cloud services to delete: [capm-service-destination-service, capm-service-html5-repo-runtime, capm-service-html5-service]#
#2026 09 14 10:33:17.031#Z#DEBUG#b19c2800-b027-11f1-a9e7-eeee0a832ec0.OPERATION#flowable-async-job-executor-thread-2011#
[BuildCloudUndeployModelStep] Getting application "capm-service-approuter"...#
#2026 09 14 10:33:17.079#Z#DEBUG#b19c2800-b027-11f1-a9e7-eeee0a832ec0.OPERATION#flowable-async-job-executor-thread-2011#
[BuildCloudUndeployModelStep] Cloud applications to undeploy: [ {
  "name" : "capm-service-approuter",
  "metadata" : {
    "guid" : "acffc01e-e141-4d23-8bb2-0c336eb34d02",
    "createdAt" : [ 2026, 9, 10, 9, 43, 48 ],
    "updatedAt" : [ 2026, 9, 14, 0, 8, 19 ]
  },
  "v3Metadata" : {
    "annotations" : {
      "mta_id" : "capm-service",
      "mta_version" : "1.0.0",
      "mta_module" : "{\"name\":\"capm-service-approuter\"}",
      "mta_module_provided_dependencies" : "[]",
      "mta_bound_services" : "********"
    },
    "labels" : {
      "mta_id" : "af60f329bdffcb9b92e7445332fe6ba2"
    }
  },
  "state" : "STOPPED",
  "lifecycle" : {
    "type" : "BUILDPACK",
    "data" : {
      "stack" : "cflinuxfs4",
      "buildpacks" : [ ]
    }
  },
  "space" : {
    "name" : "dev",
    "metadata" : {
      "guid" : "583b4ec9-26f7-49b3-a891-378694e7062d",
      "createdAt" : [ 2026, 8, 16, 5, 18, 30 ],
      "updatedAt" : [ 2026, 8, 16, 5, 18, 30 ]
    },
    "organization" : {
      "name" : "ab417575trial",
      "metadata" : {
        "guid" : "06d1c646-2b36-4a95-9166-dd9f50eeb7f9",
        "createdAt" : [ 2026, 8, 16, 5, 18, 28 ],
        "updatedAt" : [ 2026, 8, 16, 5, 18, 30 ]
      }
    }
  }
} ]#
#2026 09 14 10:33:17.082#Z#DEBUG#b19c2800-b027-11f1-a9e7-eeee0a832ec0.OPERATION#flowable-async-job-executor-thread-2011#
[BuildCloudUndeployModelStep] Cloud undeployment model built#
#2026 09 14 10:33:17.082#Z#DEBUG#b19c2800-b027-11f1-a9e7-eeee0a832ec0.OPERATION#flowable-async-job-executor-thread-2011#
Step "Build Undeploy Model" finished#
#2026 09 14 10:33:17.116#Z#DEBUG#b19c2800-b027-11f1-a9e7-eeee0a832ec0.OPERATION#flowable-async-job-executor-thread-2004#
[AddDomainsStep] Executing task "addDomainsTask" of process "b19c2826-b027-11f1-a9e7-eeee0a832ec0"...#
#2026 09 14 10:33:17.117#Z#DEBUG#b19c2800-b027-11f1-a9e7-eeee0a832ec0.OPERATION#flowable-async-job-executor-thread-2004#
[AddDomainsStep] Custom domains: []#
#2026 09 14 10:33:17.117#Z#DEBUG#b19c2800-b027-11f1-a9e7-eeee0a832ec0.OPERATION#flowable-async-job-executor-thread-2004#
Step "Add Domains" finished#
#2026 09 14 10:33:17.524#Z#DEBUG#b19c2800-b027-11f1-a9e7-eeee0a832ec0.OPERATION#flowable-async-job-executor-thread-2008#
[ExtractBatchedServicesWithResolvedDynamicParametersStep] Executing task "prepareModulesDeploymentTask" of process "b295c9b1-b027-11f1-a9e7-eeee0a832ec0"...#
#2026 09 14 10:33:17.525#Z#DEBUG#b19c2800-b027-11f1-a9e7-eeee0a832ec0.OPERATION#flowable-async-job-executor-thread-2008#
[ExtractBatchedServicesWithResolvedDynamicParametersStep] Extracting services and resolving dynamic parameters from batch#
#2026 09 14 10:33:17.526#Z#DEBUG#b19c2800-b027-11f1-a9e7-eeee0a832ec0.OPERATION#flowable-async-job-executor-thread-2008#
[ExtractBatchedServicesWithResolvedDynamicParametersStep] Services to create: [ {
  "isOptional" : false,
  "isManaged" : true,
  "name" : "capm-service-db",
  "v3Metadata" : {
    "annotations" : {
      "mta_id" : "capm-service",
      "mta_version" : "1.0.0",
      "mta_resource" : "{\"name\":\"capm-service-db\"}"
    },
    "labels" : {
      "mta_id" : "af60f329bdffcb9b92e7445332fe6ba2"
    }
  },
  "label" : "hana",
  "plan" : "hdi-shared",
  "credentials" : "********",
  "tags" : [ ],
  "type" : "managed",
  "resourceName" : "capm-service-db",
  "shouldSkipParametersUpdate" : false,
  "shouldSkipPlanUpdate" : false,
  "shouldSkipTagsUpdate" : false,
  "shouldSkipSyslogUrlUpdate" : false
}, {
  "isOptional" : false,
  "isManaged" : true,
  "name" : "********",
  "v3Metadata" : {
    "annotations" : {
      "mta_id" : "capm-service",
      "mta_version" : "1.0.0",
      "mta_resource" : "********"
    },
    "labels" : {
      "mta_id" : "af60f329bdffcb9b92e7445332fe6ba2"
    }
  },
  "label" : "xsuaa",
  "plan" : "application",
  "credentials" : "********",
  "tags" : [ ],
  "type" : "managed",
  "resourceName" : "********",
  "shouldSkipParametersUpdate" : false,
  "shouldSkipPlanUpdate" : false,
  "shouldSkipTagsUpdate" : false,
  "shouldSkipSyslogUrlUpdate" : false
}, {
  "isOptional" : false,
  "isManaged" : true,
  "name" : "capm-service-destination",
  "v3Metadata" : {
    "annotations" : {
      "mta_id" : "capm-service",
      "mta_version" : "1.0.0",
      "mta_resource" : "{\"name\":\"capm-service-destination\"}"
    },
    "labels" : {
      "mta_id" : "af60f329bdffcb9b92e7445332fe6ba2"
    }
  },
  "label" : "destination",
  "plan" : "lite",
  "credentials" : "********",
  "tags" : [ ],
  "type" : "managed",
  "resourceName" : "capm-service-destination",
  "shouldSkipParametersUpdate" : false,
  "shouldSkipPlanUpdate" : false,
  "shouldSkipTagsUpdate" : false,
  "shouldSkipSyslogUrlUpdate" : false
}, {
  "isOptional" : false,
  "isManaged" : true,
  "name" : "capm-service-spa-workflow",
  "v3Metadata" : {
    "annotations" : {
      "mta_id" : "capm-service",
      "mta_version" : "1.0.0",
      "mta_resource" : "{\"name\":\"capm-service-spa-workflow\"}"
    },
    "labels" : {
      "mta_id" : "af60f329bdffcb9b92e7445332fe6ba2"
    }
  },
  "label" : "process-automation-service",
  "plan" : "standard",
  "credentials" : "********",
  "tags" : [ ],
  "type" : "managed",
  "resourceName" : "capm-service-spa-workflow",
  "shouldSkipParametersUpdate" : false,
  "shouldSkipPlanUpdate" : false,
  "shouldSkipTagsUpdate" : false,
  "shouldSkipSyslogUrlUpdate" : false
} ]#
#2026 09 14 10:33:17.528#Z#DEBUG#b19c2800-b027-11f1-a9e7-eeee0a832ec0.OPERATION#flowable-async-job-executor-thread-2008#
Step "Extract Services with Resolved Dynamic parameters from batch" finished#
#2026 09 14 10:33:17.608#Z#DEBUG#b19c2800-b027-11f1-a9e7-eeee0a832ec0.OPERATION#flowable-async-job-executor-thread-2008#
[CheckServiceOperationStateStep] Executing task "CheckServiceOperationStateTask" of process "b2d5b92c-b027-11f1-a9e7-eeee0a832ec0"...#
#2026 09 14 10:33:17.609#Z#DEBUG#b19c2800-b027-11f1-a9e7-eeee0a832ec0.OPERATION#flowable-async-job-executor-thread-2008#
[CheckServiceOperationStateStep] Getting service instance "capm-service-db"...#
#2026 09 14 10:33:17.709#Z#DEBUG#b19c2800-b027-11f1-a9e7-eeee0a832ec0.OPERATION#flowable-async-job-executor-thread-2008#
Step "Check for service operations in Progress" finished#
#2026 09 14 10:33:17.735#Z#DEBUG#b19c2800-b027-11f1-a9e7-eeee0a832ec0.OPERATION#flowable-async-job-executor-thread-2004#
[DetermineServiceCreateUpdateServiceActionsStep] Executing task "DetermineServiceCreateUpdateActionsTask" of process "b2d5b92c-b027-11f1-a9e7-eeee0a832ec0"...#
#2026 09 14 10:33:17.737#Z#INFO#b19c2800-b027-11f1-a9e7-eeee0a832ec0.OPERATION#flowable-async-job-executor-thread-2004#
[DetermineServiceCreateUpdateServiceActionsStep] Processing service "capm-service-db"...#
#2026 09 14 10:33:17.741#Z#DEBUG#b19c2800-b027-11f1-a9e7-eeee0a832ec0.OPERATION#flowable-async-job-executor-thread-2004#
[DetermineServiceCreateUpdateServiceActionsStep] Getting service instance "capm-service-db"...#
#2026 09 14 10:33:17.846#Z#DEBUG#b19c2800-b027-11f1-a9e7-eeee0a832ec0.OPERATION#flowable-async-job-executor-thread-2004#
[DetermineServiceCreateUpdateServiceActionsStep] Existing service: {
  "name" : "capm-service-db",
  "metadata" : {
    "guid" : "47a9cc1a-989e-4008-b793-11d76cbb2352",
    "createdAt" : [ 2026, 9, 10, 9, 43, 27 ],
    "updatedAt" : [ 2026, 9, 10, 9, 43, 27 ]
  },
  "v3Metadata" : {
    "annotations" : {
      "mta_id" : "capm-service",
      "mta_version" : "1.0.0",
      "mta_resource" : "{\"name\":\"capm-service-db\"}"
    },
    "labels" : {
      "mta_id" : "af60f329bdffcb9b92e7445332fe6ba2"
    }
  },
  "label" : "hana",
  "plan" : "hdi-shared",
  "credentials" : "********",
  "tags" : [ ],
  "type" : "managed",
  "lastOperation" : {
    "type" : "CREATE",
    "state" : "SUCCEEDED"
  }
}#
#2026 09 14 10:33:17.846#Z#WARN#b19c2800-b027-11f1-a9e7-eeee0a832ec0.OPERATION#flowable-async-job-executor-thread-2004#
[DetermineServiceCreateUpdateServiceActionsStep] Service parameters for service "capm-service-db" will not be updated, as the parameters are not defined or empty.#
#2026 09 14 10:33:17.846#Z#DEBUG#b19c2800-b027-11f1-a9e7-eeee0a832ec0.OPERATION#flowable-async-job-executor-thread-2004#
Step "Determine update actions" finished#
#2026 09 14 10:33:17.882#Z#DEBUG#b19c2800-b027-11f1-a9e7-eeee0a832ec0.OPERATION#flowable-async-job-executor-thread-2006#
[CheckForServiceBindingOrKeyOperationStep] Executing task "CheckForServiceBindingOrKeyCreation" of process "b2d5b92c-b027-11f1-a9e7-eeee0a832ec0"...#
#2026 09 14 10:33:17.883#Z#DEBUG#b19c2800-b027-11f1-a9e7-eeee0a832ec0.OPERATION#flowable-async-job-executor-thread-2006#
Step "Check for service binding or key creation" finished#
#2026 09 14 10:33:18.131#Z#DEBUG#b19c2800-b027-11f1-a9e7-eeee0a832ec0.OPERATION#flowable-async-job-executor-thread-2010#
[CheckServiceOperationStateStep] Executing task "CheckServiceOperationStateTask" of process "b324c3e6-b027-11f1-a9e7-eeee0a832ec0"...#
#2026 09 14 10:33:18.132#Z#DEBUG#b19c2800-b027-11f1-a9e7-eeee0a832ec0.OPERATION#flowable-async-job-executor-thread-2010#
[CheckServiceOperationStateStep] Getting service instance "capm-service-spa-workflow"...#
#2026 09 14 10:33:18.234#Z#DEBUG#b19c2800-b027-11f1-a9e7-eeee0a832ec0.OPERATION#flowable-async-job-executor-thread-2010#
Step "Check for service operations in Progress" finished#
#2026 09 14 10:33:18.258#Z#DEBUG#b19c2800-b027-11f1-a9e7-eeee0a832ec0.OPERATION#flowable-async-job-executor-thread-2010#
[DetermineServiceCreateUpdateServiceActionsStep] Executing task "DetermineServiceCreateUpdateActionsTask" of process "b324c3e6-b027-11f1-a9e7-eeee0a832ec0"...#
#2026 09 14 10:33:18.260#Z#INFO#b19c2800-b027-11f1-a9e7-eeee0a832ec0.OPERATION#flowable-async-job-executor-thread-2010#
[DetermineServiceCreateUpdateServiceActionsStep] Processing service "capm-service-spa-workflow"...#
#2026 09 14 10:33:18.264#Z#DEBUG#b19c2800-b027-11f1-a9e7-eeee0a832ec0.OPERATION#flowable-async-job-executor-thread-2010#
[DetermineServiceCreateUpdateServiceActionsStep] Getting service instance "capm-service-spa-workflow"...#
#2026 09 14 10:33:18.365#Z#DEBUG#b19c2800-b027-11f1-a9e7-eeee0a832ec0.OPERATION#flowable-async-job-executor-thread-2010#
[DetermineServiceCreateUpdateServiceActionsStep] Existing service: {
  "name" : "capm-service-spa-workflow",
  "metadata" : {
    "guid" : "b3801c8c-5a92-4041-8d53-a002c0004912",
    "createdAt" : [ 2026, 9, 14, 9, 35, 48 ],
    "updatedAt" : [ 2026, 9, 14, 9, 35, 48 ]
  },
  "v3Metadata" : {
    "annotations" : {
      "mta_id" : "capm-service",
      "mta_version" : "1.0.0",
      "mta_resource" : "{\"name\":\"capm-service-spa-workflow\"}"
    },
    "labels" : {
      "mta_id" : "af60f329bdffcb9b92e7445332fe6ba2"
    }
  },
  "label" : "process-automation-service",
  "plan" : "standard",
  "credentials" : "********",
  "tags" : [ ],
  "type" : "managed",
  "lastOperation" : {
    "type" : "CREATE",
    "description" : "",
    "state" : "SUCCEEDED"
  }
}#
#2026 09 14 10:33:18.365#Z#WARN#b19c2800-b027-11f1-a9e7-eeee0a832ec0.OPERATION#flowable-async-job-executor-thread-2010#
[DetermineServiceCreateUpdateServiceActionsStep] Service parameters for service "capm-service-spa-workflow" will not be updated, as the parameters are not defined or empty.#
#2026 09 14 10:33:18.365#Z#DEBUG#b19c2800-b027-11f1-a9e7-eeee0a832ec0.OPERATION#flowable-async-job-executor-thread-2010#
Step "Determine update actions" finished#
#2026 09 14 10:33:18.400#Z#DEBUG#b19c2800-b027-11f1-a9e7-eeee0a832ec0.OPERATION#flowable-async-job-executor-thread-2010#
[CheckForServiceBindingOrKeyOperationStep] Executing task "CheckForServiceBindingOrKeyCreation" of process "b324c3e6-b027-11f1-a9e7-eeee0a832ec0"...#
#2026 09 14 10:33:18.401#Z#DEBUG#b19c2800-b027-11f1-a9e7-eeee0a832ec0.OPERATION#flowable-async-job-executor-thread-2010#
Step "Check for service binding or key creation" finished#
#2026 09 14 10:33:18.419#Z#DEBUG#b19c2800-b027-11f1-a9e7-eeee0a832ec0.OPERATION#flowable-async-job-executor-thread-1493#
[CheckServiceOperationStateStep] Executing task "CheckServiceOperationStateTask" of process "b3496274-b027-11f1-940d-eeee0a931608"...#
#2026 09 14 10:33:18.525#Z#DEBUG#b19c2800-b027-11f1-a9e7-eeee0a832ec0.OPERATION#flowable-async-job-executor-thread-1493#
[CheckServiceOperationStateStep] Getting service instance "capm-service-auth"...#
#2026 09 14 10:33:18.681#Z#DEBUG#b19c2800-b027-11f1-a9e7-eeee0a832ec0.OPERATION#flowable-async-job-executor-thread-1493#
Step "Check for service operations in Progress" finished#
#2026 09 14 10:33:18.769#Z#DEBUG#b19c2800-b027-11f1-a9e7-eeee0a832ec0.OPERATION#flowable-async-job-executor-thread-1493#
[DetermineServiceCreateUpdateServiceActionsStep] Executing task "DetermineServiceCreateUpdateActionsTask" of process "b3496274-b027-11f1-940d-eeee0a931608"...#
#2026 09 14 10:33:18.774#Z#INFO#b19c2800-b027-11f1-a9e7-eeee0a832ec0.OPERATION#flowable-async-job-executor-thread-1493#
[DetermineServiceCreateUpdateServiceActionsStep] Processing service "capm-service-auth"...#
#2026 09 14 10:33:18.785#Z#DEBUG#b19c2800-b027-11f1-a9e7-eeee0a832ec0.OPERATION#flowable-async-job-executor-thread-1493#
[DetermineServiceCreateUpdateServiceActionsStep] Getting service instance "capm-service-auth"...#
#2026 09 14 10:33:18.930#Z#DEBUG#b19c2800-b027-11f1-a9e7-eeee0a832ec0.OPERATION#flowable-async-job-executor-thread-1493#
[DetermineServiceCreateUpdateServiceActionsStep] Existing service: {
  "name" : "********",
  "metadata" : {
    "guid" : "a1bed4fc-6fd9-4cc3-b974-fc23e68b5d5a",
    "createdAt" : [ 2026, 9, 10, 9, 43, 25 ],
    "updatedAt" : [ 2026, 9, 10, 9, 43, 26 ]
  },
  "v3Metadata" : {
    "annotations" : {
      "mta_id" : "capm-service",
      "mta_version" : "1.0.0",
      "mta_resource" : "********"
    },
    "labels" : {
      "mta_id" : "af60f329bdffcb9b92e7445332fe6ba2"
    }
  },
  "label" : "xsuaa",
  "plan" : "application",
  "credentials" : "********",
  "tags" : [ ],
  "type" : "managed",
  "lastOperation" : {
    "type" : "UPDATE",
    "description" : "Error updating application capm-service!t703174 (Cannot change AppId with update. Old AppId: capm-service-ab417575trial-dev!t703174 New AppId: capm-service!t703174)",
    "state" : "FAILED"
  }
}#
#2026 09 14 10:33:18.930#Z#WARN#b19c2800-b027-11f1-a9e7-eeee0a832ec0.OPERATION#flowable-async-job-executor-thread-1493#
[DetermineServiceCreateUpdateServiceActionsStep] Service parameters for service "capm-service-auth" will not be updated, as the parameters are not defined or empty.#
#2026 09 14 10:33:18.930#Z#DEBUG#b19c2800-b027-11f1-a9e7-eeee0a832ec0.OPERATION#flowable-async-job-executor-thread-1493#
Step "Determine update actions" finished#
#2026 09 14 10:33:19.050#Z#DEBUG#b19c2800-b027-11f1-a9e7-eeee0a832ec0.OPERATION#flowable-async-job-executor-thread-1493#
[CheckForServiceBindingOrKeyOperationStep] Executing task "CheckForServiceBindingOrKeyCreation" of process "b3496274-b027-11f1-940d-eeee0a931608"...#
#2026 09 14 10:33:19.055#Z#DEBUG#b19c2800-b027-11f1-a9e7-eeee0a832ec0.OPERATION#flowable-async-job-executor-thread-1493#
Step "Check for service binding or key creation" finished#
#2026 09 14 10:33:18.979#Z#DEBUG#b19c2800-b027-11f1-a9e7-eeee0a832ec0.OPERATION#flowable-async-job-executor-thread-1282#
[CheckServiceOperationStateStep] Executing task "CheckServiceOperationStateTask" of process "b3a453ff-b027-11f1-ac30-eeee0a8f4439"...#
#2026 09 14 10:33:18.981#Z#DEBUG#b19c2800-b027-11f1-a9e7-eeee0a832ec0.OPERATION#flowable-async-job-executor-thread-1282#
[CheckServiceOperationStateStep] Getting service instance "capm-service-destination"...#
#2026 09 14 10:33:19.105#Z#DEBUG#b19c2800-b027-11f1-a9e7-eeee0a832ec0.OPERATION#flowable-async-job-executor-thread-1282#
Step "Check for service operations in Progress" finished#
#2026 09 14 10:33:19.144#Z#DEBUG#b19c2800-b027-11f1-a9e7-eeee0a832ec0.OPERATION#flowable-async-job-executor-thread-1283#
[DetermineServiceCreateUpdateServiceActionsStep] Executing task "DetermineServiceCreateUpdateActionsTask" of process "b3a453ff-b027-11f1-ac30-eeee0a8f4439"...#
#2026 09 14 10:33:19.146#Z#INFO#b19c2800-b027-11f1-a9e7-eeee0a832ec0.OPERATION#flowable-async-job-executor-thread-1283#
[DetermineServiceCreateUpdateServiceActionsStep] Processing service "capm-service-destination"...#
#2026 09 14 10:33:19.153#Z#DEBUG#b19c2800-b027-11f1-a9e7-eeee0a832ec0.OPERATION#flowable-async-job-executor-thread-1283#
[DetermineServiceCreateUpdateServiceActionsStep] Getting service instance "capm-service-destination"...#
#2026 09 14 10:33:19.259#Z#DEBUG#b19c2800-b027-11f1-a9e7-eeee0a832ec0.OPERATION#flowable-async-job-executor-thread-1283#
[DetermineServiceCreateUpdateServiceActionsStep] Existing service: {
  "name" : "capm-service-destination",
  "metadata" : {
    "guid" : "fcec4849-0b10-4503-826e-49b58e462f8a",
    "createdAt" : [ 2026, 9, 14, 9, 31, 35 ],
    "updatedAt" : [ 2026, 9, 14, 9, 31, 36 ]
  },
  "v3Metadata" : {
    "annotations" : {
      "mta_id" : "capm-service",
      "mta_version" : "1.0.0",
      "mta_resource" : "{\"name\":\"capm-service-destination\"}"
    },
    "labels" : {
      "mta_id" : "af60f329bdffcb9b92e7445332fe6ba2"
    }
  },
  "label" : "destination",
  "plan" : "lite",
  "credentials" : "********",
  "tags" : [ ],
  "type" : "managed",
  "lastOperation" : {
    "type" : "CREATE",
    "description" : "",
    "state" : "SUCCEEDED"
  }
}#
#2026 09 14 10:33:19.259#Z#WARN#b19c2800-b027-11f1-a9e7-eeee0a832ec0.OPERATION#flowable-async-job-executor-thread-1283#
[DetermineServiceCreateUpdateServiceActionsStep] Service parameters for service "capm-service-destination" will not be updated, as the parameters are not defined or empty.#
#2026 09 14 10:33:19.259#Z#DEBUG#b19c2800-b027-11f1-a9e7-eeee0a832ec0.OPERATION#flowable-async-job-executor-thread-1283#
Step "Determine update actions" finished#
#2026 09 14 10:33:19.312#Z#DEBUG#b19c2800-b027-11f1-a9e7-eeee0a832ec0.OPERATION#flowable-async-job-executor-thread-1284#
[CheckForServiceBindingOrKeyOperationStep] Executing task "CheckForServiceBindingOrKeyCreation" of process "b3a453ff-b027-11f1-ac30-eeee0a8f4439"...#
#2026 09 14 10:33:19.315#Z#DEBUG#b19c2800-b027-11f1-a9e7-eeee0a832ec0.OPERATION#flowable-async-job-executor-thread-1284#
Step "Check for service binding or key creation" finished#
#2026 09 14 10:33:19.627#Z#DEBUG#b19c2800-b027-11f1-a9e7-eeee0a832ec0.OPERATION#flowable-async-job-executor-thread-1287#
[PrepareModulesDeploymentStep] Executing task "prepareModulesDeploymentTask" of process "b4055f04-b027-11f1-ac30-eeee0a8f4439"...#
#2026 09 14 10:33:19.628#Z#DEBUG#b19c2800-b027-11f1-a9e7-eeee0a832ec0.OPERATION#flowable-async-job-executor-thread-1287#
[PrepareModulesDeploymentStep] Preparing modules deployment...#
#2026 09 14 10:33:19.635#Z#DEBUG#b19c2800-b027-11f1-a9e7-eeee0a832ec0.OPERATION#flowable-async-job-executor-thread-1287#
Step "Prepare Modules Deployment" finished#
#2026 09 14 10:33:19.797#Z#DEBUG#b19c2800-b027-11f1-a9e7-eeee0a832ec0.OPERATION#flowable-async-job-executor-thread-1281#
[ProcessDescriptorStep] Executing task "reprocessDescriptorTask" of process "b41da2a5-b027-11f1-ac30-eeee0a8f4439"...#
#2026 09 14 10:33:19.798#Z#DEBUG#b19c2800-b027-11f1-a9e7-eeee0a832ec0.OPERATION#flowable-async-job-executor-thread-1281#
[ProcessDescriptorStep] Resolving properties and parameters in merged descriptor...#
#2026 09 14 10:33:19.802#Z#DEBUG#b19c2800-b027-11f1-a9e7-eeee0a832ec0.OPERATION#flowable-async-job-executor-thread-1281#
[ProcessDescriptorStep] Subscriptions: [ ]#
#2026 09 14 10:33:19.811#Z#DEBUG#b19c2800-b027-11f1-a9e7-eeee0a832ec0.OPERATION#flowable-async-job-executor-thread-1281#
[ProcessDescriptorStep] MTA modules: [capm-service-db-deployer, capm-service-srv]#
#2026 09 14 10:33:19.815#Z#DEBUG#b19c2800-b027-11f1-a9e7-eeee0a832ec0.OPERATION#flowable-async-job-executor-thread-1281#
[ProcessDescriptorStep] Resolved deployment descriptor: {
  "majorSchemaVersion" : 3,
  "schemaVersion" : "3.3.0",
  "id" : "capm-service",
  "version" : "1.0.0",
  "modules" : [ {
    "majorSchemaVersion" : 3,
    "name" : "capm-service-srv",
    "type" : "javascript.nodejs",
    "path" : "capm-service-srv",
    "properties" : { },
    "parameters" : {
      "default-url" : "https://ab417575trial-dev-capm-service-srv.cfapps.us10-001.hana.ondemand.com",
      "default-app-name" : "capm-service-srv",
      "generated-password" : "********",
      "default-live-url" : "https://ab417575trial-dev-capm-service-srv.cfapps.us10-001.hana.ondemand.com",
      "default-uri" : "ab417575trial-dev-capm-service-srv.cfapps.us10-001.hana.ondemand.com",
      "memory" : "256M",
      "default-instances" : 1,
      "default-live-host" : "ab417575trial-dev-capm-service-srv",
      "instances" : 1,
      "buildpack" : "nodejs_buildpack",
      "default-host" : "ab417575trial-dev-capm-service-srv",
      "app-name" : "capm-service-srv",
      "default-live-uri" : "ab417575trial-dev-capm-service-srv.cfapps.us10-001.hana.ondemand.com",
      "protocol" : "https",
      "default-live-app-name" : "capm-service-srv",
      "default-live-domain" : "cfapps.us10-001.hana.ondemand.com",
      "domain" : "cfapps.us10-001.hana.ondemand.com",
      "host" : "ab417575trial-dev-capm-service-srv",
      "generated-user" : "********"
    },
    "requiredDependencies" : [ {
      "majorSchemaVersion" : 3,
      "name" : "capm-service-db",
      "properties" : { },
      "parameters" : { },
      "propertiesMetadata" : {
        "metadata" : { }
      },
      "parametersMetadata" : {
        "metadata" : { }
      }
    }, {
      "majorSchemaVersion" : 3,
      "name" : "********",
      "properties" : { },
      "parameters" : { },
      "propertiesMetadata" : {
        "metadata" : { }
      },
      "parametersMetadata" : {
        "metadata" : { }
      }
    }, {
      "majorSchemaVersion" : 3,
      "name" : "capm-service-destination",
      "properties" : { },
      "parameters" : { },
      "propertiesMetadata" : {
        "metadata" : { }
      },
      "parametersMetadata" : {
        "metadata" : { }
      }
    }, {
      "majorSchemaVersion" : 3,
      "name" : "capm-service-spa-workflow",
      "properties" : { },
      "parameters" : { },
      "propertiesMetadata" : {
        "metadata" : { }
      },
      "parametersMetadata" : {
        "metadata" : { }
      }
    } ],
    "providedDependencies" : [ {
      "majorSchemaVersion" : 3,
      "name" : "srv-api",
      "isPublic" : false,
      "properties" : {
        "srv-url" : "https://ab417575trial-dev-capm-service-srv.cfapps.us10-001.hana.ondemand.com"
      },
      "parameters" : { },
      "propertiesMetadata" : {
        "metadata" : { }
      },
      "parametersMetadata" : {
        "metadata" : { }
      }
    }, {
      "majorSchemaVersion" : 3,
      "name" : "capm-service-srv",
      "isPublic" : false,
      "properties" : { },
      "parameters" : { },
      "propertiesMetadata" : {
        "metadata" : { }
      },
      "parametersMetadata" : {
        "metadata" : { }
      }
    } ],
    "propertiesMetadata" : {
      "metadata" : { }
    },
    "parametersMetadata" : {
      "metadata" : { }
    },
    "hooks" : [ ]
  }, {
    "majorSchemaVersion" : 3,
    "name" : "capm-service-db-deployer",
    "type" : "com.sap.xs.hdi",
    "path" : "capm-service-db-deployer",
    "properties" : {
      "EXIT" : 1
    },
    "parameters" : {
      "default-url" : "https://ab417575trial-dev-capm-service-db-deployer.cfapps.us10-001.hana.ondemand.com",
      "default-app-name" : "capm-service-db-deployer",
      "generated-password" : "********",
      "default-live-url" : "https://ab417575trial-dev-capm-service-db-deployer.cfapps.us10-001.hana.ondemand.com",
      "default-uri" : "ab417575trial-dev-capm-service-db-deployer.cfapps.us10-001.hana.ondemand.com",
      "memory" : "256M",
      "default-instances" : 1,
      "no-route" : true,
      "default-live-host" : "ab417575trial-dev-capm-service-db-deployer",
      "instances" : 1,
      "buildpack" : "nodejs_buildpack",
      "default-host" : "ab417575trial-dev-capm-service-db-deployer",
      "app-name" : "capm-service-db-deployer",
      "default-live-uri" : "ab417575trial-dev-capm-service-db-deployer.cfapps.us10-001.hana.ondemand.com",
      "protocol" : "https",
      "default-live-app-name" : "capm-service-db-deployer",
      "default-live-domain" : "cfapps.us10-001.hana.ondemand.com",
      "dependency-type" : "hard",
      "domain" : "cfapps.us10-001.hana.ondemand.com",
      "host" : "ab417575trial-dev-capm-service-db-deployer",
      "generated-user" : "********",
      "tasks" : [ {
        "command" : "npm start",
        "memory" : "256M",
        "name" : "deploy"
      } ],
      "no-start" : true
    },
    "requiredDependencies" : [ {
      "majorSchemaVersion" : 3,
      "name" : "capm-service-db",
      "properties" : { },
      "parameters" : { },
      "propertiesMetadata" : {
        "metadata" : { }
      },
      "parametersMetadata" : {
        "metadata" : { }
      }
    } ],
    "providedDependencies" : [ {
      "majorSchemaVersion" : 3,
      "name" : "capm-service-db-deployer",
      "isPublic" : false,
      "properties" : { },
      "parameters" : { },
      "propertiesMetadata" : {
        "metadata" : { }
      },
      "parametersMetadata" : {
        "metadata" : { }
      }
    } ],
    "propertiesMetadata" : {
      "metadata" : { }
    },
    "parametersMetadata" : {
      "metadata" : { }
    },
    "hooks" : [ ]
  } ],
  "resources" : [ {
    "majorSchemaVersion" : 3,
    "name" : "capm-service-db",
    "type" : "com.sap.xs.hdi-container",
    "properties" : { },
    "parameters" : {
      "generated-password" : "********",
      "service-name" : "capm-service-db",
      "service-plan" : "hdi-shared",
      "service" : "hana",
      "generated-user" : "********",
      "default-xsappname" : "capm-service-db",
      "type" : "managed-service",
      "default-service-name" : "capm-service-db",
      "default-container-name" : "AB417575TRIAL_DEV_CAPM_SERVICE_DB"
    },
    "isActive" : true,
    "isOptional" : false,
    "propertiesMetadata" : {
      "metadata" : { }
    },
    "parametersMetadata" : {
      "metadata" : { }
    },
    "requiredDependencies" : [ ],
    "processedAfter" : [ ]
  }, {
    "majorSchemaVersion" : 3,
    "name" : "********",
    "type" : "org.cloudfoundry.managed-service",
    "properties" : { },
    "parameters" : {
      "generated-password" : "********",
      "service-name" : "********",
      "service-plan" : "application",
      "service" : "xsuaa",
      "generated-user" : "********",
      "default-xsappname" : "********",
      "type" : "managed-service",
      "default-service-name" : "********",
      "default-container-name" : "********"
    },
    "isActive" : true,
    "isOptional" : false,
    "propertiesMetadata" : {
      "metadata" : { }
    },
    "parametersMetadata" : {
      "metadata" : { }
    },
    "requiredDependencies" : [ ],
    "processedAfter" : [ ]
  }, {
    "majorSchemaVersion" : 3,
    "name" : "capm-service-destination",
    "type" : "org.cloudfoundry.managed-service",
    "properties" : { },
    "parameters" : {
      "generated-password" : "********",
      "service-name" : "capm-service-destination",
      "service-plan" : "lite",
      "service" : "destination",
      "generated-user" : "********",
      "default-xsappname" : "capm-service-destination",
      "type" : "managed-service",
      "default-service-name" : "capm-service-destination",
      "default-container-name" : "AB417575TRIAL_DEV_CAPM_SERVICE_DESTINATION"
    },
    "isActive" : true,
    "isOptional" : false,
    "propertiesMetadata" : {
      "metadata" : { }
    },
    "parametersMetadata" : {
      "metadata" : { }
    },
    "requiredDependencies" : [ ],
    "processedAfter" : [ ]
  }, {
    "majorSchemaVersion" : 3,
    "name" : "capm-service-spa-workflow",
    "type" : "org.cloudfoundry.managed-service",
    "properties" : { },
    "parameters" : {
      "generated-password" : "********",
      "service-name" : "capm-service-spa-workflow",
      "service-plan" : "standard",
      "service" : "process-automation-service",
      "generated-user" : "********",
      "default-xsappname" : "capm-service-spa-workflow",
      "type" : "managed-service",
      "default-service-name" : "capm-service-spa-workflow",
      "default-container-name" : "AB417575TRIAL_DEV_CAPM_SERVICE_SPA_WORKFLOW"
    },
    "isActive" : true,
    "isOptional" : false,
    "propertiesMetadata" : {
      "metadata" : { }
    },
    "parametersMetadata" : {
      "metadata" : { }
    },
    "requiredDependencies" : [ ],
    "processedAfter" : [ ]
  } ],
  "parameters" : {
    "mta-id" : "capm-service",
    "authorization-url" : "********",
    "org-guid" : "06d1c646-2b36-4a95-9166-dd9f50eeb7f9",
    "org" : "ab417575trial",
    "deploy-target" : "ab417575trial dev",
    "region-primary-domain" : "us10.hana.ondemand.com",
    "space" : "dev",
    "region-domain" : "us10-001.hana.ondemand.com",
    "xs-api-url" : "https://api.cf.us10-001.hana.ondemand.com",
    "deploy-url" : "deploy-service.cfapps.us10-001.hana.ondemand.com",
    "xs-type" : "CF",
    "default-domain" : "cfapps.us10-001.hana.ondemand.com",
    "mta-version" : "1.0.0",
    "xs-auth-url" : "********",
    "space-guid" : "583b4ec9-26f7-49b3-a891-378694e7062d",
    "user" : "********",
    "controller-url" : "https://api.cf.us10-001.hana.ondemand.com",
    "timestamp" : "20260914103315"
  },
  "parametersMetadata" : {
    "metadata" : { }
  }
}#
#2026 09 14 10:33:19.815#Z#DEBUG#b19c2800-b027-11f1-a9e7-eeee0a832ec0.OPERATION#flowable-async-job-executor-thread-1281#
[ProcessDescriptorStep] Merged descriptor properties and parameters resolved#
#2026 09 14 10:33:19.815#Z#DEBUG#b19c2800-b027-11f1-a9e7-eeee0a832ec0.OPERATION#flowable-async-job-executor-thread-1281#
Step "Re-Process Descriptor Step" finished#
#2026 09 14 10:33:19.865#Z#DEBUG#b19c2800-b027-11f1-a9e7-eeee0a832ec0.OPERATION#flowable-async-job-executor-thread-1281#
[BuildApplicationDeployModelStep] Executing task "buildApplicationDeployModelTask" of process "b41da2a5-b027-11f1-ac30-eeee0a8f4439"...#
#2026 09 14 10:33:19.869#Z#DEBUG#b19c2800-b027-11f1-a9e7-eeee0a832ec0.OPERATION#flowable-async-job-executor-thread-1281#
[BuildApplicationDeployModelStep] Building cloud deployment model for application "capm-service-srv"...#
#2026 09 14 10:33:19.876#Z#DEBUG#b19c2800-b027-11f1-a9e7-eeee0a832ec0.OPERATION#flowable-async-job-executor-thread-1281#
[BuildApplicationDeployModelStep] No health-check-type is specified. Setting default type: port#
#2026 09 14 10:33:19.876#Z#INFO#b19c2800-b027-11f1-a9e7-eeee0a832ec0.OPERATION#flowable-async-job-executor-thread-1281#
[BuildApplicationDeployModelStep] Building configuration entries for org ab417575trial, space dev, spaceId 583b4ec9-26f7-49b3-a891-378694e7062d and namespace null!#
#2026 09 14 10:33:19.878#Z#DEBUG#b19c2800-b027-11f1-a9e7-eeee0a832ec0.OPERATION#flowable-async-job-executor-thread-1281#
[BuildApplicationDeployModelStep] Configuration entries to publish: [ ]#
#2026 09 14 10:33:19.878#Z#DEBUG#b19c2800-b027-11f1-a9e7-eeee0a832ec0.OPERATION#flowable-async-job-executor-thread-1281#
[BuildApplicationDeployModelStep] Cloud deployment model for application built#
#2026 09 14 10:33:19.878#Z#DEBUG#b19c2800-b027-11f1-a9e7-eeee0a832ec0.OPERATION#flowable-async-job-executor-thread-1281#
Step "Build Application Deploy Model" finished#
#2026 09 14 10:33:19.928#Z#DEBUG#b19c2800-b027-11f1-a9e7-eeee0a832ec0.OPERATION#flowable-async-job-executor-thread-1281#
[CreateOrUpdateAppStep] Executing task "createAppTask" of process "b41da2a5-b027-11f1-ac30-eeee0a8f4439"...#
#2026 09 14 10:33:19.931#Z#DEBUG#b19c2800-b027-11f1-a9e7-eeee0a832ec0.OPERATION#flowable-async-job-executor-thread-1281#
[CreateOrUpdateAppStep] Getting application "capm-service-srv"...#
#2026 09 14 10:33:19.976#Z#INFO#b19c2800-b027-11f1-a9e7-eeee0a832ec0.OPERATION#flowable-async-job-executor-thread-1281#
[CreateOrUpdateAppStep] Updating application "capm-service-srv"...#
#2026 09 14 10:33:19.985#Z#DEBUG#b19c2800-b027-11f1-a9e7-eeee0a832ec0.OPERATION#flowable-async-job-executor-thread-1281#
[CreateOrUpdateAppStep] Getting process for application "0633157c-47cd-4e1d-a58c-3252fa278ffe"...#
#2026 09 14 10:33:20.028#Z#DEBUG#b19c2800-b027-11f1-a9e7-eeee0a832ec0.OPERATION#flowable-async-job-executor-thread-1281#
[CreateOrUpdateAppStep] Getting routes for application "0633157c-47cd-4e1d-a58c-3252fa278ffe"...#
#2026 09 14 10:33:20.066#Z#DEBUG#b19c2800-b027-11f1-a9e7-eeee0a832ec0.OPERATION#flowable-async-job-executor-thread-1281#
[CreateOrUpdateAppStep] Getting features for application "0633157c-47cd-4e1d-a58c-3252fa278ffe"#
#2026 09 14 10:33:20.087#Z#DEBUG#b19c2800-b027-11f1-a9e7-eeee0a832ec0.OPERATION#flowable-async-job-executor-thread-1281#
[CreateOrUpdateAppStep] Updating staging of application "capm-service-srv" to: {
  "buildpacks" : [ "nodejs_buildpack" ],
  "healthCheckType" : "port",
  "appFeatures" : { }
}#
#2026 09 14 10:33:20.253#Z#DEBUG#b19c2800-b027-11f1-a9e7-eeee0a832ec0.OPERATION#flowable-async-job-executor-thread-1281#
[CreateOrUpdateAppStep] Application "capm-service-srv" updated#
#2026 09 14 10:33:20.253#Z#DEBUG#b19c2800-b027-11f1-a9e7-eeee0a832ec0.OPERATION#flowable-async-job-executor-thread-1281#
[CreateOrUpdateAppStep] Getting environment of application "0633157c-47cd-4e1d-a58c-3252fa278ffe"...#
#2026 09 14 10:33:20.315#Z#DEBUG#b19c2800-b027-11f1-a9e7-eeee0a832ec0.OPERATION#flowable-async-job-executor-thread-1281#
[CreateOrUpdateAppStep] Application "capm-service-srv" updated#
#2026 09 14 10:33:20.315#Z#DEBUG#b19c2800-b027-11f1-a9e7-eeee0a832ec0.OPERATION#flowable-async-job-executor-thread-1281#
Step "Create App" finished#
#2026 09 14 10:33:20.431#Z#DEBUG#b19c2800-b027-11f1-a9e7-eeee0a832ec0.OPERATION#flowable-async-job-executor-thread-1281#
[CheckServiceBindingOperationStep] Executing task "checkForServiceBindingOperationInProgress" of process "b482f388-b027-11f1-ac30-eeee0a8f4439"...#
#2026 09 14 10:33:20.431#Z#DEBUG#b19c2800-b027-11f1-a9e7-eeee0a832ec0.OPERATION#flowable-async-job-executor-thread-1281#
[CheckServiceBindingOperationStep] Checking for service binding operation in progress between app "capm-service-srv" and service instance "capm-service-db"#
#2026 09 14 10:33:20.433#Z#DEBUG#b19c2800-b027-11f1-a9e7-eeee0a832ec0.OPERATION#flowable-async-job-executor-thread-1281#
[CheckServiceBindingOperationStep] Getting application guid "capm-service-srv"...#
#2026 09 14 10:33:20.457#Z#DEBUG#b19c2800-b027-11f1-a9e7-eeee0a832ec0.OPERATION#flowable-async-job-executor-thread-1281#
[CheckServiceBindingOperationStep] Getting GUID of required service instance "capm-service-db"...#
#2026 09 14 10:33:20.487#Z#DEBUG#b19c2800-b027-11f1-a9e7-eeee0a832ec0.OPERATION#flowable-async-job-executor-thread-1281#
[CheckServiceBindingOperationStep] Getting binding of service instance "47a9cc1a-989e-4008-b793-11d76cbb2352" with application "0633157c-47cd-4e1d-a58c-3252fa278ffe"...#
#2026 09 14 10:33:20.518#Z#DEBUG#b19c2800-b027-11f1-a9e7-eeee0a832ec0.OPERATION#flowable-async-job-executor-thread-1281#
[CheckServiceBindingOperationStep] Service binding operation "79f40c3a-9924-45fc-8488-ba3333efebb7" with type "create" is in state "succeeded"#
#2026 09 14 10:33:20.518#Z#DEBUG#b19c2800-b027-11f1-a9e7-eeee0a832ec0.OPERATION#flowable-async-job-executor-thread-1281#
Step "Check For Service Binding Operation In Progress" finished#
#2026 09 14 10:33:20.555#Z#DEBUG#b19c2800-b027-11f1-a9e7-eeee0a832ec0.OPERATION#flowable-async-job-executor-thread-1281#
[DetermineApplicationServiceBindingActionsStep] Executing task "determineApplicationServiceBindingActionsTask" of process "b482f388-b027-11f1-ac30-eeee0a8f4439"...#
#2026 09 14 10:33:20.558#Z#DEBUG#b19c2800-b027-11f1-a9e7-eeee0a832ec0.OPERATION#flowable-async-job-executor-thread-1281#
[DetermineApplicationServiceBindingActionsStep] Determine bind/unbind operations of application "capm-service-srv" to service instance "capm-service-db"#
#2026 09 14 10:33:20.558#Z#DEBUG#b19c2800-b027-11f1-a9e7-eeee0a832ec0.OPERATION#flowable-async-job-executor-thread-1281#
[DetermineApplicationServiceBindingActionsStep] Getting application "capm-service-srv"...#
#2026 09 14 10:33:20.592#Z#DEBUG#b19c2800-b027-11f1-a9e7-eeee0a832ec0.OPERATION#flowable-async-job-executor-thread-1281#
[DetermineApplicationServiceBindingActionsStep] Binding parameters for application "capm-service-srv": { }#
#2026 09 14 10:33:20.629#Z#DEBUG#b19c2800-b027-11f1-a9e7-eeee0a832ec0.OPERATION#flowable-async-job-executor-thread-1281#
[DetermineApplicationServiceBindingActionsStep] Check should rebind application "capm-service-srv" and service instance "capm-service-db"#
#2026 09 14 10:33:20.629#Z#DEBUG#b19c2800-b027-11f1-a9e7-eeee0a832ec0.OPERATION#flowable-async-job-executor-thread-1281#
[DetermineApplicationServiceBindingActionsStep] Getting GUID of required service instance "capm-service-db"...#
#2026 09 14 10:33:20.655#Z#DEBUG#b19c2800-b027-11f1-a9e7-eeee0a832ec0.OPERATION#flowable-async-job-executor-thread-1281#
[DetermineApplicationServiceBindingActionsStep] Getting binding of service instance "47a9cc1a-989e-4008-b793-11d76cbb2352" with application "0633157c-47cd-4e1d-a58c-3252fa278ffe"...#
#2026 09 14 10:33:20.686#Z#DEBUG#b19c2800-b027-11f1-a9e7-eeee0a832ec0.OPERATION#flowable-async-job-executor-thread-1281#
[DetermineApplicationServiceBindingActionsStep] Getting parameters of service binding "79f40c3a-9924-45fc-8488-ba3333efebb7"...#
#2026 09 14 10:33:20.877#Z#INFO#b19c2800-b027-11f1-a9e7-eeee0a832ec0.OPERATION#flowable-async-job-executor-thread-1281#
[DetermineApplicationServiceBindingActionsStep] Service instance "capm-service-db" will not be rebound to application "capm-service-srv" because the binding parameters are not modified#
#2026 09 14 10:33:20.885#Z#DEBUG#b19c2800-b027-11f1-a9e7-eeee0a832ec0.OPERATION#flowable-async-job-executor-thread-1281#
[DetermineApplicationServiceBindingActionsStep] Calculated binding operations between application "capm-service-srv" and service instance "capm-service-db": unbind - false bind - false#
#2026 09 14 10:33:20.885#Z#DEBUG#b19c2800-b027-11f1-a9e7-eeee0a832ec0.OPERATION#flowable-async-job-executor-thread-1281#
Step "Determine Application Service Binding Actions" finished#
#2026 09 14 10:33:21.162#Z#DEBUG#b19c2800-b027-11f1-a9e7-eeee0a832ec0.OPERATION#flowable-async-job-executor-thread-2008#
[CheckServiceBindingOperationStep] Executing task "checkForServiceBindingOperationInProgress" of process "b4f404fd-b027-11f1-a9e7-eeee0a832ec0"...#
#2026 09 14 10:33:21.162#Z#DEBUG#b19c2800-b027-11f1-a9e7-eeee0a832ec0.OPERATION#flowable-async-job-executor-thread-2008#
[CheckServiceBindingOperationStep] Checking for service binding operation in progress between app "capm-service-srv" and service instance "capm-service-spa-workflow"#
#2026 09 14 10:33:21.163#Z#DEBUG#b19c2800-b027-11f1-a9e7-eeee0a832ec0.OPERATION#flowable-async-job-executor-thread-2008#
[CheckServiceBindingOperationStep] Getting application guid "capm-service-srv"...#
#2026 09 14 10:33:21.209#Z#DEBUG#b19c2800-b027-11f1-a9e7-eeee0a832ec0.OPERATION#flowable-async-job-executor-thread-2008#
[CheckServiceBindingOperationStep] Getting GUID of required service instance "capm-service-spa-workflow"...#
#2026 09 14 10:33:21.234#Z#DEBUG#b19c2800-b027-11f1-a9e7-eeee0a832ec0.OPERATION#flowable-async-job-executor-thread-2008#
[CheckServiceBindingOperationStep] Getting binding of service instance "b3801c8c-5a92-4041-8d53-a002c0004912" with application "0633157c-47cd-4e1d-a58c-3252fa278ffe"...#
#2026 09 14 10:33:21.265#Z#DEBUG#b19c2800-b027-11f1-a9e7-eeee0a832ec0.OPERATION#flowable-async-job-executor-thread-2008#
[CheckServiceBindingOperationStep] Service binding operation "07de1236-9b48-4a10-ad16-21960af2439b" with type "create" is in state "succeeded"#
#2026 09 14 10:33:21.265#Z#DEBUG#b19c2800-b027-11f1-a9e7-eeee0a832ec0.OPERATION#flowable-async-job-executor-thread-2008#
Step "Check For Service Binding Operation In Progress" finished#
#2026 09 14 10:33:21.289#Z#DEBUG#b19c2800-b027-11f1-a9e7-eeee0a832ec0.OPERATION#flowable-async-job-executor-thread-2008#
[DetermineApplicationServiceBindingActionsStep] Executing task "determineApplicationServiceBindingActionsTask" of process "b4f404fd-b027-11f1-a9e7-eeee0a832ec0"...#
#2026 09 14 10:33:21.291#Z#DEBUG#b19c2800-b027-11f1-a9e7-eeee0a832ec0.OPERATION#flowable-async-job-executor-thread-2008#
[DetermineApplicationServiceBindingActionsStep] Determine bind/unbind operations of application "capm-service-srv" to service instance "capm-service-spa-workflow"#
#2026 09 14 10:33:21.291#Z#DEBUG#b19c2800-b027-11f1-a9e7-eeee0a832ec0.OPERATION#flowable-async-job-executor-thread-2008#
[DetermineApplicationServiceBindingActionsStep] Getting application "capm-service-srv"...#
#2026 09 14 10:33:21.318#Z#DEBUG#b19c2800-b027-11f1-a9e7-eeee0a832ec0.OPERATION#flowable-async-job-executor-thread-2008#
[DetermineApplicationServiceBindingActionsStep] Binding parameters for application "capm-service-srv": { }#
#2026 09 14 10:33:21.348#Z#DEBUG#b19c2800-b027-11f1-a9e7-eeee0a832ec0.OPERATION#flowable-async-job-executor-thread-2008#
[DetermineApplicationServiceBindingActionsStep] Check should rebind application "capm-service-srv" and service instance "capm-service-spa-workflow"#
#2026 09 14 10:33:21.348#Z#DEBUG#b19c2800-b027-11f1-a9e7-eeee0a832ec0.OPERATION#flowable-async-job-executor-thread-2008#
[DetermineApplicationServiceBindingActionsStep] Getting GUID of required service instance "capm-service-spa-workflow"...#
#2026 09 14 10:33:21.381#Z#DEBUG#b19c2800-b027-11f1-a9e7-eeee0a832ec0.OPERATION#flowable-async-job-executor-thread-2008#
[DetermineApplicationServiceBindingActionsStep] Getting binding of service instance "b3801c8c-5a92-4041-8d53-a002c0004912" with application "0633157c-47cd-4e1d-a58c-3252fa278ffe"...#
#2026 09 14 10:33:21.414#Z#DEBUG#b19c2800-b027-11f1-a9e7-eeee0a832ec0.OPERATION#flowable-async-job-executor-thread-2008#
[DetermineApplicationServiceBindingActionsStep] Getting parameters of service binding "07de1236-9b48-4a10-ad16-21960af2439b"...#
#2026 09 14 10:33:21.443#Z#WARN#b19c2800-b027-11f1-a9e7-eeee0a832ec0.OPERATION#flowable-async-job-executor-thread-2008#
[DetermineApplicationServiceBindingActionsStep] Cannot retrieve parameters of binding between application "capm-service-srv" and service instance "capm-service-spa-workflow"#
#2026 09 14 10:33:21.445#Z#DEBUG#b19c2800-b027-11f1-a9e7-eeee0a832ec0.OPERATION#flowable-async-job-executor-thread-2008#
[DetermineApplicationServiceBindingActionsStep] Calculated binding operations between application "capm-service-srv" and service instance "capm-service-spa-workflow": unbind - true bind - true#
#2026 09 14 10:33:21.445#Z#DEBUG#b19c2800-b027-11f1-a9e7-eeee0a832ec0.OPERATION#flowable-async-job-executor-thread-2008#
Step "Determine Application Service Binding Actions" finished#
#2026 09 14 10:33:21.453#Z#DEBUG#b19c2800-b027-11f1-a9e7-eeee0a832ec0.OPERATION#flowable-async-job-executor-thread-1502#
[CheckServiceBindingOperationStep] Executing task "checkForServiceBindingOperationInProgress" of process "b5160cad-b027-11f1-940d-eeee0a931608"...#
#2026 09 14 10:33:21.453#Z#DEBUG#b19c2800-b027-11f1-a9e7-eeee0a832ec0.OPERATION#flowable-async-job-executor-thread-1502#
[CheckServiceBindingOperationStep] Checking for service binding operation in progress between app "capm-service-srv" and service instance "capm-service-auth"#
#2026 09 14 10:33:21.455#Z#DEBUG#b19c2800-b027-11f1-a9e7-eeee0a832ec0.OPERATION#flowable-async-job-executor-thread-1502#
[CheckServiceBindingOperationStep] Getting application guid "capm-service-srv"...#
#2026 09 14 10:33:21.499#Z#DEBUG#b19c2800-b027-11f1-a9e7-eeee0a832ec0.OPERATION#flowable-async-job-executor-thread-1502#
[CheckServiceBindingOperationStep] Getting GUID of required service instance "capm-service-auth"...#
#2026 09 14 10:33:21.544#Z#DEBUG#b19c2800-b027-11f1-a9e7-eeee0a832ec0.OPERATION#flowable-async-job-executor-thread-1502#
[CheckServiceBindingOperationStep] Getting binding of service instance "a1bed4fc-6fd9-4cc3-b974-fc23e68b5d5a" with application "0633157c-47cd-4e1d-a58c-3252fa278ffe"...#
#2026 09 14 10:33:21.574#Z#DEBUG#b19c2800-b027-11f1-a9e7-eeee0a832ec0.OPERATION#flowable-async-job-executor-thread-1502#
[CheckServiceBindingOperationStep] Service binding operation "fa234961-54c0-4e97-a829-3e95eaa1846c" with type "create" is in state "succeeded"#
#2026 09 14 10:33:21.574#Z#DEBUG#b19c2800-b027-11f1-a9e7-eeee0a832ec0.OPERATION#flowable-async-job-executor-thread-1502#
Step "Check For Service Binding Operation In Progress" finished#
#2026 09 14 10:33:21.475#Z#DEBUG#b19c2800-b027-11f1-a9e7-eeee0a832ec0.OPERATION#flowable-async-job-executor-thread-2008#
[UnbindServiceFromApplicationStep] Executing task "unbindServiceFromApplicationTask" of process "b4f404fd-b027-11f1-a9e7-eeee0a832ec0"...#
#2026 09 14 10:33:21.477#Z#INFO#b19c2800-b027-11f1-a9e7-eeee0a832ec0.OPERATION#flowable-async-job-executor-thread-2008#
[UnbindServiceFromApplicationStep] Unbinding service instance "capm-service-spa-workflow" from application "capm-service-srv"...#
#2026 09 14 10:33:21.481#Z#DEBUG#b19c2800-b027-11f1-a9e7-eeee0a832ec0.OPERATION#flowable-async-job-executor-thread-2008#
[UnbindServiceFromApplicationStep] Unbinding application "capm-service-srv" from service instance "capm-service-spa-workflow"...#
#2026 09 14 10:33:21.613#Z#DEBUG#b19c2800-b027-11f1-a9e7-eeee0a832ec0.OPERATION#flowable-async-job-executor-thread-2008#
Step "Unbind Service from Application" finished#
#2026 09 14 10:33:21.662#Z#DEBUG#b19c2800-b027-11f1-a9e7-eeee0a832ec0.OPERATION#flowable-async-job-executor-thread-1503#
[DetermineApplicationServiceBindingActionsStep] Executing task "determineApplicationServiceBindingActionsTask" of process "b5160cad-b027-11f1-940d-eeee0a931608"...#
#2026 09 14 10:33:21.670#Z#DEBUG#b19c2800-b027-11f1-a9e7-eeee0a832ec0.OPERATION#flowable-async-job-executor-thread-1503#
[DetermineApplicationServiceBindingActionsStep] Determine bind/unbind operations of application "capm-service-srv" to service instance "capm-service-auth"#
#2026 09 14 10:33:21.670#Z#DEBUG#b19c2800-b027-11f1-a9e7-eeee0a832ec0.OPERATION#flowable-async-job-executor-thread-1503#
[DetermineApplicationServiceBindingActionsStep] Getting application "capm-service-srv"...#
#2026 09 14 10:33:21.711#Z#DEBUG#b19c2800-b027-11f1-a9e7-eeee0a832ec0.OPERATION#flowable-async-job-executor-thread-1503#
[DetermineApplicationServiceBindingActionsStep] Binding parameters for application "capm-service-srv": { }#
#2026 09 14 10:33:21.749#Z#DEBUG#b19c2800-b027-11f1-a9e7-eeee0a832ec0.OPERATION#flowable-async-job-executor-thread-1503#
[DetermineApplicationServiceBindingActionsStep] Check should rebind application "capm-service-srv" and service instance "capm-service-auth"#
#2026 09 14 10:33:21.749#Z#DEBUG#b19c2800-b027-11f1-a9e7-eeee0a832ec0.OPERATION#flowable-async-job-executor-thread-1503#
[DetermineApplicationServiceBindingActionsStep] Getting GUID of required service instance "capm-service-auth"...#
#2026 09 14 10:33:21.790#Z#DEBUG#b19c2800-b027-11f1-a9e7-eeee0a832ec0.OPERATION#flowable-async-job-executor-thread-1503#
[DetermineApplicationServiceBindingActionsStep] Getting binding of service instance "a1bed4fc-6fd9-4cc3-b974-fc23e68b5d5a" with application "0633157c-47cd-4e1d-a58c-3252fa278ffe"...#
#2026 09 14 10:33:21.830#Z#DEBUG#b19c2800-b027-11f1-a9e7-eeee0a832ec0.OPERATION#flowable-async-job-executor-thread-1503#
[DetermineApplicationServiceBindingActionsStep] Getting parameters of service binding "fa234961-54c0-4e97-a829-3e95eaa1846c"...#
#2026 09 14 10:33:21.876#Z#WARN#b19c2800-b027-11f1-a9e7-eeee0a832ec0.OPERATION#flowable-async-job-executor-thread-1503#
[DetermineApplicationServiceBindingActionsStep] Cannot retrieve parameters of binding between application "capm-service-srv" and service instance "capm-service-auth"#
#2026 09 14 10:33:21.878#Z#DEBUG#b19c2800-b027-11f1-a9e7-eeee0a832ec0.OPERATION#flowable-async-job-executor-thread-1503#
[DetermineApplicationServiceBindingActionsStep] Calculated binding operations between application "capm-service-srv" and service instance "capm-service-auth": unbind - true bind - true#
#2026 09 14 10:33:21.878#Z#DEBUG#b19c2800-b027-11f1-a9e7-eeee0a832ec0.OPERATION#flowable-async-job-executor-thread-1503#
Step "Determine Application Service Binding Actions" finished#
#2026 09 14 10:33:21.984#Z#DEBUG#b19c2800-b027-11f1-a9e7-eeee0a832ec0.OPERATION#flowable-async-job-executor-thread-1287#
[CheckServiceBindingOperationStep] Executing task "checkForServiceBindingOperationInProgress" of process "b56f0175-b027-11f1-ac30-eeee0a8f4439"...#
#2026 09 14 10:33:21.984#Z#DEBUG#b19c2800-b027-11f1-a9e7-eeee0a832ec0.OPERATION#flowable-async-job-executor-thread-1287#
[CheckServiceBindingOperationStep] Checking for service binding operation in progress between app "capm-service-srv" and service instance "capm-service-destination"#
#2026 09 14 10:33:21.985#Z#DEBUG#b19c2800-b027-11f1-a9e7-eeee0a832ec0.OPERATION#flowable-async-job-executor-thread-1287#
[CheckServiceBindingOperationStep] Getting application guid "capm-service-srv"...#
#2026 09 14 10:33:22.013#Z#DEBUG#b19c2800-b027-11f1-a9e7-eeee0a832ec0.OPERATION#flowable-async-job-executor-thread-1287#
[CheckServiceBindingOperationStep] Getting GUID of required service instance "capm-service-destination"...#
#2026 09 14 10:33:22.040#Z#DEBUG#b19c2800-b027-11f1-a9e7-eeee0a832ec0.OPERATION#flowable-async-job-executor-thread-1287#
[CheckServiceBindingOperationStep] Getting binding of service instance "fcec4849-0b10-4503-826e-49b58e462f8a" with application "0633157c-47cd-4e1d-a58c-3252fa278ffe"...#
#2026 09 14 10:33:22.071#Z#DEBUG#b19c2800-b027-11f1-a9e7-eeee0a832ec0.OPERATION#flowable-async-job-executor-thread-1287#
[CheckServiceBindingOperationStep] Service binding operation "ae70b2e9-df14-49a6-affe-15afd0a80424" with type "create" is in state "succeeded"#
#2026 09 14 10:33:22.071#Z#DEBUG#b19c2800-b027-11f1-a9e7-eeee0a832ec0.OPERATION#flowable-async-job-executor-thread-1287#
Step "Check For Service Binding Operation In Progress" finished#
#2026 09 14 10:33:21.989#Z#DEBUG#b19c2800-b027-11f1-a9e7-eeee0a832ec0.OPERATION#flowable-async-job-executor-thread-1504#
[UnbindServiceFromApplicationStep] Executing task "unbindServiceFromApplicationTask" of process "b5160cad-b027-11f1-940d-eeee0a931608"...#
#2026 09 14 10:33:22.004#Z#INFO#b19c2800-b027-11f1-a9e7-eeee0a832ec0.OPERATION#flowable-async-job-executor-thread-1504#
[UnbindServiceFromApplicationStep] Unbinding service instance "capm-service-auth" from application "capm-service-srv"...#
#2026 09 14 10:33:22.019#Z#DEBUG#b19c2800-b027-11f1-a9e7-eeee0a832ec0.OPERATION#flowable-async-job-executor-thread-1504#
[UnbindServiceFromApplicationStep] Unbinding application "capm-service-srv" from service instance "capm-service-auth"...#
#2026 09 14 10:33:22.193#Z#DEBUG#b19c2800-b027-11f1-a9e7-eeee0a832ec0.OPERATION#flowable-async-job-executor-thread-1504#
Step "Unbind Service from Application" finished#
#2026 09 14 10:33:22.113#Z#DEBUG#b19c2800-b027-11f1-a9e7-eeee0a832ec0.OPERATION#flowable-async-job-executor-thread-1287#
[DetermineApplicationServiceBindingActionsStep] Executing task "determineApplicationServiceBindingActionsTask" of process "b56f0175-b027-11f1-ac30-eeee0a8f4439"...#
#2026 09 14 10:33:22.116#Z#DEBUG#b19c2800-b027-11f1-a9e7-eeee0a832ec0.OPERATION#flowable-async-job-executor-thread-1287#
[DetermineApplicationServiceBindingActionsStep] Determine bind/unbind operations of application "capm-service-srv" to service instance "capm-service-destination"#
#2026 09 14 10:33:22.116#Z#DEBUG#b19c2800-b027-11f1-a9e7-eeee0a832ec0.OPERATION#flowable-async-job-executor-thread-1287#
[DetermineApplicationServiceBindingActionsStep] Getting application "capm-service-srv"...#
#2026 09 14 10:33:22.151#Z#DEBUG#b19c2800-b027-11f1-a9e7-eeee0a832ec0.OPERATION#flowable-async-job-executor-thread-1287#
[DetermineApplicationServiceBindingActionsStep] Binding parameters for application "capm-service-srv": { }#
#2026 09 14 10:33:22.181#Z#DEBUG#b19c2800-b027-11f1-a9e7-eeee0a832ec0.OPERATION#flowable-async-job-executor-thread-1287#
[DetermineApplicationServiceBindingActionsStep] Check should rebind application "capm-service-srv" and service instance "capm-service-destination"#
#2026 09 14 10:33:22.181#Z#DEBUG#b19c2800-b027-11f1-a9e7-eeee0a832ec0.OPERATION#flowable-async-job-executor-thread-1287#
[DetermineApplicationServiceBindingActionsStep] Getting GUID of required service instance "capm-service-destination"...#
#2026 09 14 10:33:22.211#Z#DEBUG#b19c2800-b027-11f1-a9e7-eeee0a832ec0.OPERATION#flowable-async-job-executor-thread-1287#
[DetermineApplicationServiceBindingActionsStep] Getting binding of service instance "fcec4849-0b10-4503-826e-49b58e462f8a" with application "0633157c-47cd-4e1d-a58c-3252fa278ffe"...#
#2026 09 14 10:33:22.245#Z#DEBUG#b19c2800-b027-11f1-a9e7-eeee0a832ec0.OPERATION#flowable-async-job-executor-thread-1287#
[DetermineApplicationServiceBindingActionsStep] Getting parameters of service binding "ae70b2e9-df14-49a6-affe-15afd0a80424"...#
#2026 09 14 10:33:22.293#Z#WARN#b19c2800-b027-11f1-a9e7-eeee0a832ec0.OPERATION#flowable-async-job-executor-thread-1287#
[DetermineApplicationServiceBindingActionsStep] Cannot retrieve parameters of binding between application "capm-service-srv" and service instance "capm-service-destination"#
#2026 09 14 10:33:22.295#Z#DEBUG#b19c2800-b027-11f1-a9e7-eeee0a832ec0.OPERATION#flowable-async-job-executor-thread-1287#
[DetermineApplicationServiceBindingActionsStep] Calculated binding operations between application "capm-service-srv" and service instance "capm-service-destination": unbind - true bind - true#
#2026 09 14 10:33:22.295#Z#DEBUG#b19c2800-b027-11f1-a9e7-eeee0a832ec0.OPERATION#flowable-async-job-executor-thread-1287#
Step "Determine Application Service Binding Actions" finished#
#2026 09 14 10:33:22.348#Z#DEBUG#b19c2800-b027-11f1-a9e7-eeee0a832ec0.OPERATION#flowable-async-job-executor-thread-1287#
[UnbindServiceFromApplicationStep] Executing task "unbindServiceFromApplicationTask" of process "b56f0175-b027-11f1-ac30-eeee0a8f4439"...#
#2026 09 14 10:33:22.353#Z#INFO#b19c2800-b027-11f1-a9e7-eeee0a832ec0.OPERATION#flowable-async-job-executor-thread-1287#
[UnbindServiceFromApplicationStep] Unbinding service instance "capm-service-destination" from application "capm-service-srv"...#
#2026 09 14 10:33:22.360#Z#DEBUG#b19c2800-b027-11f1-a9e7-eeee0a832ec0.OPERATION#flowable-async-job-executor-thread-1287#
[UnbindServiceFromApplicationStep] Unbinding application "capm-service-srv" from service instance "capm-service-destination"...#
#2026 09 14 10:33:22.509#Z#DEBUG#b19c2800-b027-11f1-a9e7-eeee0a832ec0.OPERATION#flowable-async-job-executor-thread-1287#
Step "Unbind Service from Application" finished#
#2026 09 14 10:33:36.024#Z#DEBUG#b19c2800-b027-11f1-a9e7-eeee0a832ec0.OPERATION#flowable-async-job-executor-thread-2022#
[UnbindServiceFromApplicationStep] Executing task "unbindServiceFromApplicationTask" of process "b4f404fd-b027-11f1-a9e7-eeee0a832ec0"...#
#2026 09 14 10:33:36.029#Z#DEBUG#b19c2800-b027-11f1-a9e7-eeee0a832ec0.OPERATION#flowable-async-job-executor-thread-2022#
[UnbindServiceFromApplicationStep] Getting async job "f06c6447-e586-46a1-81eb-905e335cfcfd"#
#2026 09 14 10:33:36.032#Z#DEBUG#b19c2800-b027-11f1-a9e7-eeee0a832ec0.OPERATION#flowable-async-job-executor-thread-2024#
[UnbindServiceFromApplicationStep] Executing task "unbindServiceFromApplicationTask" of process "b5160cad-b027-11f1-940d-eeee0a931608"...#
#2026 09 14 10:33:36.037#Z#DEBUG#b19c2800-b027-11f1-a9e7-eeee0a832ec0.OPERATION#flowable-async-job-executor-thread-2024#
[UnbindServiceFromApplicationStep] Getting async job "f9938d51-89ae-4ace-9262-61e4812bd9b5"#
#2026 09 14 10:33:36.056#Z#DEBUG#b19c2800-b027-11f1-a9e7-eeee0a832ec0.OPERATION#flowable-async-job-executor-thread-2023#
[UnbindServiceFromApplicationStep] Executing task "unbindServiceFromApplicationTask" of process "b56f0175-b027-11f1-ac30-eeee0a8f4439"...#
#2026 09 14 10:33:36.057#Z#DEBUG#b19c2800-b027-11f1-a9e7-eeee0a832ec0.OPERATION#flowable-async-job-executor-thread-2022#
[UnbindServiceFromApplicationStep] Getting service instance "capm-service-spa-workflow"...#
#2026 09 14 10:33:36.058#Z#DEBUG#b19c2800-b027-11f1-a9e7-eeee0a832ec0.OPERATION#flowable-async-job-executor-thread-2023#
[UnbindServiceFromApplicationStep] Getting async job "f55dc7eb-0d28-45f1-a4f9-619034c76850"#
#2026 09 14 10:33:36.067#Z#DEBUG#b19c2800-b027-11f1-a9e7-eeee0a832ec0.OPERATION#flowable-async-job-executor-thread-2024#
[UnbindServiceFromApplicationStep] Getting service instance "capm-service-auth"...#
#2026 09 14 10:33:36.086#Z#DEBUG#b19c2800-b027-11f1-a9e7-eeee0a832ec0.OPERATION#flowable-async-job-executor-thread-2023#
[UnbindServiceFromApplicationStep] Getting service instance "capm-service-destination"...#
#2026 09 14 10:33:36.164#Z#DEBUG#b19c2800-b027-11f1-a9e7-eeee0a832ec0.OPERATION#flowable-async-job-executor-thread-2022#
[UnbindServiceFromApplicationStep] Async service binding operation with id "f06c6447-e586-46a1-81eb-905e335cfcfd" finished#
#2026 09 14 10:33:36.169#Z#DEBUG#b19c2800-b027-11f1-a9e7-eeee0a832ec0.OPERATION#flowable-async-job-executor-thread-2022#
Step "Unbind Service from Application" finished#
#2026 09 14 10:33:36.174#Z#DEBUG#b19c2800-b027-11f1-a9e7-eeee0a832ec0.OPERATION#flowable-async-job-executor-thread-2024#
[UnbindServiceFromApplicationStep] Async service binding operation with id "f9938d51-89ae-4ace-9262-61e4812bd9b5" finished#
#2026 09 14 10:33:36.177#Z#DEBUG#b19c2800-b027-11f1-a9e7-eeee0a832ec0.OPERATION#flowable-async-job-executor-thread-2024#
Step "Unbind Service from Application" finished#
#2026 09 14 10:33:36.191#Z#DEBUG#b19c2800-b027-11f1-a9e7-eeee0a832ec0.OPERATION#flowable-async-job-executor-thread-2023#
[UnbindServiceFromApplicationStep] Async service binding operation with id "f55dc7eb-0d28-45f1-a4f9-619034c76850" finished#
#2026 09 14 10:33:36.195#Z#DEBUG#b19c2800-b027-11f1-a9e7-eeee0a832ec0.OPERATION#flowable-async-job-executor-thread-2023#
Step "Unbind Service from Application" finished#
#2026 09 14 10:33:36.222#Z#DEBUG#b19c2800-b027-11f1-a9e7-eeee0a832ec0.OPERATION#flowable-async-job-executor-thread-2022#
[BindServiceToApplicationStep] Executing task "bindServiceToApplicationTask" of process "b4f404fd-b027-11f1-a9e7-eeee0a832ec0"...#
#2026 09 14 10:33:36.224#Z#INFO#b19c2800-b027-11f1-a9e7-eeee0a832ec0.OPERATION#flowable-async-job-executor-thread-2022#
[BindServiceToApplicationStep] Binding service instance "capm-service-spa-workflow" to application "capm-service-srv"...#
#2026 09 14 10:33:36.230#Z#DEBUG#b19c2800-b027-11f1-a9e7-eeee0a832ec0.OPERATION#flowable-async-job-executor-thread-2024#
[BindServiceToApplicationStep] Executing task "bindServiceToApplicationTask" of process "b5160cad-b027-11f1-940d-eeee0a931608"...#
#2026 09 14 10:33:36.232#Z#DEBUG#b19c2800-b027-11f1-a9e7-eeee0a832ec0.OPERATION#flowable-async-job-executor-thread-2022#
[BindServiceToApplicationStep] Binding service instance "capm-service-spa-workflow" to application "capm-service-srv" with parameters: { }#
#2026 09 14 10:33:36.233#Z#INFO#b19c2800-b027-11f1-a9e7-eeee0a832ec0.OPERATION#flowable-async-job-executor-thread-2024#
[BindServiceToApplicationStep] Binding service instance "capm-service-auth" to application "capm-service-srv"...#
#2026 09 14 10:33:36.240#Z#DEBUG#b19c2800-b027-11f1-a9e7-eeee0a832ec0.OPERATION#flowable-async-job-executor-thread-2024#
[BindServiceToApplicationStep] Binding service instance "capm-service-auth" to application "capm-service-srv" with parameters: { }#
#2026 09 14 10:33:36.241#Z#DEBUG#b19c2800-b027-11f1-a9e7-eeee0a832ec0.OPERATION#flowable-async-job-executor-thread-2023#
[BindServiceToApplicationStep] Executing task "bindServiceToApplicationTask" of process "b56f0175-b027-11f1-ac30-eeee0a8f4439"...#
#2026 09 14 10:33:36.244#Z#INFO#b19c2800-b027-11f1-a9e7-eeee0a832ec0.OPERATION#flowable-async-job-executor-thread-2023#
[BindServiceToApplicationStep] Binding service instance "capm-service-destination" to application "capm-service-srv"...#
#2026 09 14 10:33:36.253#Z#DEBUG#b19c2800-b027-11f1-a9e7-eeee0a832ec0.OPERATION#flowable-async-job-executor-thread-2023#
[BindServiceToApplicationStep] Binding service instance "capm-service-destination" to application "capm-service-srv" with parameters: { }#
#2026 09 14 10:33:36.343#Z#DEBUG#b19c2800-b027-11f1-a9e7-eeee0a832ec0.OPERATION#flowable-async-job-executor-thread-2022#
Step "Bind Service to Application" finished#
#2026 09 14 10:33:36.361#Z#DEBUG#b19c2800-b027-11f1-a9e7-eeee0a832ec0.OPERATION#flowable-async-job-executor-thread-2024#
Step "Bind Service to Application" finished#
#2026 09 14 10:33:36.379#Z#DEBUG#b19c2800-b027-11f1-a9e7-eeee0a832ec0.OPERATION#flowable-async-job-executor-thread-2023#
Step "Bind Service to Application" finished#
#2026 09 14 10:33:46.128#Z#DEBUG#b19c2800-b027-11f1-a9e7-eeee0a832ec0.OPERATION#flowable-async-job-executor-thread-2033#
[BindServiceToApplicationStep] Executing task "bindServiceToApplicationTask" of process "b4f404fd-b027-11f1-a9e7-eeee0a832ec0"...#
#2026 09 14 10:33:46.130#Z#DEBUG#b19c2800-b027-11f1-a9e7-eeee0a832ec0.OPERATION#flowable-async-job-executor-thread-2033#
[BindServiceToApplicationStep] Getting async job "807b3131-1fb1-4740-a37d-72ec968cf9ed"#
#2026 09 14 10:33:46.156#Z#DEBUG#b19c2800-b027-11f1-a9e7-eeee0a832ec0.OPERATION#flowable-async-job-executor-thread-2033#
[BindServiceToApplicationStep] Getting service instance "capm-service-spa-workflow"...#
#2026 09 14 10:33:46.271#Z#DEBUG#b19c2800-b027-11f1-a9e7-eeee0a832ec0.OPERATION#flowable-async-job-executor-thread-2033#
[BindServiceToApplicationStep] Async service binding operation with id "807b3131-1fb1-4740-a37d-72ec968cf9ed" finished#
#2026 09 14 10:33:46.273#Z#DEBUG#b19c2800-b027-11f1-a9e7-eeee0a832ec0.OPERATION#flowable-async-job-executor-thread-2033#
Step "Bind Service to Application" finished#
#2026 09 14 10:33:46.166#Z#DEBUG#b19c2800-b027-11f1-a9e7-eeee0a832ec0.OPERATION#flowable-async-job-executor-thread-1300#
[BindServiceToApplicationStep] Executing task "bindServiceToApplicationTask" of process "b56f0175-b027-11f1-ac30-eeee0a8f4439"...#
#2026 09 14 10:33:46.170#Z#DEBUG#b19c2800-b027-11f1-a9e7-eeee0a832ec0.OPERATION#flowable-async-job-executor-thread-1300#
[BindServiceToApplicationStep] Getting async job "c924dc03-f459-4313-bd64-1294775fde1c"#
#2026 09 14 10:33:46.193#Z#DEBUG#b19c2800-b027-11f1-a9e7-eeee0a832ec0.OPERATION#flowable-async-job-executor-thread-1303#
[BindServiceToApplicationStep] Executing task "bindServiceToApplicationTask" of process "b5160cad-b027-11f1-940d-eeee0a931608"...#
#2026 09 14 10:33:46.195#Z#DEBUG#b19c2800-b027-11f1-a9e7-eeee0a832ec0.OPERATION#flowable-async-job-executor-thread-1303#
[BindServiceToApplicationStep] Getting async job "967617f4-b14f-41d5-a0d0-3be2522cca79"#
#2026 09 14 10:33:46.204#Z#DEBUG#b19c2800-b027-11f1-a9e7-eeee0a832ec0.OPERATION#flowable-async-job-executor-thread-1300#
[BindServiceToApplicationStep] Getting service instance "capm-service-destination"...#
#2026 09 14 10:33:46.225#Z#DEBUG#b19c2800-b027-11f1-a9e7-eeee0a832ec0.OPERATION#flowable-async-job-executor-thread-1303#
[BindServiceToApplicationStep] Getting service instance "capm-service-auth"...#
#2026 09 14 10:33:46.361#Z#DEBUG#b19c2800-b027-11f1-a9e7-eeee0a832ec0.OPERATION#flowable-async-job-executor-thread-1300#
[BindServiceToApplicationStep] Async service binding operation with id "c924dc03-f459-4313-bd64-1294775fde1c" finished#
#2026 09 14 10:33:46.365#Z#DEBUG#b19c2800-b027-11f1-a9e7-eeee0a832ec0.OPERATION#flowable-async-job-executor-thread-1300#
Step "Bind Service to Application" finished#
#2026 09 14 10:33:46.367#Z#DEBUG#b19c2800-b027-11f1-a9e7-eeee0a832ec0.OPERATION#flowable-async-job-executor-thread-1303#
[BindServiceToApplicationStep] Async service binding operation with id "967617f4-b14f-41d5-a0d0-3be2522cca79" finished#
#2026 09 14 10:33:46.373#Z#DEBUG#b19c2800-b027-11f1-a9e7-eeee0a832ec0.OPERATION#flowable-async-job-executor-thread-1303#
Step "Bind Service to Application" finished#
#2026 09 14 10:33:48.282#Z#DEBUG#b19c2800-b027-11f1-a9e7-eeee0a832ec0.OPERATION#flowable-async-job-executor-thread-2035#
[DetermineVcapServicesPropertiesChangedStep] Executing task "determineVcapServicesPropertiesChangedTask" of process "c51b268b-b027-11f1-a9e7-eeee0a832ec0"...#
#2026 09 14 10:33:48.283#Z#DEBUG#b19c2800-b027-11f1-a9e7-eeee0a832ec0.OPERATION#flowable-async-job-executor-thread-2035#
[DetermineVcapServicesPropertiesChangedStep] VCAP_SERVICES properties for application "capm-service-srv" changed: true#
#2026 09 14 10:33:48.283#Z#DEBUG#b19c2800-b027-11f1-a9e7-eeee0a832ec0.OPERATION#flowable-async-job-executor-thread-2035#
Step "Determine vcap services properties changed" finished#
#2026 09 14 10:33:48.311#Z#DEBUG#b19c2800-b027-11f1-a9e7-eeee0a832ec0.OPERATION#flowable-async-job-executor-thread-2036#
[UploadAppStep] Executing task "uploadAppTask" of process "c51b268b-b027-11f1-a9e7-eeee0a832ec0"...#
#2026 09 14 10:33:48.311#Z#DEBUG#b19c2800-b027-11f1-a9e7-eeee0a832ec0.OPERATION#flowable-async-job-executor-thread-2036#
[UploadAppStep] Application upload timeout is default one: 3,600 seconds#
#2026 09 14 10:33:48.312#Z#INFO#b19c2800-b027-11f1-a9e7-eeee0a832ec0.OPERATION#flowable-async-job-executor-thread-2036#
[UploadAppStep] Uploading application "capm-service-srv"...#
#2026 09 14 10:33:48.318#Z#DEBUG#b19c2800-b027-11f1-a9e7-eeee0a832ec0.OPERATION#flowable-async-job-executor-thread-2036#
[UploadAppStep] Getting application "capm-service-srv"...#
#2026 09 14 10:33:48.341#Z#DEBUG#b19c2800-b027-11f1-a9e7-eeee0a832ec0.OPERATION#flowable-async-job-executor-thread-2036#
[UploadAppStep] Getting environment of application "0633157c-47cd-4e1d-a58c-3252fa278ffe"...#
#2026 09 14 10:33:48.378#Z#INFO#b19c2800-b027-11f1-a9e7-eeee0a832ec0.OPERATION#flowable-async-job-executor-thread-2036#
[UploadAppStep] Calculating application digest: "capm-service-srv"#
#2026 09 14 10:33:48.606#Z#DEBUG#b19c2800-b027-11f1-a9e7-eeee0a832ec0.OPERATION#flowable-async-job-executor-thread-2036#
Step "Upload App" finished#
#2026 09 14 10:33:56.222#Z#DEBUG#b19c2800-b027-11f1-a9e7-eeee0a832ec0.OPERATION#flowable-async-job-executor-thread-2041#
[UploadAppStep] Executing task "uploadAppTask" of process "c51b268b-b027-11f1-a9e7-eeee0a832ec0"...#
#2026 09 14 10:33:56.224#Z#DEBUG#b19c2800-b027-11f1-a9e7-eeee0a832ec0.OPERATION#flowable-async-job-executor-thread-2041#
[UploadAppStep] Application upload timeout is default one: 3,600 seconds#
#2026 09 14 10:33:56.226#Z#DEBUG#b19c2800-b027-11f1-a9e7-eeee0a832ec0.OPERATION#pool-14-thread-2#
[UploadAppStep] Upload of application: capm-service-srv started on instance: 0#
#2026 09 14 10:33:56.226#Z#DEBUG#b19c2800-b027-11f1-a9e7-eeee0a832ec0.OPERATION#pool-14-thread-2#
[UploadAppStep] Uploading file "capm-service-srv/data.zip" for application "capm-service-srv"#
#2026 09 14 10:33:56.432#Z#INFO#b19c2800-b027-11f1-a9e7-eeee0a832ec0.OPERATION#pool-14-thread-2#
[UploadAppStep] Time elapsed for app binary download: 205 in millis#
#2026 09 14 10:33:56.432#Z#INFO#b19c2800-b027-11f1-a9e7-eeee0a832ec0.OPERATION#pool-14-thread-2#
[UploadAppStep] Size of app capm-service-srv is 3,690,554 bytes#
#2026 09 14 10:33:56.432#Z#DEBUG#b19c2800-b027-11f1-a9e7-eeee0a832ec0.OPERATION#pool-14-thread-2#
[UploadAppStep] Asynchronously uploading binaries for application "capm-service-srv"...#
#2026 09 14 10:33:56.675#Z#INFO#b19c2800-b027-11f1-a9e7-eeee0a832ec0.OPERATION#pool-14-thread-2#
[UploadAppStep] Started async upload of application "capm-service-srv"#
#2026 09 14 10:33:56.681#Z#INFO#b19c2800-b027-11f1-a9e7-eeee0a832ec0.OPERATION#flowable-async-job-executor-thread-2041#
[UploadAppStep] Time elapsed for upload: 457 in millis#
#2026 09 14 10:33:56.681#Z#DEBUG#b19c2800-b027-11f1-a9e7-eeee0a832ec0.OPERATION#flowable-async-job-executor-thread-2041#
[UploadAppStep] Getting application "capm-service-srv"...#
#2026 09 14 10:33:56.702#Z#DEBUG#b19c2800-b027-11f1-a9e7-eeee0a832ec0.OPERATION#App upload monitor: abe33454-9324-428b-816a-3df264416dc5#
[UploadAppStep] Upload status: PROCESSING_UPLOAD#
#2026 09 14 10:33:56.716#Z#DEBUG#b19c2800-b027-11f1-a9e7-eeee0a832ec0.OPERATION#flowable-async-job-executor-thread-2041#
[UploadAppStep] Getting environment of application "0633157c-47cd-4e1d-a58c-3252fa278ffe"...#
#2026 09 14 10:33:56.751#Z#DEBUG#b19c2800-b027-11f1-a9e7-eeee0a832ec0.OPERATION#flowable-async-job-executor-thread-2041#
[UploadAppStep] Updating environment of application "capm-service-srv"#
#2026 09 14 10:33:56.824#Z#DEBUG#b19c2800-b027-11f1-a9e7-eeee0a832ec0.OPERATION#flowable-async-job-executor-thread-2041#
Step "Upload App" finished#
#2026 09 14 10:34:06.274#Z#DEBUG#b19c2800-b027-11f1-a9e7-eeee0a832ec0.OPERATION#flowable-async-job-executor-thread-2046#
[UploadAppStep] Executing task "uploadAppTask" of process "c51b268b-b027-11f1-a9e7-eeee0a832ec0"...#
#2026 09 14 10:34:06.276#Z#DEBUG#b19c2800-b027-11f1-a9e7-eeee0a832ec0.OPERATION#flowable-async-job-executor-thread-2046#
[UploadAppStep] Application upload timeout is default one: 3,600 seconds#
#2026 09 14 10:34:06.276#Z#DEBUG#b19c2800-b027-11f1-a9e7-eeee0a832ec0.OPERATION#flowable-async-job-executor-thread-2046#
[UploadAppStep] Checking upload status of application "capm-service-srv"...#
#2026 09 14 10:34:06.277#Z#DEBUG#b19c2800-b027-11f1-a9e7-eeee0a832ec0.OPERATION#flowable-async-job-executor-thread-2046#
[UploadAppStep] Getting package "abe33454-9324-428b-816a-3df264416dc5"...#
#2026 09 14 10:34:06.303#Z#DEBUG#b19c2800-b027-11f1-a9e7-eeee0a832ec0.OPERATION#flowable-async-job-executor-thread-2046#
[UploadAppStep] Application "capm-service-srv" uploaded#
#2026 09 14 10:34:06.305#Z#DEBUG#b19c2800-b027-11f1-a9e7-eeee0a832ec0.OPERATION#flowable-async-job-executor-thread-2046#
Step "Upload App" finished#
#2026 09 14 10:34:06.342#Z#DEBUG#b19c2800-b027-11f1-a9e7-eeee0a832ec0.OPERATION#flowable-async-job-executor-thread-2046#
[ScaleAppStep] Executing task "scaleAppTask" of process "c51b268b-b027-11f1-a9e7-eeee0a832ec0"...#
#2026 09 14 10:34:06.344#Z#DEBUG#b19c2800-b027-11f1-a9e7-eeee0a832ec0.OPERATION#flowable-async-job-executor-thread-2046#
[ScaleAppStep] Scaling application "capm-service-srv"...#
#2026 09 14 10:34:06.344#Z#DEBUG#b19c2800-b027-11f1-a9e7-eeee0a832ec0.OPERATION#flowable-async-job-executor-thread-2046#
[ScaleAppStep] Getting application guid "capm-service-srv"...#
#2026 09 14 10:34:06.368#Z#DEBUG#b19c2800-b027-11f1-a9e7-eeee0a832ec0.OPERATION#flowable-async-job-executor-thread-2046#
[ScaleAppStep] Getting process for application "0633157c-47cd-4e1d-a58c-3252fa278ffe"...#
#2026 09 14 10:34:06.404#Z#DEBUG#b19c2800-b027-11f1-a9e7-eeee0a832ec0.OPERATION#flowable-async-job-executor-thread-2046#
[ScaleAppStep] Application "capm-service-srv" scaled#
#2026 09 14 10:34:06.404#Z#DEBUG#b19c2800-b027-11f1-a9e7-eeee0a832ec0.OPERATION#flowable-async-job-executor-thread-2046#
Step "Scale App" finished#
#2026 09 14 10:34:06.431#Z#DEBUG#b19c2800-b027-11f1-a9e7-eeee0a832ec0.OPERATION#flowable-async-job-executor-thread-2046#
[DetermineDesiredStateAchievingActionsStep] Executing task "determineDesiredStateAchievingActionsTask" of process "c51b268b-b027-11f1-a9e7-eeee0a832ec0"...#
#2026 09 14 10:34:06.433#Z#DEBUG#b19c2800-b027-11f1-a9e7-eeee0a832ec0.OPERATION#flowable-async-job-executor-thread-2046#
[DetermineDesiredStateAchievingActionsStep] Getting application "capm-service-srv"...#
#2026 09 14 10:34:06.458#Z#DEBUG#b19c2800-b027-11f1-a9e7-eeee0a832ec0.OPERATION#flowable-async-job-executor-thread-2046#
[DetermineDesiredStateAchievingActionsStep] Getting instances for application "capm-service-srv"...#
#2026 09 14 10:34:06.505#Z#DEBUG#b19c2800-b027-11f1-a9e7-eeee0a832ec0.OPERATION#flowable-async-job-executor-thread-2046#
[DetermineDesiredStateAchievingActionsStep] Getting environment of application "0633157c-47cd-4e1d-a58c-3252fa278ffe"...#
#2026 09 14 10:34:06.546#Z#DEBUG#b19c2800-b027-11f1-a9e7-eeee0a832ec0.OPERATION#flowable-async-job-executor-thread-2046#
[DetermineDesiredStateAchievingActionsStep] Current state of application capm-service-srv: STARTED#
#2026 09 14 10:34:06.546#Z#DEBUG#b19c2800-b027-11f1-a9e7-eeee0a832ec0.OPERATION#flowable-async-job-executor-thread-2046#
[DetermineDesiredStateAchievingActionsStep] Desired state of application capm-service-srv: STARTED#
#2026 09 14 10:34:06.546#Z#DEBUG#b19c2800-b027-11f1-a9e7-eeee0a832ec0.OPERATION#flowable-async-job-executor-thread-2046#
[DetermineDesiredStateAchievingActionsStep] Actions that should be executed on application capm-service-srv: [STOP, STAGE, START]#
#2026 09 14 10:34:06.546#Z#DEBUG#b19c2800-b027-11f1-a9e7-eeee0a832ec0.OPERATION#flowable-async-job-executor-thread-2046#
Step "Determine Desired State Achieving Actions" finished#
#2026 09 14 10:34:06.632#Z#DEBUG#b19c2800-b027-11f1-a9e7-eeee0a832ec0.OPERATION#flowable-async-job-executor-thread-2046#
[StopAppStep] Executing task "stopAppTask" of process "c51b268b-b027-11f1-a9e7-eeee0a832ec0"...#
#2026 09 14 10:34:06.635#Z#INFO#b19c2800-b027-11f1-a9e7-eeee0a832ec0.OPERATION#flowable-async-job-executor-thread-2046#
[StopAppStep] Stopping application "capm-service-srv"...#
#2026 09 14 10:34:06.662#Z#DEBUG#b19c2800-b027-11f1-a9e7-eeee0a832ec0.OPERATION#flowable-async-job-executor-thread-2046#
[StopAppStep] Stopping application "capm-service-srv"...#
#2026 09 14 10:34:06.793#Z#DEBUG#b19c2800-b027-11f1-a9e7-eeee0a832ec0.OPERATION#flowable-async-job-executor-thread-2046#
[StopAppStep] Application "capm-service-srv" stopped#
#2026 09 14 10:34:06.794#Z#DEBUG#b19c2800-b027-11f1-a9e7-eeee0a832ec0.OPERATION#flowable-async-job-executor-thread-2046#
[StopAppStep] Getting environment of application "0633157c-47cd-4e1d-a58c-3252fa278ffe"...#
#2026 09 14 10:34:06.824#Z#DEBUG#b19c2800-b027-11f1-a9e7-eeee0a832ec0.OPERATION#flowable-async-job-executor-thread-2046#
Step "Stop App" finished#
#2026 09 14 10:34:06.871#Z#DEBUG#b19c2800-b027-11f1-a9e7-eeee0a832ec0.OPERATION#flowable-async-job-executor-thread-2046#
[StageAppStep] Executing task "stageAppTask" of process "d030fac4-b027-11f1-a9e7-eeee0a832ec0"...#
#2026 09 14 10:34:06.872#Z#DEBUG#b19c2800-b027-11f1-a9e7-eeee0a832ec0.OPERATION#flowable-async-job-executor-thread-2046#
[StageAppStep] Application stage timeout is default one: 3,600 seconds#
#2026 09 14 10:34:06.876#Z#INFO#b19c2800-b027-11f1-a9e7-eeee0a832ec0.OPERATION#flowable-async-job-executor-thread-2046#
[StageAppStep] Staging application "capm-service-srv"...#
#2026 09 14 10:34:06.882#Z#DEBUG#b19c2800-b027-11f1-a9e7-eeee0a832ec0.OPERATION#flowable-async-job-executor-thread-2046#
[StageAppStep] Creating build for package "abe33454-9324-428b-816a-3df264416dc5"...#
#2026 09 14 10:34:07.298#Z#DEBUG#b19c2800-b027-11f1-a9e7-eeee0a832ec0.OPERATION#flowable-async-job-executor-thread-2046#
Step "Stage App" finished#
#2026 09 14 10:34:16.316#Z#DEBUG#b19c2800-b027-11f1-a9e7-eeee0a832ec0.OPERATION#flowable-async-job-executor-thread-2054#
[StageAppStep] Executing task "stageAppTask" of process "d030fac4-b027-11f1-a9e7-eeee0a832ec0"...#
#2026 09 14 10:34:16.321#Z#DEBUG#b19c2800-b027-11f1-a9e7-eeee0a832ec0.OPERATION#flowable-async-job-executor-thread-2054#
[StageAppStep] Application stage timeout is default one: 3,600 seconds#
#2026 09 14 10:34:16.323#Z#DEBUG#b19c2800-b027-11f1-a9e7-eeee0a832ec0.OPERATION#flowable-async-job-executor-thread-2054#
[StageAppStep] Checking status of application "capm-service-srv"...#
#2026 09 14 10:34:16.323#Z#DEBUG#b19c2800-b027-11f1-a9e7-eeee0a832ec0.OPERATION#flowable-async-job-executor-thread-2054#
[StageAppStep] Getting build "e48a178a-4b9f-4dc7-bf6b-ee635c85c6e4"...#
#2026 09 14 10:34:16.358#Z#DEBUG#b19c2800-b027-11f1-a9e7-eeee0a832ec0.OPERATION#flowable-async-job-executor-thread-2054#
[StageAppStep] Staging status of application "capm-service-srv": PENDING#
#2026 09 14 10:34:16.360#Z#DEBUG#b19c2800-b027-11f1-a9e7-eeee0a832ec0.OPERATION#flowable-async-job-executor-thread-2054#
[StageAppStep] Getting application guid "capm-service-srv"...#
#2026 09 14 10:34:16.444#Z#DEBUG#b19c2800-b027-11f1-a9e7-eeee0a832ec0.OPERATION#flowable-async-job-executor-thread-2054#
Step "Stage App" finished#
#2026 09 14 10:34:26.383#Z#DEBUG#b19c2800-b027-11f1-a9e7-eeee0a832ec0.OPERATION#flowable-async-job-executor-thread-2063#
[StageAppStep] Executing task "stageAppTask" of process "d030fac4-b027-11f1-a9e7-eeee0a832ec0"...#
#2026 09 14 10:34:26.385#Z#DEBUG#b19c2800-b027-11f1-a9e7-eeee0a832ec0.OPERATION#flowable-async-job-executor-thread-2063#
[StageAppStep] Application stage timeout is default one: 3,600 seconds#
#2026 09 14 10:34:26.386#Z#DEBUG#b19c2800-b027-11f1-a9e7-eeee0a832ec0.OPERATION#flowable-async-job-executor-thread-2063#
[StageAppStep] Checking status of application "capm-service-srv"...#
#2026 09 14 10:34:26.386#Z#DEBUG#b19c2800-b027-11f1-a9e7-eeee0a832ec0.OPERATION#flowable-async-job-executor-thread-2063#
[StageAppStep] Getting build "e48a178a-4b9f-4dc7-bf6b-ee635c85c6e4"...#
#2026 09 14 10:34:26.417#Z#DEBUG#b19c2800-b027-11f1-a9e7-eeee0a832ec0.OPERATION#flowable-async-job-executor-thread-2063#
[StageAppStep] Staging status of application "capm-service-srv": PENDING#
#2026 09 14 10:34:26.418#Z#DEBUG#b19c2800-b027-11f1-a9e7-eeee0a832ec0.OPERATION#flowable-async-job-executor-thread-2063#
[StageAppStep] Getting application guid "capm-service-srv"...#
#2026 09 14 10:34:26.511#Z#DEBUG#b19c2800-b027-11f1-a9e7-eeee0a832ec0.OPERATION#flowable-async-job-executor-thread-2063#
Step "Stage App" finished#
#2026 09 14 10:34:36.445#Z#DEBUG#b19c2800-b027-11f1-a9e7-eeee0a832ec0.OPERATION#flowable-async-job-executor-thread-2069#
[StageAppStep] Executing task "stageAppTask" of process "d030fac4-b027-11f1-a9e7-eeee0a832ec0"...#
#2026 09 14 10:34:36.446#Z#DEBUG#b19c2800-b027-11f1-a9e7-eeee0a832ec0.OPERATION#flowable-async-job-executor-thread-2069#
[StageAppStep] Application stage timeout is default one: 3,600 seconds#
#2026 09 14 10:34:36.447#Z#DEBUG#b19c2800-b027-11f1-a9e7-eeee0a832ec0.OPERATION#flowable-async-job-executor-thread-2069#
[StageAppStep] Checking status of application "capm-service-srv"...#
#2026 09 14 10:34:36.447#Z#DEBUG#b19c2800-b027-11f1-a9e7-eeee0a832ec0.OPERATION#flowable-async-job-executor-thread-2069#
[StageAppStep] Getting build "e48a178a-4b9f-4dc7-bf6b-ee635c85c6e4"...#
#2026 09 14 10:34:36.481#Z#DEBUG#b19c2800-b027-11f1-a9e7-eeee0a832ec0.OPERATION#flowable-async-job-executor-thread-2069#
[StageAppStep] Staging status of application "capm-service-srv": STAGED#
#2026 09 14 10:34:36.482#Z#DEBUG#b19c2800-b027-11f1-a9e7-eeee0a832ec0.OPERATION#flowable-async-job-executor-thread-2069#
[StageAppStep] Getting application guid "capm-service-srv"...#
#2026 09 14 10:34:36.540#Z#DEBUG#b19c2800-b027-11f1-a9e7-eeee0a832ec0.OPERATION#flowable-async-job-executor-thread-2069#
[StageAppStep] Getting build "e48a178a-4b9f-4dc7-bf6b-ee635c85c6e4"...#
#2026 09 14 10:34:36.575#Z#DEBUG#b19c2800-b027-11f1-a9e7-eeee0a832ec0.OPERATION#flowable-async-job-executor-thread-2069#
[StageAppStep] Binding droplet "813476ed-dd8e-486e-ab7f-e149e5a255f6" to application "0633157c-47cd-4e1d-a58c-3252fa278ffe"...#
#2026 09 14 10:34:36.624#Z#INFO#b19c2800-b027-11f1-a9e7-eeee0a832ec0.OPERATION#flowable-async-job-executor-thread-2069#
[StageAppStep] Application "capm-service-srv" staged#
#2026 09 14 10:34:36.629#Z#DEBUG#b19c2800-b027-11f1-a9e7-eeee0a832ec0.OPERATION#flowable-async-job-executor-thread-2069#
Step "Stage App" finished#
#2026 09 14 10:34:36.677#Z#DEBUG#b19c2800-b027-11f1-a9e7-eeee0a832ec0.OPERATION#flowable-async-job-executor-thread-2069#
[RestartAppStep] Executing task "startAppTask" of process "d030fac4-b027-11f1-a9e7-eeee0a832ec0"...#
#2026 09 14 10:34:36.680#Z#DEBUG#b19c2800-b027-11f1-a9e7-eeee0a832ec0.OPERATION#flowable-async-job-executor-thread-2069#
[RestartAppStep] Application start timeout is default one: 3,600 seconds#
#2026 09 14 10:34:36.688#Z#DEBUG#b19c2800-b027-11f1-a9e7-eeee0a832ec0.OPERATION#flowable-async-job-executor-thread-2069#
[RestartAppStep] Getting application "capm-service-srv"...#
#2026 09 14 10:34:36.712#Z#INFO#b19c2800-b027-11f1-a9e7-eeee0a832ec0.OPERATION#flowable-async-job-executor-thread-2069#
[RestartAppStep] Starting application "capm-service-srv"...#
#2026 09 14 10:34:36.719#Z#DEBUG#b19c2800-b027-11f1-a9e7-eeee0a832ec0.OPERATION#flowable-async-job-executor-thread-2069#
[RestartAppStep] Starting application "capm-service-srv"...#
#2026 09 14 10:34:36.970#Z#DEBUG#b19c2800-b027-11f1-a9e7-eeee0a832ec0.OPERATION#flowable-async-job-executor-thread-2069#
Step "Start App" finished#
#2026 09 14 10:34:46.496#Z#DEBUG#b19c2800-b027-11f1-a9e7-eeee0a832ec0.OPERATION#flowable-async-job-executor-thread-1337#
[RestartAppStep] Executing task "startAppTask" of process "e2293375-b027-11f1-a9e7-eeee0a832ec0"...#
#2026 09 14 10:34:46.499#Z#DEBUG#b19c2800-b027-11f1-a9e7-eeee0a832ec0.OPERATION#flowable-async-job-executor-thread-1337#
[RestartAppStep] Application start timeout is default one: 3,600 seconds#
#2026 09 14 10:34:46.501#Z#DEBUG#b19c2800-b027-11f1-a9e7-eeee0a832ec0.OPERATION#flowable-async-job-executor-thread-1337#
[RestartAppStep] Checking status of application "capm-service-srv"...#
#2026 09 14 10:34:46.501#Z#DEBUG#b19c2800-b027-11f1-a9e7-eeee0a832ec0.OPERATION#flowable-async-job-executor-thread-1337#
[RestartAppStep] Getting application "capm-service-srv"...#
#2026 09 14 10:34:46.531#Z#DEBUG#b19c2800-b027-11f1-a9e7-eeee0a832ec0.OPERATION#flowable-async-job-executor-thread-1337#
[RestartAppStep] Getting instances for application "capm-service-srv"...#
#2026 09 14 10:34:46.573#Z#DEBUG#b19c2800-b027-11f1-a9e7-eeee0a832ec0.OPERATION#flowable-async-job-executor-thread-1337#
[RestartAppStep] Application "capm-service-srv": 1 of 1 instances running (1 running)#
#2026 09 14 10:34:46.645#Z#DEBUG#b19c2800-b027-11f1-a9e7-eeee0a832ec0.OPERATION#flowable-async-job-executor-thread-1337#
[RestartAppStep] Getting routes for application "0633157c-47cd-4e1d-a58c-3252fa278ffe"...#
#2026 09 14 10:34:46.675#Z#INFO#b19c2800-b027-11f1-a9e7-eeee0a832ec0.OPERATION#flowable-async-job-executor-thread-1337#
[RestartAppStep] Application "capm-service-srv" started and available at "ab417575trial-dev-capm-service-srv.cfapps.us10-001.hana.ondemand.com"#
#2026 09 14 10:34:46.683#Z#DEBUG#b19c2800-b027-11f1-a9e7-eeee0a832ec0.OPERATION#flowable-async-job-executor-thread-1337#
Step "Start App" finished#
#2026 09 14 10:34:56.497#Z#DEBUG#b19c2800-b027-11f1-a9e7-eeee0a832ec0.OPERATION#flowable-async-job-executor-thread-2087#
[RestartAppStep] Executing task "startAppTask" of process "e7f32219-b027-11f1-ac30-eeee0a8f4439"...#
#2026 09 14 10:34:56.499#Z#DEBUG#b19c2800-b027-11f1-a9e7-eeee0a832ec0.OPERATION#flowable-async-job-executor-thread-2087#
[RestartAppStep] Application start timeout is default one: 3,600 seconds#
#2026 09 14 10:34:56.502#Z#DEBUG#b19c2800-b027-11f1-a9e7-eeee0a832ec0.OPERATION#flowable-async-job-executor-thread-2087#
Step "Start App" finished#
#2026 09 14 10:34:56.578#Z#DEBUG#b19c2800-b027-11f1-a9e7-eeee0a832ec0.OPERATION#flowable-async-job-executor-thread-2087#
[PrepareToExecuteTasksStep] Executing task "prepareToExecuteTasksTask" of process "edd2e361-b027-11f1-a9e7-eeee0a832ec0"...#
#2026 09 14 10:34:56.580#Z#DEBUG#b19c2800-b027-11f1-a9e7-eeee0a832ec0.OPERATION#flowable-async-job-executor-thread-2087#
Step "Prepare To Execute Tasks" finished#
#2026 09 14 10:34:56.646#Z#DEBUG#b19c2800-b027-11f1-a9e7-eeee0a832ec0.OPERATION#flowable-async-job-executor-thread-2087#
[PublishConfigurationEntriesStep] Executing task "publishProvidedDependenciesTask" of process "edcd64fd-b027-11f1-a9e7-eeee0a832ec0"...#
#2026 09 14 10:34:56.647#Z#DEBUG#b19c2800-b027-11f1-a9e7-eeee0a832ec0.OPERATION#flowable-async-job-executor-thread-2087#
[PublishConfigurationEntriesStep] Publishing public provided dependencies for application "capm-service-srv"...#
#2026 09 14 10:34:56.648#Z#DEBUG#b19c2800-b027-11f1-a9e7-eeee0a832ec0.OPERATION#flowable-async-job-executor-thread-2087#
[PublishConfigurationEntriesStep] No public provided dependencies for publishing#
#2026 09 14 10:34:56.648#Z#DEBUG#b19c2800-b027-11f1-a9e7-eeee0a832ec0.OPERATION#flowable-async-job-executor-thread-2087#
Step "Publish Provided Dependencies" finished#
#2026 09 14 10:34:56.681#Z#DEBUG#b19c2800-b027-11f1-a9e7-eeee0a832ec0.OPERATION#flowable-async-job-executor-thread-2087#
[CreateOrUpdateServiceBrokerStep] Executing task "createOrUpdateServiceBrokerTask" of process "edcd64fd-b027-11f1-a9e7-eeee0a832ec0"...#
#2026 09 14 10:34:56.682#Z#DEBUG#b19c2800-b027-11f1-a9e7-eeee0a832ec0.OPERATION#flowable-async-job-executor-thread-2087#
[CreateOrUpdateServiceBrokerStep] Creating service brokers...#
#2026 09 14 10:34:56.683#Z#DEBUG#b19c2800-b027-11f1-a9e7-eeee0a832ec0.OPERATION#flowable-async-job-executor-thread-2087#
Step "Create Or Update Service Broker " finished#
#2026 09 14 10:34:56.899#Z#DEBUG#b19c2800-b027-11f1-a9e7-eeee0a832ec0.OPERATION#flowable-async-job-executor-thread-2087#
[ProcessDescriptorStep] Executing task "reprocessDescriptorTask" of process "ee000ec4-b027-11f1-a9e7-eeee0a832ec0"...#
#2026 09 14 10:34:56.900#Z#DEBUG#b19c2800-b027-11f1-a9e7-eeee0a832ec0.OPERATION#flowable-async-job-executor-thread-2087#
[ProcessDescriptorStep] Resolving properties and parameters in merged descriptor...#
#2026 09 14 10:34:56.904#Z#DEBUG#b19c2800-b027-11f1-a9e7-eeee0a832ec0.OPERATION#flowable-async-job-executor-thread-2087#
[ProcessDescriptorStep] Subscriptions: [ ]#
#2026 09 14 10:34:56.910#Z#DEBUG#b19c2800-b027-11f1-a9e7-eeee0a832ec0.OPERATION#flowable-async-job-executor-thread-2087#
[ProcessDescriptorStep] MTA modules: [capm-service-db-deployer, capm-service-srv]#
#2026 09 14 10:34:56.914#Z#DEBUG#b19c2800-b027-11f1-a9e7-eeee0a832ec0.OPERATION#flowable-async-job-executor-thread-2087#
[ProcessDescriptorStep] Resolved deployment descriptor: {
  "majorSchemaVersion" : 3,
  "schemaVersion" : "3.3.0",
  "id" : "capm-service",
  "version" : "1.0.0",
  "modules" : [ {
    "majorSchemaVersion" : 3,
    "name" : "capm-service-srv",
    "type" : "javascript.nodejs",
    "path" : "capm-service-srv",
    "properties" : { },
    "parameters" : {
      "default-url" : "https://ab417575trial-dev-capm-service-srv.cfapps.us10-001.hana.ondemand.com",
      "default-app-name" : "capm-service-srv",
      "generated-password" : "********",
      "default-live-url" : "https://ab417575trial-dev-capm-service-srv.cfapps.us10-001.hana.ondemand.com",
      "default-uri" : "ab417575trial-dev-capm-service-srv.cfapps.us10-001.hana.ondemand.com",
      "memory" : "256M",
      "default-instances" : 1,
      "default-live-host" : "ab417575trial-dev-capm-service-srv",
      "instances" : 1,
      "buildpack" : "nodejs_buildpack",
      "default-host" : "ab417575trial-dev-capm-service-srv",
      "app-name" : "capm-service-srv",
      "default-live-uri" : "ab417575trial-dev-capm-service-srv.cfapps.us10-001.hana.ondemand.com",
      "protocol" : "https",
      "default-live-app-name" : "capm-service-srv",
      "default-live-domain" : "cfapps.us10-001.hana.ondemand.com",
      "domain" : "cfapps.us10-001.hana.ondemand.com",
      "host" : "ab417575trial-dev-capm-service-srv",
      "generated-user" : "********"
    },
    "requiredDependencies" : [ {
      "majorSchemaVersion" : 3,
      "name" : "capm-service-db",
      "properties" : { },
      "parameters" : { },
      "propertiesMetadata" : {
        "metadata" : { }
      },
      "parametersMetadata" : {
        "metadata" : { }
      }
    }, {
      "majorSchemaVersion" : 3,
      "name" : "********",
      "properties" : { },
      "parameters" : { },
      "propertiesMetadata" : {
        "metadata" : { }
      },
      "parametersMetadata" : {
        "metadata" : { }
      }
    }, {
      "majorSchemaVersion" : 3,
      "name" : "capm-service-destination",
      "properties" : { },
      "parameters" : { },
      "propertiesMetadata" : {
        "metadata" : { }
      },
      "parametersMetadata" : {
        "metadata" : { }
      }
    }, {
      "majorSchemaVersion" : 3,
      "name" : "capm-service-spa-workflow",
      "properties" : { },
      "parameters" : { },
      "propertiesMetadata" : {
        "metadata" : { }
      },
      "parametersMetadata" : {
        "metadata" : { }
      }
    } ],
    "providedDependencies" : [ {
      "majorSchemaVersion" : 3,
      "name" : "srv-api",
      "isPublic" : false,
      "properties" : {
        "srv-url" : "https://ab417575trial-dev-capm-service-srv.cfapps.us10-001.hana.ondemand.com"
      },
      "parameters" : { },
      "propertiesMetadata" : {
        "metadata" : { }
      },
      "parametersMetadata" : {
        "metadata" : { }
      }
    }, {
      "majorSchemaVersion" : 3,
      "name" : "capm-service-srv",
      "isPublic" : false,
      "properties" : { },
      "parameters" : { },
      "propertiesMetadata" : {
        "metadata" : { }
      },
      "parametersMetadata" : {
        "metadata" : { }
      }
    } ],
    "propertiesMetadata" : {
      "metadata" : { }
    },
    "parametersMetadata" : {
      "metadata" : { }
    },
    "hooks" : [ ]
  }, {
    "majorSchemaVersion" : 3,
    "name" : "capm-service-db-deployer",
    "type" : "com.sap.xs.hdi",
    "path" : "capm-service-db-deployer",
    "properties" : {
      "EXIT" : 1
    },
    "parameters" : {
      "default-url" : "https://ab417575trial-dev-capm-service-db-deployer.cfapps.us10-001.hana.ondemand.com",
      "default-app-name" : "capm-service-db-deployer",
      "generated-password" : "********",
      "default-live-url" : "https://ab417575trial-dev-capm-service-db-deployer.cfapps.us10-001.hana.ondemand.com",
      "default-uri" : "ab417575trial-dev-capm-service-db-deployer.cfapps.us10-001.hana.ondemand.com",
      "memory" : "256M",
      "default-instances" : 1,
      "no-route" : true,
      "default-live-host" : "ab417575trial-dev-capm-service-db-deployer",
      "instances" : 1,
      "buildpack" : "nodejs_buildpack",
      "default-host" : "ab417575trial-dev-capm-service-db-deployer",
      "app-name" : "capm-service-db-deployer",
      "default-live-uri" : "ab417575trial-dev-capm-service-db-deployer.cfapps.us10-001.hana.ondemand.com",
      "protocol" : "https",
      "default-live-app-name" : "capm-service-db-deployer",
      "default-live-domain" : "cfapps.us10-001.hana.ondemand.com",
      "dependency-type" : "hard",
      "domain" : "cfapps.us10-001.hana.ondemand.com",
      "host" : "ab417575trial-dev-capm-service-db-deployer",
      "generated-user" : "********",
      "tasks" : [ {
        "command" : "npm start",
        "memory" : "256M",
        "name" : "deploy"
      } ],
      "no-start" : true
    },
    "requiredDependencies" : [ {
      "majorSchemaVersion" : 3,
      "name" : "capm-service-db",
      "properties" : { },
      "parameters" : { },
      "propertiesMetadata" : {
        "metadata" : { }
      },
      "parametersMetadata" : {
        "metadata" : { }
      }
    } ],
    "providedDependencies" : [ {
      "majorSchemaVersion" : 3,
      "name" : "capm-service-db-deployer",
      "isPublic" : false,
      "properties" : { },
      "parameters" : { },
      "propertiesMetadata" : {
        "metadata" : { }
      },
      "parametersMetadata" : {
        "metadata" : { }
      }
    } ],
    "propertiesMetadata" : {
      "metadata" : { }
    },
    "parametersMetadata" : {
      "metadata" : { }
    },
    "hooks" : [ ]
  } ],
  "resources" : [ {
    "majorSchemaVersion" : 3,
    "name" : "capm-service-db",
    "type" : "com.sap.xs.hdi-container",
    "properties" : { },
    "parameters" : {
      "generated-password" : "********",
      "service-name" : "capm-service-db",
      "service-plan" : "hdi-shared",
      "service" : "hana",
      "generated-user" : "********",
      "default-xsappname" : "capm-service-db",
      "type" : "managed-service",
      "default-service-name" : "capm-service-db",
      "default-container-name" : "AB417575TRIAL_DEV_CAPM_SERVICE_DB"
    },
    "isActive" : true,
    "isOptional" : false,
    "propertiesMetadata" : {
      "metadata" : { }
    },
    "parametersMetadata" : {
      "metadata" : { }
    },
    "requiredDependencies" : [ ],
    "processedAfter" : [ ]
  }, {
    "majorSchemaVersion" : 3,
    "name" : "********",
    "type" : "org.cloudfoundry.managed-service",
    "properties" : { },
    "parameters" : {
      "generated-password" : "********",
      "service-name" : "********",
      "service-plan" : "application",
      "service" : "xsuaa",
      "generated-user" : "********",
      "default-xsappname" : "********",
      "type" : "managed-service",
      "default-service-name" : "********",
      "default-container-name" : "********"
    },
    "isActive" : true,
    "isOptional" : false,
    "propertiesMetadata" : {
      "metadata" : { }
    },
    "parametersMetadata" : {
      "metadata" : { }
    },
    "requiredDependencies" : [ ],
    "processedAfter" : [ ]
  }, {
    "majorSchemaVersion" : 3,
    "name" : "capm-service-destination",
    "type" : "org.cloudfoundry.managed-service",
    "properties" : { },
    "parameters" : {
      "generated-password" : "********",
      "service-name" : "capm-service-destination",
      "service-plan" : "lite",
      "service" : "destination",
      "generated-user" : "********",
      "default-xsappname" : "capm-service-destination",
      "type" : "managed-service",
      "default-service-name" : "capm-service-destination",
      "default-container-name" : "AB417575TRIAL_DEV_CAPM_SERVICE_DESTINATION"
    },
    "isActive" : true,
    "isOptional" : false,
    "propertiesMetadata" : {
      "metadata" : { }
    },
    "parametersMetadata" : {
      "metadata" : { }
    },
    "requiredDependencies" : [ ],
    "processedAfter" : [ ]
  }, {
    "majorSchemaVersion" : 3,
    "name" : "capm-service-spa-workflow",
    "type" : "org.cloudfoundry.managed-service",
    "properties" : { },
    "parameters" : {
      "generated-password" : "********",
      "service-name" : "capm-service-spa-workflow",
      "service-plan" : "standard",
      "service" : "process-automation-service",
      "generated-user" : "********",
      "default-xsappname" : "capm-service-spa-workflow",
      "type" : "managed-service",
      "default-service-name" : "capm-service-spa-workflow",
      "default-container-name" : "AB417575TRIAL_DEV_CAPM_SERVICE_SPA_WORKFLOW"
    },
    "isActive" : true,
    "isOptional" : false,
    "propertiesMetadata" : {
      "metadata" : { }
    },
    "parametersMetadata" : {
      "metadata" : { }
    },
    "requiredDependencies" : [ ],
    "processedAfter" : [ ]
  } ],
  "parameters" : {
    "mta-id" : "capm-service",
    "authorization-url" : "********",
    "org-guid" : "06d1c646-2b36-4a95-9166-dd9f50eeb7f9",
    "org" : "ab417575trial",
    "deploy-target" : "ab417575trial dev",
    "region-primary-domain" : "us10.hana.ondemand.com",
    "space" : "dev",
    "region-domain" : "us10-001.hana.ondemand.com",
    "xs-api-url" : "https://api.cf.us10-001.hana.ondemand.com",
    "deploy-url" : "deploy-service.cfapps.us10-001.hana.ondemand.com",
    "xs-type" : "CF",
    "default-domain" : "cfapps.us10-001.hana.ondemand.com",
    "mta-version" : "1.0.0",
    "xs-auth-url" : "********",
    "space-guid" : "583b4ec9-26f7-49b3-a891-378694e7062d",
    "user" : "********",
    "controller-url" : "https://api.cf.us10-001.hana.ondemand.com",
    "timestamp" : "20260914103315"
  },
  "parametersMetadata" : {
    "metadata" : { }
  }
}#
#2026 09 14 10:34:56.914#Z#DEBUG#b19c2800-b027-11f1-a9e7-eeee0a832ec0.OPERATION#flowable-async-job-executor-thread-2087#
[ProcessDescriptorStep] Merged descriptor properties and parameters resolved#
#2026 09 14 10:34:56.914#Z#DEBUG#b19c2800-b027-11f1-a9e7-eeee0a832ec0.OPERATION#flowable-async-job-executor-thread-2087#
Step "Re-Process Descriptor Step" finished#
#2026 09 14 10:34:56.943#Z#DEBUG#b19c2800-b027-11f1-a9e7-eeee0a832ec0.OPERATION#flowable-async-job-executor-thread-2087#
[BuildApplicationDeployModelStep] Executing task "buildApplicationDeployModelTask" of process "ee000ec4-b027-11f1-a9e7-eeee0a832ec0"...#
#2026 09 14 10:34:56.945#Z#DEBUG#b19c2800-b027-11f1-a9e7-eeee0a832ec0.OPERATION#flowable-async-job-executor-thread-2087#
[BuildApplicationDeployModelStep] Building cloud deployment model for application "capm-service-db-deployer"...#
#2026 09 14 10:34:56.949#Z#DEBUG#b19c2800-b027-11f1-a9e7-eeee0a832ec0.OPERATION#flowable-async-job-executor-thread-2087#
[BuildApplicationDeployModelStep] No health-check-type is specified. Setting default type: port#
#2026 09 14 10:34:56.950#Z#INFO#b19c2800-b027-11f1-a9e7-eeee0a832ec0.OPERATION#flowable-async-job-executor-thread-2087#
[BuildApplicationDeployModelStep] Building configuration entries for org ab417575trial, space dev, spaceId 583b4ec9-26f7-49b3-a891-378694e7062d and namespace null!#
#2026 09 14 10:34:56.951#Z#DEBUG#b19c2800-b027-11f1-a9e7-eeee0a832ec0.OPERATION#flowable-async-job-executor-thread-2087#
[BuildApplicationDeployModelStep] Configuration entries to publish: [ ]#
#2026 09 14 10:34:56.951#Z#DEBUG#b19c2800-b027-11f1-a9e7-eeee0a832ec0.OPERATION#flowable-async-job-executor-thread-2087#
[BuildApplicationDeployModelStep] Cloud deployment model for application built#
#2026 09 14 10:34:56.951#Z#DEBUG#b19c2800-b027-11f1-a9e7-eeee0a832ec0.OPERATION#flowable-async-job-executor-thread-2087#
Step "Build Application Deploy Model" finished#
#2026 09 14 10:34:56.985#Z#DEBUG#b19c2800-b027-11f1-a9e7-eeee0a832ec0.OPERATION#flowable-async-job-executor-thread-2087#
[CreateOrUpdateAppStep] Executing task "createAppTask" of process "ee000ec4-b027-11f1-a9e7-eeee0a832ec0"...#
#2026 09 14 10:34:56.986#Z#DEBUG#b19c2800-b027-11f1-a9e7-eeee0a832ec0.OPERATION#flowable-async-job-executor-thread-2087#
[CreateOrUpdateAppStep] Getting application "capm-service-db-deployer"...#
#2026 09 14 10:34:57.010#Z#INFO#b19c2800-b027-11f1-a9e7-eeee0a832ec0.OPERATION#flowable-async-job-executor-thread-2087#
[CreateOrUpdateAppStep] Updating application "capm-service-db-deployer"...#
#2026 09 14 10:34:57.015#Z#DEBUG#b19c2800-b027-11f1-a9e7-eeee0a832ec0.OPERATION#flowable-async-job-executor-thread-2087#
[CreateOrUpdateAppStep] Getting process for application "070d8486-d915-4207-813d-4e7e9b8a0d10"...#
#2026 09 14 10:34:57.046#Z#DEBUG#b19c2800-b027-11f1-a9e7-eeee0a832ec0.OPERATION#flowable-async-job-executor-thread-2087#
[CreateOrUpdateAppStep] Getting routes for application "070d8486-d915-4207-813d-4e7e9b8a0d10"...#
#2026 09 14 10:34:57.078#Z#DEBUG#b19c2800-b027-11f1-a9e7-eeee0a832ec0.OPERATION#flowable-async-job-executor-thread-2087#
[CreateOrUpdateAppStep] Getting features for application "070d8486-d915-4207-813d-4e7e9b8a0d10"#
#2026 09 14 10:34:57.102#Z#DEBUG#b19c2800-b027-11f1-a9e7-eeee0a832ec0.OPERATION#flowable-async-job-executor-thread-2087#
[CreateOrUpdateAppStep] Updating staging of application "capm-service-db-deployer" to: {
  "buildpacks" : [ "nodejs_buildpack" ],
  "healthCheckType" : "port",
  "appFeatures" : { }
}#
#2026 09 14 10:34:57.340#Z#DEBUG#b19c2800-b027-11f1-a9e7-eeee0a832ec0.OPERATION#flowable-async-job-executor-thread-2087#
[CreateOrUpdateAppStep] Application "capm-service-db-deployer" updated#
#2026 09 14 10:34:57.340#Z#DEBUG#b19c2800-b027-11f1-a9e7-eeee0a832ec0.OPERATION#flowable-async-job-executor-thread-2087#
[CreateOrUpdateAppStep] Getting environment of application "070d8486-d915-4207-813d-4e7e9b8a0d10"...#
#2026 09 14 10:34:57.461#Z#DEBUG#b19c2800-b027-11f1-a9e7-eeee0a832ec0.OPERATION#flowable-async-job-executor-thread-2087#
[CreateOrUpdateAppStep] Application "capm-service-db-deployer" updated#
#2026 09 14 10:34:57.461#Z#DEBUG#b19c2800-b027-11f1-a9e7-eeee0a832ec0.OPERATION#flowable-async-job-executor-thread-2087#
Step "Create App" finished#
#2026 09 14 10:34:58.684#Z#DEBUG#b19c2800-b027-11f1-a9e7-eeee0a832ec0.OPERATION#flowable-async-job-executor-thread-2087#
[CheckServiceBindingOperationStep] Executing task "checkForServiceBindingOperationInProgress" of process "eece0c81-b027-11f1-a9e7-eeee0a832ec0"...#
#2026 09 14 10:34:58.684#Z#DEBUG#b19c2800-b027-11f1-a9e7-eeee0a832ec0.OPERATION#flowable-async-job-executor-thread-2087#
[CheckServiceBindingOperationStep] Checking for service binding operation in progress between app "capm-service-db-deployer" and service instance "capm-service-db"#
#2026 09 14 10:34:58.704#Z#DEBUG#b19c2800-b027-11f1-a9e7-eeee0a832ec0.OPERATION#flowable-async-job-executor-thread-2087#
[CheckServiceBindingOperationStep] Getting application guid "capm-service-db-deployer"...#
#2026 09 14 10:34:58.787#Z#DEBUG#b19c2800-b027-11f1-a9e7-eeee0a832ec0.OPERATION#flowable-async-job-executor-thread-2087#
[CheckServiceBindingOperationStep] Getting GUID of required service instance "capm-service-db"...#
#2026 09 14 10:34:58.870#Z#DEBUG#b19c2800-b027-11f1-a9e7-eeee0a832ec0.OPERATION#flowable-async-job-executor-thread-2087#
[CheckServiceBindingOperationStep] Getting binding of service instance "47a9cc1a-989e-4008-b793-11d76cbb2352" with application "070d8486-d915-4207-813d-4e7e9b8a0d10"...#
#2026 09 14 10:34:58.958#Z#DEBUG#b19c2800-b027-11f1-a9e7-eeee0a832ec0.OPERATION#flowable-async-job-executor-thread-2087#
[CheckServiceBindingOperationStep] Service binding operation "89077536-2b0d-4647-abf8-c48dcbcba3ed" with type "create" is in state "succeeded"#
#2026 09 14 10:34:58.958#Z#DEBUG#b19c2800-b027-11f1-a9e7-eeee0a832ec0.OPERATION#flowable-async-job-executor-thread-2087#
Step "Check For Service Binding Operation In Progress" finished#
#2026 09 14 10:34:59.604#Z#DEBUG#b19c2800-b027-11f1-a9e7-eeee0a832ec0.OPERATION#flowable-async-job-executor-thread-2087#
[DetermineApplicationServiceBindingActionsStep] Executing task "determineApplicationServiceBindingActionsTask" of process "eece0c81-b027-11f1-a9e7-eeee0a832ec0"...#
#2026 09 14 10:34:59.657#Z#DEBUG#b19c2800-b027-11f1-a9e7-eeee0a832ec0.OPERATION#flowable-async-job-executor-thread-2087#
[DetermineApplicationServiceBindingActionsStep] Determine bind/unbind operations of application "capm-service-db-deployer" to service instance "capm-service-db"#
#2026 09 14 10:34:59.657#Z#DEBUG#b19c2800-b027-11f1-a9e7-eeee0a832ec0.OPERATION#flowable-async-job-executor-thread-2087#
[DetermineApplicationServiceBindingActionsStep] Getting application "capm-service-db-deployer"...#
#2026 09 14 10:34:59.833#Z#DEBUG#b19c2800-b027-11f1-a9e7-eeee0a832ec0.OPERATION#flowable-async-job-executor-thread-2087#
[DetermineApplicationServiceBindingActionsStep] Binding parameters for application "capm-service-db-deployer": { }#
#2026 09 14 10:34:59.891#Z#DEBUG#b19c2800-b027-11f1-a9e7-eeee0a832ec0.OPERATION#flowable-async-job-executor-thread-2087#
[DetermineApplicationServiceBindingActionsStep] Check should rebind application "capm-service-db-deployer" and service instance "capm-service-db"#
#2026 09 14 10:34:59.891#Z#DEBUG#b19c2800-b027-11f1-a9e7-eeee0a832ec0.OPERATION#flowable-async-job-executor-thread-2087#
[DetermineApplicationServiceBindingActionsStep] Getting GUID of required service instance "capm-service-db"...#
#2026 09 14 10:34:59.956#Z#DEBUG#b19c2800-b027-11f1-a9e7-eeee0a832ec0.OPERATION#flowable-async-job-executor-thread-2087#
[DetermineApplicationServiceBindingActionsStep] Getting binding of service instance "47a9cc1a-989e-4008-b793-11d76cbb2352" with application "070d8486-d915-4207-813d-4e7e9b8a0d10"...#
#2026 09 14 10:35:00.067#Z#DEBUG#b19c2800-b027-11f1-a9e7-eeee0a832ec0.OPERATION#flowable-async-job-executor-thread-2087#
[DetermineApplicationServiceBindingActionsStep] Getting parameters of service binding "89077536-2b0d-4647-abf8-c48dcbcba3ed"...#
#2026 09 14 10:35:00.326#Z#INFO#b19c2800-b027-11f1-a9e7-eeee0a832ec0.OPERATION#flowable-async-job-executor-thread-2087#
[DetermineApplicationServiceBindingActionsStep] Service instance "capm-service-db" will not be rebound to application "capm-service-db-deployer" because the binding parameters are not modified#
#2026 09 14 10:35:00.384#Z#DEBUG#b19c2800-b027-11f1-a9e7-eeee0a832ec0.OPERATION#flowable-async-job-executor-thread-2087#
[DetermineApplicationServiceBindingActionsStep] Calculated binding operations between application "capm-service-db-deployer" and service instance "capm-service-db": unbind - false bind - false#
#2026 09 14 10:35:00.384#Z#DEBUG#b19c2800-b027-11f1-a9e7-eeee0a832ec0.OPERATION#flowable-async-job-executor-thread-2087#
Step "Determine Application Service Binding Actions" finished#
#2026 09 14 10:35:01.524#Z#DEBUG#b19c2800-b027-11f1-a9e7-eeee0a832ec0.OPERATION#flowable-async-job-executor-thread-2087#
[DetermineVcapServicesPropertiesChangedStep] Executing task "determineVcapServicesPropertiesChangedTask" of process "f095ad3b-b027-11f1-a9e7-eeee0a832ec0"...#
#2026 09 14 10:35:01.534#Z#DEBUG#b19c2800-b027-11f1-a9e7-eeee0a832ec0.OPERATION#flowable-async-job-executor-thread-2087#
[DetermineVcapServicesPropertiesChangedStep] VCAP_SERVICES properties for application "capm-service-db-deployer" changed: false#
#2026 09 14 10:35:01.534#Z#DEBUG#b19c2800-b027-11f1-a9e7-eeee0a832ec0.OPERATION#flowable-async-job-executor-thread-2087#
Step "Determine vcap services properties changed" finished#
#2026 09 14 10:35:01.813#Z#DEBUG#b19c2800-b027-11f1-a9e7-eeee0a832ec0.OPERATION#flowable-async-job-executor-thread-2092#
[UploadAppStep] Executing task "uploadAppTask" of process "f095ad3b-b027-11f1-a9e7-eeee0a832ec0"...#
#2026 09 14 10:35:01.823#Z#DEBUG#b19c2800-b027-11f1-a9e7-eeee0a832ec0.OPERATION#flowable-async-job-executor-thread-2092#
[UploadAppStep] Application upload timeout is default one: 3,600 seconds#
#2026 09 14 10:35:01.823#Z#INFO#b19c2800-b027-11f1-a9e7-eeee0a832ec0.OPERATION#flowable-async-job-executor-thread-2092#
[UploadAppStep] Uploading application "capm-service-db-deployer"...#
#2026 09 14 10:35:01.866#Z#DEBUG#b19c2800-b027-11f1-a9e7-eeee0a832ec0.OPERATION#flowable-async-job-executor-thread-2092#
[UploadAppStep] Getting application "capm-service-db-deployer"...#
#2026 09 14 10:35:01.919#Z#DEBUG#b19c2800-b027-11f1-a9e7-eeee0a832ec0.OPERATION#flowable-async-job-executor-thread-2092#
[UploadAppStep] Getting environment of application "070d8486-d915-4207-813d-4e7e9b8a0d10"...#
#2026 09 14 10:35:01.982#Z#INFO#b19c2800-b027-11f1-a9e7-eeee0a832ec0.OPERATION#flowable-async-job-executor-thread-2092#
[UploadAppStep] Calculating application digest: "capm-service-db-deployer"#
#2026 09 14 10:35:02.250#Z#DEBUG#b19c2800-b027-11f1-a9e7-eeee0a832ec0.OPERATION#flowable-async-job-executor-thread-2092#
Step "Upload App" finished#
#2026 09 14 10:35:16.580#Z#DEBUG#b19c2800-b027-11f1-a9e7-eeee0a832ec0.OPERATION#flowable-async-job-executor-thread-2102#
[UploadAppStep] Executing task "uploadAppTask" of process "f095ad3b-b027-11f1-a9e7-eeee0a832ec0"...#
#2026 09 14 10:35:16.581#Z#DEBUG#b19c2800-b027-11f1-a9e7-eeee0a832ec0.OPERATION#flowable-async-job-executor-thread-2102#
[UploadAppStep] Application upload timeout is default one: 3,600 seconds#
#2026 09 14 10:35:16.583#Z#DEBUG#b19c2800-b027-11f1-a9e7-eeee0a832ec0.OPERATION#pool-14-thread-2#
[UploadAppStep] Upload of application: capm-service-db-deployer started on instance: 0#
#2026 09 14 10:35:16.583#Z#DEBUG#b19c2800-b027-11f1-a9e7-eeee0a832ec0.OPERATION#pool-14-thread-2#
[UploadAppStep] Uploading file "capm-service-db-deployer/data.zip" for application "capm-service-db-deployer"#
#2026 09 14 10:35:16.754#Z#INFO#b19c2800-b027-11f1-a9e7-eeee0a832ec0.OPERATION#pool-14-thread-2#
[UploadAppStep] Time elapsed for app binary download: 170 in millis#
#2026 09 14 10:35:16.754#Z#INFO#b19c2800-b027-11f1-a9e7-eeee0a832ec0.OPERATION#pool-14-thread-2#
[UploadAppStep] Size of app capm-service-db-deployer is 2,450,675 bytes#
#2026 09 14 10:35:16.754#Z#DEBUG#b19c2800-b027-11f1-a9e7-eeee0a832ec0.OPERATION#pool-14-thread-2#
[UploadAppStep] Asynchronously uploading binaries for application "capm-service-db-deployer"...#
#2026 09 14 10:35:16.954#Z#INFO#b19c2800-b027-11f1-a9e7-eeee0a832ec0.OPERATION#pool-14-thread-2#
[UploadAppStep] Started async upload of application "capm-service-db-deployer"#
#2026 09 14 10:35:16.961#Z#INFO#b19c2800-b027-11f1-a9e7-eeee0a832ec0.OPERATION#flowable-async-job-executor-thread-2102#
[UploadAppStep] Time elapsed for upload: 379 in millis#
#2026 09 14 10:35:16.961#Z#DEBUG#b19c2800-b027-11f1-a9e7-eeee0a832ec0.OPERATION#flowable-async-job-executor-thread-2102#
[UploadAppStep] Getting application "capm-service-db-deployer"...#
#2026 09 14 10:35:16.977#Z#DEBUG#b19c2800-b027-11f1-a9e7-eeee0a832ec0.OPERATION#App upload monitor: 7f018880-2966-4fd9-b584-c2f9cbf2add8#
[UploadAppStep] Upload status: PROCESSING_UPLOAD#
#2026 09 14 10:35:16.989#Z#DEBUG#b19c2800-b027-11f1-a9e7-eeee0a832ec0.OPERATION#flowable-async-job-executor-thread-2102#
[UploadAppStep] Getting environment of application "070d8486-d915-4207-813d-4e7e9b8a0d10"...#
#2026 09 14 10:35:17.018#Z#DEBUG#b19c2800-b027-11f1-a9e7-eeee0a832ec0.OPERATION#flowable-async-job-executor-thread-2102#
[UploadAppStep] Updating environment of application "capm-service-db-deployer"#
#2026 09 14 10:35:17.085#Z#DEBUG#b19c2800-b027-11f1-a9e7-eeee0a832ec0.OPERATION#flowable-async-job-executor-thread-2102#
Step "Upload App" finished#
#2026 09 14 10:35:26.625#Z#DEBUG#b19c2800-b027-11f1-a9e7-eeee0a832ec0.OPERATION#flowable-async-job-executor-thread-2113#
[UploadAppStep] Executing task "uploadAppTask" of process "f095ad3b-b027-11f1-a9e7-eeee0a832ec0"...#
#2026 09 14 10:35:26.626#Z#DEBUG#b19c2800-b027-11f1-a9e7-eeee0a832ec0.OPERATION#flowable-async-job-executor-thread-2113#
[UploadAppStep] Application upload timeout is default one: 3,600 seconds#
#2026 09 14 10:35:26.626#Z#DEBUG#b19c2800-b027-11f1-a9e7-eeee0a832ec0.OPERATION#flowable-async-job-executor-thread-2113#
[UploadAppStep] Checking upload status of application "capm-service-db-deployer"...#
#2026 09 14 10:35:26.627#Z#DEBUG#b19c2800-b027-11f1-a9e7-eeee0a832ec0.OPERATION#flowable-async-job-executor-thread-2113#
[UploadAppStep] Getting package "7f018880-2966-4fd9-b584-c2f9cbf2add8"...#
#2026 09 14 10:35:26.664#Z#DEBUG#b19c2800-b027-11f1-a9e7-eeee0a832ec0.OPERATION#flowable-async-job-executor-thread-2113#
[UploadAppStep] Application "capm-service-db-deployer" uploaded#
#2026 09 14 10:35:26.665#Z#DEBUG#b19c2800-b027-11f1-a9e7-eeee0a832ec0.OPERATION#flowable-async-job-executor-thread-2113#
Step "Upload App" finished#
#2026 09 14 10:35:26.704#Z#DEBUG#b19c2800-b027-11f1-a9e7-eeee0a832ec0.OPERATION#flowable-async-job-executor-thread-2113#
[ScaleAppStep] Executing task "scaleAppTask" of process "f095ad3b-b027-11f1-a9e7-eeee0a832ec0"...#
#2026 09 14 10:35:26.708#Z#DEBUG#b19c2800-b027-11f1-a9e7-eeee0a832ec0.OPERATION#flowable-async-job-executor-thread-2113#
[ScaleAppStep] Scaling application "capm-service-db-deployer"...#
#2026 09 14 10:35:26.708#Z#DEBUG#b19c2800-b027-11f1-a9e7-eeee0a832ec0.OPERATION#flowable-async-job-executor-thread-2113#
[ScaleAppStep] Getting application guid "capm-service-db-deployer"...#
#2026 09 14 10:35:26.732#Z#DEBUG#b19c2800-b027-11f1-a9e7-eeee0a832ec0.OPERATION#flowable-async-job-executor-thread-2113#
[ScaleAppStep] Getting process for application "070d8486-d915-4207-813d-4e7e9b8a0d10"...#
#2026 09 14 10:35:26.766#Z#DEBUG#b19c2800-b027-11f1-a9e7-eeee0a832ec0.OPERATION#flowable-async-job-executor-thread-2113#
[ScaleAppStep] Application "capm-service-db-deployer" scaled#
#2026 09 14 10:35:26.766#Z#DEBUG#b19c2800-b027-11f1-a9e7-eeee0a832ec0.OPERATION#flowable-async-job-executor-thread-2113#
Step "Scale App" finished#
#2026 09 14 10:35:26.798#Z#DEBUG#b19c2800-b027-11f1-a9e7-eeee0a832ec0.OPERATION#flowable-async-job-executor-thread-2113#
[DetermineDesiredStateAchievingActionsStep] Executing task "determineDesiredStateAchievingActionsTask" of process "f095ad3b-b027-11f1-a9e7-eeee0a832ec0"...#
#2026 09 14 10:35:26.799#Z#DEBUG#b19c2800-b027-11f1-a9e7-eeee0a832ec0.OPERATION#flowable-async-job-executor-thread-2113#
[DetermineDesiredStateAchievingActionsStep] Getting application "capm-service-db-deployer"...#
#2026 09 14 10:35:26.844#Z#DEBUG#b19c2800-b027-11f1-a9e7-eeee0a832ec0.OPERATION#flowable-async-job-executor-thread-2113#
[DetermineDesiredStateAchievingActionsStep] Getting instances for application "capm-service-db-deployer"...#
#2026 09 14 10:35:26.844#Z#DEBUG#b19c2800-b027-11f1-a9e7-eeee0a832ec0.OPERATION#flowable-async-job-executor-thread-2113#
[DetermineDesiredStateAchievingActionsStep] Getting environment of application "070d8486-d915-4207-813d-4e7e9b8a0d10"...#
#2026 09 14 10:35:26.877#Z#DEBUG#b19c2800-b027-11f1-a9e7-eeee0a832ec0.OPERATION#flowable-async-job-executor-thread-2113#
[DetermineDesiredStateAchievingActionsStep] Current state of application capm-service-db-deployer: STOPPED#
#2026 09 14 10:35:26.877#Z#DEBUG#b19c2800-b027-11f1-a9e7-eeee0a832ec0.OPERATION#flowable-async-job-executor-thread-2113#
[DetermineDesiredStateAchievingActionsStep] Desired state of application capm-service-db-deployer: STOPPED#
#2026 09 14 10:35:26.877#Z#DEBUG#b19c2800-b027-11f1-a9e7-eeee0a832ec0.OPERATION#flowable-async-job-executor-thread-2113#
[DetermineDesiredStateAchievingActionsStep] Actions that should be executed on application capm-service-db-deployer: [STAGE]#
#2026 09 14 10:35:26.877#Z#DEBUG#b19c2800-b027-11f1-a9e7-eeee0a832ec0.OPERATION#flowable-async-job-executor-thread-2113#
Step "Determine Desired State Achieving Actions" finished#
#2026 09 14 10:35:26.910#Z#DEBUG#b19c2800-b027-11f1-a9e7-eeee0a832ec0.OPERATION#flowable-async-job-executor-thread-2113#
[StageAppStep] Executing task "stageAppTask" of process "f095ad3b-b027-11f1-a9e7-eeee0a832ec0"...#
#2026 09 14 10:35:26.911#Z#DEBUG#b19c2800-b027-11f1-a9e7-eeee0a832ec0.OPERATION#flowable-async-job-executor-thread-2113#
[StageAppStep] Application stage timeout is default one: 3,600 seconds#
#2026 09 14 10:35:26.913#Z#INFO#b19c2800-b027-11f1-a9e7-eeee0a832ec0.OPERATION#flowable-async-job-executor-thread-2113#
[StageAppStep] Staging application "capm-service-db-deployer"...#
#2026 09 14 10:35:26.917#Z#DEBUG#b19c2800-b027-11f1-a9e7-eeee0a832ec0.OPERATION#flowable-async-job-executor-thread-2113#
[StageAppStep] Creating build for package "7f018880-2966-4fd9-b584-c2f9cbf2add8"...#
#2026 09 14 10:35:27.334#Z#DEBUG#b19c2800-b027-11f1-a9e7-eeee0a832ec0.OPERATION#flowable-async-job-executor-thread-2113#
Step "Stage App" finished#
#2026 09 14 10:35:36.659#Z#DEBUG#b19c2800-b027-11f1-a9e7-eeee0a832ec0.OPERATION#flowable-async-job-executor-thread-2119#
[StageAppStep] Executing task "stageAppTask" of process "f095ad3b-b027-11f1-a9e7-eeee0a832ec0"...#
#2026 09 14 10:35:36.660#Z#DEBUG#b19c2800-b027-11f1-a9e7-eeee0a832ec0.OPERATION#flowable-async-job-executor-thread-2119#
[StageAppStep] Application stage timeout is default one: 3,600 seconds#
#2026 09 14 10:35:36.661#Z#DEBUG#b19c2800-b027-11f1-a9e7-eeee0a832ec0.OPERATION#flowable-async-job-executor-thread-2119#
[StageAppStep] Checking status of application "capm-service-db-deployer"...#
#2026 09 14 10:35:36.661#Z#DEBUG#b19c2800-b027-11f1-a9e7-eeee0a832ec0.OPERATION#flowable-async-job-executor-thread-2119#
[StageAppStep] Getting build "059ad9bd-5577-4cab-bb16-5acade582844"...#
#2026 09 14 10:35:36.693#Z#DEBUG#b19c2800-b027-11f1-a9e7-eeee0a832ec0.OPERATION#flowable-async-job-executor-thread-2119#
[StageAppStep] Staging status of application "capm-service-db-deployer": PENDING#
#2026 09 14 10:35:36.694#Z#DEBUG#b19c2800-b027-11f1-a9e7-eeee0a832ec0.OPERATION#flowable-async-job-executor-thread-2119#
[StageAppStep] Getting application guid "capm-service-db-deployer"...#
#2026 09 14 10:35:36.775#Z#DEBUG#b19c2800-b027-11f1-a9e7-eeee0a832ec0.OPERATION#flowable-async-job-executor-thread-2119#
Step "Stage App" finished#
#2026 09 14 10:35:46.742#Z#DEBUG#b19c2800-b027-11f1-a9e7-eeee0a832ec0.OPERATION#flowable-async-job-executor-thread-2125#
[StageAppStep] Executing task "stageAppTask" of process "f095ad3b-b027-11f1-a9e7-eeee0a832ec0"...#
#2026 09 14 10:35:46.743#Z#DEBUG#b19c2800-b027-11f1-a9e7-eeee0a832ec0.OPERATION#flowable-async-job-executor-thread-2125#
[StageAppStep] Application stage timeout is default one: 3,600 seconds#
#2026 09 14 10:35:46.745#Z#DEBUG#b19c2800-b027-11f1-a9e7-eeee0a832ec0.OPERATION#flowable-async-job-executor-thread-2125#
[StageAppStep] Checking status of application "capm-service-db-deployer"...#
#2026 09 14 10:35:46.745#Z#DEBUG#b19c2800-b027-11f1-a9e7-eeee0a832ec0.OPERATION#flowable-async-job-executor-thread-2125#
[StageAppStep] Getting build "059ad9bd-5577-4cab-bb16-5acade582844"...#
#2026 09 14 10:35:46.771#Z#DEBUG#b19c2800-b027-11f1-a9e7-eeee0a832ec0.OPERATION#flowable-async-job-executor-thread-2125#
[StageAppStep] Staging status of application "capm-service-db-deployer": PENDING#
#2026 09 14 10:35:46.773#Z#DEBUG#b19c2800-b027-11f1-a9e7-eeee0a832ec0.OPERATION#flowable-async-job-executor-thread-2125#
[StageAppStep] Getting application guid "capm-service-db-deployer"...#
#2026 09 14 10:35:46.854#Z#DEBUG#b19c2800-b027-11f1-a9e7-eeee0a832ec0.OPERATION#flowable-async-job-executor-thread-2125#
Step "Stage App" finished#
#2026 09 14 10:35:56.811#Z#DEBUG#b19c2800-b027-11f1-a9e7-eeee0a832ec0.OPERATION#flowable-async-job-executor-thread-1374#
[StageAppStep] Executing task "stageAppTask" of process "f095ad3b-b027-11f1-a9e7-eeee0a832ec0"...#
#2026 09 14 10:35:56.813#Z#DEBUG#b19c2800-b027-11f1-a9e7-eeee0a832ec0.OPERATION#flowable-async-job-executor-thread-1374#
[StageAppStep] Application stage timeout is default one: 3,600 seconds#
#2026 09 14 10:35:56.815#Z#DEBUG#b19c2800-b027-11f1-a9e7-eeee0a832ec0.OPERATION#flowable-async-job-executor-thread-1374#
[StageAppStep] Checking status of application "capm-service-db-deployer"...#
#2026 09 14 10:35:56.815#Z#DEBUG#b19c2800-b027-11f1-a9e7-eeee0a832ec0.OPERATION#flowable-async-job-executor-thread-1374#
[StageAppStep] Getting build "059ad9bd-5577-4cab-bb16-5acade582844"...#
#2026 09 14 10:35:56.851#Z#DEBUG#b19c2800-b027-11f1-a9e7-eeee0a832ec0.OPERATION#flowable-async-job-executor-thread-1374#
[StageAppStep] Staging status of application "capm-service-db-deployer": PENDING#
#2026 09 14 10:35:56.852#Z#DEBUG#b19c2800-b027-11f1-a9e7-eeee0a832ec0.OPERATION#flowable-async-job-executor-thread-1374#
[StageAppStep] Getting application guid "capm-service-db-deployer"...#
#2026 09 14 10:35:56.918#Z#DEBUG#b19c2800-b027-11f1-a9e7-eeee0a832ec0.OPERATION#flowable-async-job-executor-thread-1374#
Step "Stage App" finished#
#2026 09 14 10:36:06.885#Z#DEBUG#b19c2800-b027-11f1-a9e7-eeee0a832ec0.OPERATION#flowable-async-job-executor-thread-2142#
[StageAppStep] Executing task "stageAppTask" of process "f095ad3b-b027-11f1-a9e7-eeee0a832ec0"...#
#2026 09 14 10:36:06.886#Z#DEBUG#b19c2800-b027-11f1-a9e7-eeee0a832ec0.OPERATION#flowable-async-job-executor-thread-2142#
[StageAppStep] Application stage timeout is default one: 3,600 seconds#
#2026 09 14 10:36:06.887#Z#DEBUG#b19c2800-b027-11f1-a9e7-eeee0a832ec0.OPERATION#flowable-async-job-executor-thread-2142#
[StageAppStep] Checking status of application "capm-service-db-deployer"...#
#2026 09 14 10:36:06.887#Z#DEBUG#b19c2800-b027-11f1-a9e7-eeee0a832ec0.OPERATION#flowable-async-job-executor-thread-2142#
[StageAppStep] Getting build "059ad9bd-5577-4cab-bb16-5acade582844"...#
#2026 09 14 10:36:06.917#Z#DEBUG#b19c2800-b027-11f1-a9e7-eeee0a832ec0.OPERATION#flowable-async-job-executor-thread-2142#
[StageAppStep] Staging status of application "capm-service-db-deployer": STAGED#
#2026 09 14 10:36:06.918#Z#DEBUG#b19c2800-b027-11f1-a9e7-eeee0a832ec0.OPERATION#flowable-async-job-executor-thread-2142#
[StageAppStep] Getting application guid "capm-service-db-deployer"...#
#2026 09 14 10:36:06.990#Z#DEBUG#b19c2800-b027-11f1-a9e7-eeee0a832ec0.OPERATION#flowable-async-job-executor-thread-2142#
[StageAppStep] Getting build "059ad9bd-5577-4cab-bb16-5acade582844"...#
#2026 09 14 10:36:07.025#Z#DEBUG#b19c2800-b027-11f1-a9e7-eeee0a832ec0.OPERATION#flowable-async-job-executor-thread-2142#
[StageAppStep] Binding droplet "c36fb1f0-169f-4a6c-afe2-9572d17c34ad" to application "070d8486-d915-4207-813d-4e7e9b8a0d10"...#
#2026 09 14 10:36:07.079#Z#INFO#b19c2800-b027-11f1-a9e7-eeee0a832ec0.OPERATION#flowable-async-job-executor-thread-2142#
[StageAppStep] Application "capm-service-db-deployer" staged#
#2026 09 14 10:36:07.085#Z#DEBUG#b19c2800-b027-11f1-a9e7-eeee0a832ec0.OPERATION#flowable-async-job-executor-thread-2142#
Step "Stage App" finished#
#2026 09 14 10:36:07.157#Z#DEBUG#b19c2800-b027-11f1-a9e7-eeee0a832ec0.OPERATION#flowable-async-job-executor-thread-2142#
[PrepareToExecuteTasksStep] Executing task "prepareToExecuteTasksTask" of process "17e4d8d5-b028-11f1-a9e7-eeee0a832ec0"...#
#2026 09 14 10:36:07.159#Z#DEBUG#b19c2800-b027-11f1-a9e7-eeee0a832ec0.OPERATION#flowable-async-job-executor-thread-2142#
Step "Prepare To Execute Tasks" finished#
#2026 09 14 10:36:07.184#Z#DEBUG#b19c2800-b027-11f1-a9e7-eeee0a832ec0.OPERATION#flowable-async-job-executor-thread-2142#
[ExecuteTaskStep] Executing task "executeTaskTask" of process "17e4d8d5-b028-11f1-a9e7-eeee0a832ec0"...#
#2026 09 14 10:36:07.185#Z#DEBUG#b19c2800-b027-11f1-a9e7-eeee0a832ec0.OPERATION#flowable-async-job-executor-thread-2142#
[ExecuteTaskStep] Application task execution timeout is default one: 43,200 seconds#
#2026 09 14 10:36:07.186#Z#INFO#b19c2800-b027-11f1-a9e7-eeee0a832ec0.OPERATION#flowable-async-job-executor-thread-2142#
[ExecuteTaskStep] Executing task "deploy" on application "capm-service-db-deployer"...#
#2026 09 14 10:36:07.190#Z#DEBUG#b19c2800-b027-11f1-a9e7-eeee0a832ec0.OPERATION#flowable-async-job-executor-thread-2142#
[ExecuteTaskStep] Running task on application "capm-service-db-deployer": {
  "name" : "deploy",
  "command" : "npm start",
  "limits" : {
    "memory" : 256
  }
}#
#2026 09 14 10:36:07.461#Z#DEBUG#b19c2800-b027-11f1-a9e7-eeee0a832ec0.OPERATION#flowable-async-job-executor-thread-2142#
Step "Execute Task" finished#
#2026 09 14 10:36:16.919#Z#DEBUG#b19c2800-b027-11f1-a9e7-eeee0a832ec0.OPERATION#flowable-async-job-executor-thread-2147#
[ExecuteTaskStep] Executing task "executeTaskTask" of process "17e4d8d5-b028-11f1-a9e7-eeee0a832ec0"...#
#2026 09 14 10:36:16.920#Z#DEBUG#b19c2800-b027-11f1-a9e7-eeee0a832ec0.OPERATION#flowable-async-job-executor-thread-2147#
[ExecuteTaskStep] Application task execution timeout is default one: 43,200 seconds#
#2026 09 14 10:36:16.922#Z#DEBUG#b19c2800-b027-11f1-a9e7-eeee0a832ec0.OPERATION#flowable-async-job-executor-thread-2147#
[ExecuteTaskStep] Getting task "7815fc81-7bac-4550-896c-6fab8826ffca"...#
#2026 09 14 10:36:16.951#Z#DEBUG#b19c2800-b027-11f1-a9e7-eeee0a832ec0.OPERATION#flowable-async-job-executor-thread-2147#
[ExecuteTaskStep] Task execution status: running#
#2026 09 14 10:36:16.953#Z#DEBUG#b19c2800-b027-11f1-a9e7-eeee0a832ec0.OPERATION#flowable-async-job-executor-thread-2147#
[ExecuteTaskStep] Getting application guid "capm-service-db-deployer"...#
#2026 09 14 10:36:17.018#Z#DEBUG#b19c2800-b027-11f1-a9e7-eeee0a832ec0.OPERATION#flowable-async-job-executor-thread-2147#
Step "Execute Task" finished#
#2026 09 14 10:36:26.935#Z#DEBUG#b19c2800-b027-11f1-a9e7-eeee0a832ec0.OPERATION#flowable-async-job-executor-thread-2156#
[ExecuteTaskStep] Executing task "executeTaskTask" of process "17e4d8d5-b028-11f1-a9e7-eeee0a832ec0"...#
#2026 09 14 10:36:26.937#Z#DEBUG#b19c2800-b027-11f1-a9e7-eeee0a832ec0.OPERATION#flowable-async-job-executor-thread-2156#
[ExecuteTaskStep] Application task execution timeout is default one: 43,200 seconds#
#2026 09 14 10:36:26.938#Z#DEBUG#b19c2800-b027-11f1-a9e7-eeee0a832ec0.OPERATION#flowable-async-job-executor-thread-2156#
[ExecuteTaskStep] Getting task "7815fc81-7bac-4550-896c-6fab8826ffca"...#
#2026 09 14 10:36:26.969#Z#DEBUG#b19c2800-b027-11f1-a9e7-eeee0a832ec0.OPERATION#flowable-async-job-executor-thread-2156#
[ExecuteTaskStep] Task execution status: succeeded#
#2026 09 14 10:36:26.970#Z#DEBUG#b19c2800-b027-11f1-a9e7-eeee0a832ec0.OPERATION#flowable-async-job-executor-thread-2156#
[ExecuteTaskStep] Getting application guid "capm-service-db-deployer"...#
#2026 09 14 10:36:27.072#Z#DEBUG#b19c2800-b027-11f1-a9e7-eeee0a832ec0.OPERATION#flowable-async-job-executor-thread-2156#
Step "Execute Task" finished#
#2026 09 14 10:36:27.132#Z#DEBUG#b19c2800-b027-11f1-a9e7-eeee0a832ec0.OPERATION#flowable-async-job-executor-thread-2159#
[IncrementIndexStep] Executing task "incrementTaskIndexTask" of process "17e4d8d5-b028-11f1-a9e7-eeee0a832ec0"...#
#2026 09 14 10:36:27.134#Z#DEBUG#b19c2800-b027-11f1-a9e7-eeee0a832ec0.OPERATION#flowable-async-job-executor-thread-2159#
Step "Increment Task Index" finished#
#2026 09 14 10:36:27.191#Z#DEBUG#b19c2800-b027-11f1-a9e7-eeee0a832ec0.OPERATION#flowable-async-job-executor-thread-2159#
[PublishConfigurationEntriesStep] Executing task "publishProvidedDependenciesTask" of process "f095ad3b-b027-11f1-a9e7-eeee0a832ec0"...#
#2026 09 14 10:36:27.191#Z#DEBUG#b19c2800-b027-11f1-a9e7-eeee0a832ec0.OPERATION#flowable-async-job-executor-thread-2159#
[PublishConfigurationEntriesStep] Publishing public provided dependencies for application "capm-service-db-deployer"...#
#2026 09 14 10:36:27.192#Z#DEBUG#b19c2800-b027-11f1-a9e7-eeee0a832ec0.OPERATION#flowable-async-job-executor-thread-2159#
[PublishConfigurationEntriesStep] No public provided dependencies for publishing#
#2026 09 14 10:36:27.192#Z#DEBUG#b19c2800-b027-11f1-a9e7-eeee0a832ec0.OPERATION#flowable-async-job-executor-thread-2159#
Step "Publish Provided Dependencies" finished#
#2026 09 14 10:36:27.229#Z#DEBUG#b19c2800-b027-11f1-a9e7-eeee0a832ec0.OPERATION#flowable-async-job-executor-thread-2160#
[CreateOrUpdateServiceBrokerStep] Executing task "createOrUpdateServiceBrokerTask" of process "f095ad3b-b027-11f1-a9e7-eeee0a832ec0"...#
#2026 09 14 10:36:27.233#Z#DEBUG#b19c2800-b027-11f1-a9e7-eeee0a832ec0.OPERATION#flowable-async-job-executor-thread-2160#
[CreateOrUpdateServiceBrokerStep] Creating service brokers...#
#2026 09 14 10:36:27.235#Z#DEBUG#b19c2800-b027-11f1-a9e7-eeee0a832ec0.OPERATION#flowable-async-job-executor-thread-2160#
Step "Create Or Update Service Broker " finished#
#2026 09 14 10:36:27.389#Z#DEBUG#b19c2800-b027-11f1-a9e7-eeee0a832ec0.OPERATION#flowable-async-job-executor-thread-2161#
[CreateSubscriptionsStep] Executing task "createSubscriptionsTask" of process "23ebeb52-b028-11f1-a9e7-eeee0a832ec0"...#
#2026 09 14 10:36:27.390#Z#DEBUG#b19c2800-b027-11f1-a9e7-eeee0a832ec0.OPERATION#flowable-async-job-executor-thread-2161#
[CreateSubscriptionsStep] Creating subscriptions...#
#2026 09 14 10:36:27.391#Z#DEBUG#b19c2800-b027-11f1-a9e7-eeee0a832ec0.OPERATION#flowable-async-job-executor-thread-2161#
[CreateSubscriptionsStep] Subscriptions created#
#2026 09 14 10:36:27.391#Z#DEBUG#b19c2800-b027-11f1-a9e7-eeee0a832ec0.OPERATION#flowable-async-job-executor-thread-2161#
Step "Create Subscriptions" finished#
#2026 09 14 10:36:27.423#Z#DEBUG#b19c2800-b027-11f1-a9e7-eeee0a832ec0.OPERATION#flowable-async-job-executor-thread-2162#
[DeleteSubscriptionsStep] Executing task "deleteSubscriptionsTask" of process "23ebeb52-b028-11f1-a9e7-eeee0a832ec0"...#
#2026 09 14 10:36:27.425#Z#DEBUG#b19c2800-b027-11f1-a9e7-eeee0a832ec0.OPERATION#flowable-async-job-executor-thread-2162#
[DeleteSubscriptionsStep] Deleting discontinued subscriptions...#
#2026 09 14 10:36:27.426#Z#DEBUG#b19c2800-b027-11f1-a9e7-eeee0a832ec0.OPERATION#flowable-async-job-executor-thread-2162#
[DeleteSubscriptionsStep] Subscriptions to delete: [ ]#
#2026 09 14 10:36:27.426#Z#DEBUG#b19c2800-b027-11f1-a9e7-eeee0a832ec0.OPERATION#flowable-async-job-executor-thread-2162#
[DeleteSubscriptionsStep] Deleted discontinued subscriptions#
#2026 09 14 10:36:27.426#Z#DEBUG#b19c2800-b027-11f1-a9e7-eeee0a832ec0.OPERATION#flowable-async-job-executor-thread-2162#
Step "Delete Subscriptions" finished#
#2026 09 14 10:36:27.453#Z#DEBUG#b19c2800-b027-11f1-a9e7-eeee0a832ec0.OPERATION#flowable-async-job-executor-thread-2162#
[DeleteDiscontinuedConfigurationEntriesStep] Executing task "deleteDiscontinuedConfigurationEntriesTask" of process "23ebeb52-b028-11f1-a9e7-eeee0a832ec0"...#
#2026 09 14 10:36:27.454#Z#DEBUG#b19c2800-b027-11f1-a9e7-eeee0a832ec0.OPERATION#flowable-async-job-executor-thread-2162#
[DeleteDiscontinuedConfigurationEntriesStep] Deleting discontinued published dependencies...#
#2026 09 14 10:36:27.504#Z#DEBUG#b19c2800-b027-11f1-a9e7-eeee0a832ec0.OPERATION#flowable-async-job-executor-thread-2162#
[DeleteDiscontinuedConfigurationEntriesStep] Deleted entries: [ ]#
#2026 09 14 10:36:27.504#Z#DEBUG#b19c2800-b027-11f1-a9e7-eeee0a832ec0.OPERATION#flowable-async-job-executor-thread-2162#
[DeleteDiscontinuedConfigurationEntriesStep] Discontinued published dependencies deleted#
#2026 09 14 10:36:27.504#Z#DEBUG#b19c2800-b027-11f1-a9e7-eeee0a832ec0.OPERATION#flowable-async-job-executor-thread-2162#
Step "Delete Discontinued Configuration Entries" finished#
#2026 09 14 10:36:27.633#Z#DEBUG#b19c2800-b027-11f1-a9e7-eeee0a832ec0.OPERATION#flowable-async-job-executor-thread-2162#
[DeleteApplicationRoutesStep] Executing task "deleteApplicationRoutesTask" of process "2414338c-b028-11f1-a9e7-eeee0a832ec0"...#
#2026 09 14 10:36:27.636#Z#INFO#b19c2800-b027-11f1-a9e7-eeee0a832ec0.OPERATION#flowable-async-job-executor-thread-2162#
[DeleteApplicationRoutesStep] Deleting routes for application "capm-service-approuter"...#
#2026 09 14 10:36:27.642#Z#DEBUG#b19c2800-b027-11f1-a9e7-eeee0a832ec0.OPERATION#flowable-async-job-executor-thread-2162#
[DeleteApplicationRoutesStep] Getting routes for application "acffc01e-e141-4d23-8bb2-0c336eb34d02"...#
#2026 09 14 10:36:27.689#Z#DEBUG#b19c2800-b027-11f1-a9e7-eeee0a832ec0.OPERATION#flowable-async-job-executor-thread-2162#
[DeleteApplicationRoutesStep] Routes for application capm-service-approuter: [ {
  "metadata" : {
    "guid" : "5a75ef51-7061-47bb-8d79-8bc643734609",
    "createdAt" : [ 2026, 9, 10, 9, 43, 48 ],
    "updatedAt" : [ 2026, 9, 10, 9, 43, 48 ]
  },
  "appsUsingRoute" : 1,
  "domain" : {
    "name" : "cfapps.us10-001.hana.ondemand.com",
    "metadata" : {
      "guid" : "b1bba944-348a-4b99-b77c-7705b2868fd0"
    }
  },
  "host" : "ab417575trial-dev-capm-service-approuter",
  "path" : "",
  "requestedProtocol" : "http1",
  "destinations" : [ {
    "metadata" : {
      "guid" : "5fcd0a9b-a6f4-4073-9708-e8c0db413f62"
    },
    "applicationGuid" : "acffc01e-e141-4d23-8bb2-0c336eb34d02",
    "port" : 8080,
    "protocol" : "http1"
  } ],
  "url" : "ab417575trial-dev-capm-service-approuter.cfapps.us10-001.hana.ondemand.com",
  "boundServiceInstanceGuids" : [ ]
} ]#
#2026 09 14 10:36:27.689#Z#DEBUG#b19c2800-b027-11f1-a9e7-eeee0a832ec0.OPERATION#flowable-async-job-executor-thread-2162#
[DeleteApplicationRoutesStep] Updating URIs of application "capm-service-approuter" to: #
#2026 09 14 10:36:27.817#Z#INFO#b19c2800-b027-11f1-a9e7-eeee0a832ec0.OPERATION#flowable-async-job-executor-thread-2162#
[DeleteApplicationRoutesStep] Deleting route "ab417575trial-dev-capm-service-approuter.cfapps.us10-001.hana.ondemand.com"...#
#2026 09 14 10:36:27.822#Z#DEBUG#b19c2800-b027-11f1-a9e7-eeee0a832ec0.OPERATION#flowable-async-job-executor-thread-2162#
[DeleteApplicationRoutesStep] Deleting route with host "ab417575trial-dev-capm-service-approuter", domain "cfapps.us10-001.hana.ondemand.com" and path ""...#
#2026 09 14 10:36:28.951#Z#DEBUG#b19c2800-b027-11f1-a9e7-eeee0a832ec0.OPERATION#flowable-async-job-executor-thread-2162#
[DeleteApplicationRoutesStep] Route "ab417575trial-dev-capm-service-approuter.cfapps.us10-001.hana.ondemand.com" deleted#
#2026 09 14 10:36:28.951#Z#DEBUG#b19c2800-b027-11f1-a9e7-eeee0a832ec0.OPERATION#flowable-async-job-executor-thread-2162#
[DeleteApplicationRoutesStep] App routes for applications "capm-service-approuter" deleted#
#2026 09 14 10:36:28.951#Z#DEBUG#b19c2800-b027-11f1-a9e7-eeee0a832ec0.OPERATION#flowable-async-job-executor-thread-2162#
Step "Delete Application Routes Step" finished#
#2026 09 14 10:36:28.982#Z#DEBUG#b19c2800-b027-11f1-a9e7-eeee0a832ec0.OPERATION#flowable-async-job-executor-thread-2162#
[StopApplicationUndeploymentStep] Executing task "stopApplicationUndeploymentTask" of process "2414338c-b028-11f1-a9e7-eeee0a832ec0"...#
#2026 09 14 10:36:28.985#Z#INFO#b19c2800-b027-11f1-a9e7-eeee0a832ec0.OPERATION#flowable-async-job-executor-thread-2162#
[StopApplicationUndeploymentStep] Stopping application "capm-service-approuter"...#
#2026 09 14 10:36:28.988#Z#DEBUG#b19c2800-b027-11f1-a9e7-eeee0a832ec0.OPERATION#flowable-async-job-executor-thread-2162#
[StopApplicationUndeploymentStep] Stopping application "capm-service-approuter"...#
#2026 09 14 10:36:29.017#Z#DEBUG#b19c2800-b027-11f1-a9e7-eeee0a832ec0.OPERATION#flowable-async-job-executor-thread-2162#
[StopApplicationUndeploymentStep] Application "capm-service-approuter" stopped#
#2026 09 14 10:36:29.017#Z#DEBUG#b19c2800-b027-11f1-a9e7-eeee0a832ec0.OPERATION#flowable-async-job-executor-thread-2162#
[StopApplicationUndeploymentStep] Getting environment of application "capm-service-approuter"...#
#2026 09 14 10:36:29.083#Z#DEBUG#b19c2800-b027-11f1-a9e7-eeee0a832ec0.OPERATION#flowable-async-job-executor-thread-2162#
Step "Stop Application Undeployment Step" finished#
#2026 09 14 10:36:29.112#Z#DEBUG#b19c2800-b027-11f1-a9e7-eeee0a832ec0.OPERATION#flowable-async-job-executor-thread-2162#
[DetermineServiceBindingsToDeleteStep] Executing task "sid-DFD29F59-3CDA-4F18-876E-E675418FFF0E" of process "2414338c-b028-11f1-a9e7-eeee0a832ec0"...#
#2026 09 14 10:36:29.114#Z#DEBUG#b19c2800-b027-11f1-a9e7-eeee0a832ec0.OPERATION#flowable-async-job-executor-thread-2162#
[DetermineServiceBindingsToDeleteStep] Getting application guid "capm-service-approuter"...#
#2026 09 14 10:36:29.139#Z#DEBUG#b19c2800-b027-11f1-a9e7-eeee0a832ec0.OPERATION#flowable-async-job-executor-thread-2162#
[DetermineServiceBindingsToDeleteStep] Getting bindings of application "acffc01e-e141-4d23-8bb2-0c336eb34d02"...#
#2026 09 14 10:36:29.170#Z#DEBUG#b19c2800-b027-11f1-a9e7-eeee0a832ec0.OPERATION#flowable-async-job-executor-thread-2162#
[DetermineServiceBindingsToDeleteStep] Existing service bindings "[ {
  "metadata" : {
    "guid" : "01113643-9d21-4065-8a04-482518f47eaf",
    "createdAt" : [ 2026, 9, 13, 4, 40, 41 ],
    "updatedAt" : [ 2026, 9, 13, 4, 40, 42 ]
  },
  "applicationGuid" : "acffc01e-e141-4d23-8bb2-0c336eb34d02",
  "serviceInstanceGuid" : "a1bed4fc-6fd9-4cc3-b974-fc23e68b5d5a",
  "serviceBindingOperation" : {
    "type" : "CREATE",
    "state" : "SUCCEEDED",
    "createdAt" : [ 2026, 9, 13, 4, 40, 42 ],
    "updatedAt" : [ 2026, 9, 13, 4, 40, 42 ]
  }
}, {
  "metadata" : {
    "guid" : "36262e6d-4672-45d3-b54c-5d7c7065271e",
    "createdAt" : [ 2026, 9, 13, 4, 40, 41 ],
    "updatedAt" : [ 2026, 9, 13, 4, 40, 42 ]
  },
  "applicationGuid" : "acffc01e-e141-4d23-8bb2-0c336eb34d02",
  "serviceInstanceGuid" : "fddab71c-b12d-429c-ae3b-77c6179656d7",
  "serviceBindingOperation" : {
    "type" : "CREATE",
    "state" : "SUCCEEDED",
    "createdAt" : [ 2026, 9, 13, 4, 40, 42 ],
    "updatedAt" : [ 2026, 9, 13, 4, 40, 42 ]
  }
}, {
  "metadata" : {
    "guid" : "ab42ef24-ec09-4307-8ff6-3e791edf9b84",
    "createdAt" : [ 2026, 9, 13, 4, 40, 41 ],
    "updatedAt" : [ 2026, 9, 13, 4, 40, 42 ]
  },
  "applicationGuid" : "acffc01e-e141-4d23-8bb2-0c336eb34d02",
  "serviceInstanceGuid" : "f07cb3d2-de2b-44aa-85d1-cd245e588215",
  "serviceBindingOperation" : {
    "type" : "CREATE",
    "state" : "SUCCEEDED",
    "createdAt" : [ 2026, 9, 13, 4, 40, 42 ],
    "updatedAt" : [ 2026, 9, 13, 4, 40, 42 ]
  }
} ]"#
#2026 09 14 10:36:29.170#Z#DEBUG#b19c2800-b027-11f1-a9e7-eeee0a832ec0.OPERATION#flowable-async-job-executor-thread-2162#
Step "Determine Service Bindings to Delete" finished#
#2026 09 14 10:36:29.245#Z#DEBUG#b19c2800-b027-11f1-a9e7-eeee0a832ec0.OPERATION#flowable-async-job-executor-thread-2162#
[CheckServiceBindingOperationStep] Executing task "checkForServiceBindingOperationInProgress" of process "250ee783-b028-11f1-a9e7-eeee0a832ec0"...#
#2026 09 14 10:36:29.245#Z#DEBUG#b19c2800-b027-11f1-a9e7-eeee0a832ec0.OPERATION#flowable-async-job-executor-thread-2162#
[CheckServiceBindingOperationStep] Service binding "01113643-9d21-4065-8a04-482518f47eaf" scheduled for deletion#
#2026 09 14 10:36:29.245#Z#DEBUG#b19c2800-b027-11f1-a9e7-eeee0a832ec0.OPERATION#flowable-async-job-executor-thread-2162#
[CheckServiceBindingOperationStep] Service binding operation "01113643-9d21-4065-8a04-482518f47eaf" with type "create" is in state "succeeded"#
#2026 09 14 10:36:29.245#Z#DEBUG#b19c2800-b027-11f1-a9e7-eeee0a832ec0.OPERATION#flowable-async-job-executor-thread-2162#
Step "Check For Service Binding Operation In Progress" finished#
#2026 09 14 10:36:29.268#Z#DEBUG#b19c2800-b027-11f1-a9e7-eeee0a832ec0.OPERATION#flowable-async-job-executor-thread-2162#
[DetermineApplicationServiceBindingActionsStep] Executing task "determineApplicationServiceBindingActionsTask" of process "250ee783-b028-11f1-a9e7-eeee0a832ec0"...#
#2026 09 14 10:36:29.270#Z#DEBUG#b19c2800-b027-11f1-a9e7-eeee0a832ec0.OPERATION#flowable-async-job-executor-thread-2162#
[DetermineApplicationServiceBindingActionsStep] Getting service instance name "a1bed4fc-6fd9-4cc3-b974-fc23e68b5d5a"...#
#2026 09 14 10:36:29.303#Z#DEBUG#b19c2800-b027-11f1-a9e7-eeee0a832ec0.OPERATION#flowable-async-job-executor-thread-2162#
[DetermineApplicationServiceBindingActionsStep] Will unbind service instance "capm-service-auth" from app "capm-service-approuter"#
#2026 09 14 10:36:29.303#Z#DEBUG#b19c2800-b027-11f1-a9e7-eeee0a832ec0.OPERATION#flowable-async-job-executor-thread-2162#
[DetermineApplicationServiceBindingActionsStep] Calculated binding operations between application "capm-service-approuter" and service instance "capm-service-auth": unbind - true bind - false#
#2026 09 14 10:36:29.303#Z#DEBUG#b19c2800-b027-11f1-a9e7-eeee0a832ec0.OPERATION#flowable-async-job-executor-thread-2162#
Step "Determine Application Service Binding Actions" finished#
#2026 09 14 10:36:29.330#Z#DEBUG#b19c2800-b027-11f1-a9e7-eeee0a832ec0.OPERATION#flowable-async-job-executor-thread-2162#
[UnbindServiceFromApplicationStep] Executing task "unbindServiceFromApplicationTask" of process "250ee783-b028-11f1-a9e7-eeee0a832ec0"...#
#2026 09 14 10:36:29.333#Z#DEBUG#b19c2800-b027-11f1-a9e7-eeee0a832ec0.OPERATION#flowable-async-job-executor-thread-2162#
[UnbindServiceFromApplicationStep] Deleting service binding "01113643-9d21-4065-8a04-482518f47eaf"...#
#2026 09 14 10:36:29.385#Z#DEBUG#b19c2800-b027-11f1-a9e7-eeee0a832ec0.OPERATION#flowable-async-job-executor-thread-2162#
Step "Unbind Service from Application" finished#
#2026 09 14 10:36:30.828#Z#DEBUG#b19c2800-b027-11f1-a9e7-eeee0a832ec0.OPERATION#flowable-async-job-executor-thread-2160#
[CheckServiceBindingOperationStep] Executing task "checkForServiceBindingOperationInProgress" of process "26009ab9-b028-11f1-a9e7-eeee0a832ec0"...#
#2026 09 14 10:36:30.829#Z#DEBUG#b19c2800-b027-11f1-a9e7-eeee0a832ec0.OPERATION#flowable-async-job-executor-thread-2160#
[CheckServiceBindingOperationStep] Service binding "36262e6d-4672-45d3-b54c-5d7c7065271e" scheduled for deletion#
#2026 09 14 10:36:30.829#Z#DEBUG#b19c2800-b027-11f1-a9e7-eeee0a832ec0.OPERATION#flowable-async-job-executor-thread-2160#
[CheckServiceBindingOperationStep] Service binding operation "36262e6d-4672-45d3-b54c-5d7c7065271e" with type "create" is in state "succeeded"#
#2026 09 14 10:36:30.829#Z#DEBUG#b19c2800-b027-11f1-a9e7-eeee0a832ec0.OPERATION#flowable-async-job-executor-thread-2160#
Step "Check For Service Binding Operation In Progress" finished#
#2026 09 14 10:36:30.852#Z#DEBUG#b19c2800-b027-11f1-a9e7-eeee0a832ec0.OPERATION#flowable-async-job-executor-thread-2160#
[DetermineApplicationServiceBindingActionsStep] Executing task "determineApplicationServiceBindingActionsTask" of process "26009ab9-b028-11f1-a9e7-eeee0a832ec0"...#
#2026 09 14 10:36:30.853#Z#DEBUG#b19c2800-b027-11f1-a9e7-eeee0a832ec0.OPERATION#flowable-async-job-executor-thread-2160#
[DetermineApplicationServiceBindingActionsStep] Getting service instance name "fddab71c-b12d-429c-ae3b-77c6179656d7"...#
#2026 09 14 10:36:30.877#Z#DEBUG#b19c2800-b027-11f1-a9e7-eeee0a832ec0.OPERATION#flowable-async-job-executor-thread-2160#
[DetermineApplicationServiceBindingActionsStep] Will unbind service instance "capm-service-destination-service" from app "capm-service-approuter"#
#2026 09 14 10:36:30.877#Z#DEBUG#b19c2800-b027-11f1-a9e7-eeee0a832ec0.OPERATION#flowable-async-job-executor-thread-2160#
[DetermineApplicationServiceBindingActionsStep] Calculated binding operations between application "capm-service-approuter" and service instance "capm-service-destination-service": unbind - true bind - false#
#2026 09 14 10:36:30.877#Z#DEBUG#b19c2800-b027-11f1-a9e7-eeee0a832ec0.OPERATION#flowable-async-job-executor-thread-2160#
Step "Determine Application Service Binding Actions" finished#
#2026 09 14 10:36:30.904#Z#DEBUG#b19c2800-b027-11f1-a9e7-eeee0a832ec0.OPERATION#flowable-async-job-executor-thread-2160#
[UnbindServiceFromApplicationStep] Executing task "unbindServiceFromApplicationTask" of process "26009ab9-b028-11f1-a9e7-eeee0a832ec0"...#
#2026 09 14 10:36:30.906#Z#DEBUG#b19c2800-b027-11f1-a9e7-eeee0a832ec0.OPERATION#flowable-async-job-executor-thread-2160#
[UnbindServiceFromApplicationStep] Deleting service binding "36262e6d-4672-45d3-b54c-5d7c7065271e"...#
#2026 09 14 10:36:30.957#Z#DEBUG#b19c2800-b027-11f1-a9e7-eeee0a832ec0.OPERATION#flowable-async-job-executor-thread-2160#
Step "Unbind Service from Application" finished#
#2026 09 14 10:36:31.426#Z#DEBUG#b19c2800-b027-11f1-a9e7-eeee0a832ec0.OPERATION#flowable-async-job-executor-thread-1395#
[CheckServiceBindingOperationStep] Executing task "checkForServiceBindingOperationInProgress" of process "26599006-b028-11f1-ac30-eeee0a8f4439"...#
#2026 09 14 10:36:31.427#Z#DEBUG#b19c2800-b027-11f1-a9e7-eeee0a832ec0.OPERATION#flowable-async-job-executor-thread-1395#
[CheckServiceBindingOperationStep] Service binding "ab42ef24-ec09-4307-8ff6-3e791edf9b84" scheduled for deletion#
#2026 09 14 10:36:31.427#Z#DEBUG#b19c2800-b027-11f1-a9e7-eeee0a832ec0.OPERATION#flowable-async-job-executor-thread-1395#
[CheckServiceBindingOperationStep] Service binding operation "ab42ef24-ec09-4307-8ff6-3e791edf9b84" with type "create" is in state "succeeded"#
#2026 09 14 10:36:31.427#Z#DEBUG#b19c2800-b027-11f1-a9e7-eeee0a832ec0.OPERATION#flowable-async-job-executor-thread-1395#
Step "Check For Service Binding Operation In Progress" finished#
#2026 09 14 10:36:31.469#Z#DEBUG#b19c2800-b027-11f1-a9e7-eeee0a832ec0.OPERATION#flowable-async-job-executor-thread-1395#
[DetermineApplicationServiceBindingActionsStep] Executing task "determineApplicationServiceBindingActionsTask" of process "26599006-b028-11f1-ac30-eeee0a8f4439"...#
#2026 09 14 10:36:31.471#Z#DEBUG#b19c2800-b027-11f1-a9e7-eeee0a832ec0.OPERATION#flowable-async-job-executor-thread-1395#
[DetermineApplicationServiceBindingActionsStep] Getting service instance name "f07cb3d2-de2b-44aa-85d1-cd245e588215"...#
#2026 09 14 10:36:31.506#Z#DEBUG#b19c2800-b027-11f1-a9e7-eeee0a832ec0.OPERATION#flowable-async-job-executor-thread-1395#
[DetermineApplicationServiceBindingActionsStep] Will unbind service instance "capm-service-html5-repo-runtime" from app "capm-service-approuter"#
#2026 09 14 10:36:31.506#Z#DEBUG#b19c2800-b027-11f1-a9e7-eeee0a832ec0.OPERATION#flowable-async-job-executor-thread-1395#
[DetermineApplicationServiceBindingActionsStep] Calculated binding operations between application "capm-service-approuter" and service instance "capm-service-html5-repo-runtime": unbind - true bind - false#
#2026 09 14 10:36:31.506#Z#DEBUG#b19c2800-b027-11f1-a9e7-eeee0a832ec0.OPERATION#flowable-async-job-executor-thread-1395#
Step "Determine Application Service Binding Actions" finished#
#2026 09 14 10:36:31.547#Z#DEBUG#b19c2800-b027-11f1-a9e7-eeee0a832ec0.OPERATION#flowable-async-job-executor-thread-1395#
[UnbindServiceFromApplicationStep] Executing task "unbindServiceFromApplicationTask" of process "26599006-b028-11f1-ac30-eeee0a8f4439"...#
#2026 09 14 10:36:31.551#Z#DEBUG#b19c2800-b027-11f1-a9e7-eeee0a832ec0.OPERATION#flowable-async-job-executor-thread-1395#
[UnbindServiceFromApplicationStep] Deleting service binding "ab42ef24-ec09-4307-8ff6-3e791edf9b84"...#
#2026 09 14 10:36:31.596#Z#DEBUG#b19c2800-b027-11f1-a9e7-eeee0a832ec0.OPERATION#flowable-async-job-executor-thread-1395#
Step "Unbind Service from Application" finished#
#2026 09 14 10:36:37.016#Z#DEBUG#b19c2800-b027-11f1-a9e7-eeee0a832ec0.OPERATION#flowable-async-job-executor-thread-2165#
[UnbindServiceFromApplicationStep] Executing task "unbindServiceFromApplicationTask" of process "26599006-b028-11f1-ac30-eeee0a8f4439"...#
#2026 09 14 10:36:37.027#Z#DEBUG#b19c2800-b027-11f1-a9e7-eeee0a832ec0.OPERATION#flowable-async-job-executor-thread-2165#
[UnbindServiceFromApplicationStep] Getting async job "a4b6d9a0-cfff-47ae-9fb4-3acb21b4c3da"#
#2026 09 14 10:36:37.059#Z#DEBUG#b19c2800-b027-11f1-a9e7-eeee0a832ec0.OPERATION#flowable-async-job-executor-thread-2165#
[UnbindServiceFromApplicationStep] Async service binding operation with id "a4b6d9a0-cfff-47ae-9fb4-3acb21b4c3da" finished#
#2026 09 14 10:36:37.061#Z#DEBUG#b19c2800-b027-11f1-a9e7-eeee0a832ec0.OPERATION#flowable-async-job-executor-thread-2165#
Step "Unbind Service from Application" finished#
#2026 09 14 10:36:37.085#Z#DEBUG#b19c2800-b027-11f1-a9e7-eeee0a832ec0.OPERATION#flowable-async-job-executor-thread-2168#
[UnbindServiceFromApplicationStep] Executing task "unbindServiceFromApplicationTask" of process "250ee783-b028-11f1-a9e7-eeee0a832ec0"...#
#2026 09 14 10:36:37.087#Z#DEBUG#b19c2800-b027-11f1-a9e7-eeee0a832ec0.OPERATION#flowable-async-job-executor-thread-2168#
[UnbindServiceFromApplicationStep] Getting async job "25e1e839-3f77-4bd3-9bd2-622cf0cecfd8"#
#2026 09 14 10:36:37.135#Z#DEBUG#b19c2800-b027-11f1-a9e7-eeee0a832ec0.OPERATION#flowable-async-job-executor-thread-2168#
[UnbindServiceFromApplicationStep] Async service binding operation with id "25e1e839-3f77-4bd3-9bd2-622cf0cecfd8" finished#
#2026 09 14 10:36:37.148#Z#DEBUG#b19c2800-b027-11f1-a9e7-eeee0a832ec0.OPERATION#flowable-async-job-executor-thread-2168#
Step "Unbind Service from Application" finished#
#2026 09 14 10:36:37.309#Z#DEBUG#b19c2800-b027-11f1-a9e7-eeee0a832ec0.OPERATION#flowable-async-job-executor-thread-2165#
[UnbindServiceFromApplicationStep] Executing task "unbindServiceFromApplicationTask" of process "26009ab9-b028-11f1-a9e7-eeee0a832ec0"...#
#2026 09 14 10:36:37.323#Z#DEBUG#b19c2800-b027-11f1-a9e7-eeee0a832ec0.OPERATION#flowable-async-job-executor-thread-2165#
[UnbindServiceFromApplicationStep] Getting async job "64b01eb2-92da-49c2-83c3-57336b69414c"#
#2026 09 14 10:36:37.365#Z#DEBUG#b19c2800-b027-11f1-a9e7-eeee0a832ec0.OPERATION#flowable-async-job-executor-thread-2165#
[UnbindServiceFromApplicationStep] Async service binding operation with id "64b01eb2-92da-49c2-83c3-57336b69414c" finished#
#2026 09 14 10:36:37.392#Z#DEBUG#b19c2800-b027-11f1-a9e7-eeee0a832ec0.OPERATION#flowable-async-job-executor-thread-2165#
Step "Unbind Service from Application" finished#
#2026 09 14 10:36:41.365#Z#DEBUG#b19c2800-b027-11f1-a9e7-eeee0a832ec0.OPERATION#flowable-async-job-executor-thread-1399#
[DeleteApplicationStep] Executing task "deleteApplicationTask" of process "2c076aa9-b028-11f1-ac30-eeee0a8f4439"...#
#2026 09 14 10:36:41.382#Z#DEBUG#b19c2800-b027-11f1-a9e7-eeee0a832ec0.OPERATION#flowable-async-job-executor-thread-1399#
[DeleteApplicationStep] Getting tasks for application "capm-service-approuter"...#
#2026 09 14 10:36:41.462#Z#INFO#b19c2800-b027-11f1-a9e7-eeee0a832ec0.OPERATION#flowable-async-job-executor-thread-1399#
[DeleteApplicationStep] Deleting application "capm-service-approuter"...#
#2026 09 14 10:36:41.479#Z#DEBUG#b19c2800-b027-11f1-a9e7-eeee0a832ec0.OPERATION#flowable-async-job-executor-thread-1399#
[DeleteApplicationStep] Deleting application "capm-service-approuter"...#
#2026 09 14 10:36:42.663#Z#DEBUG#b19c2800-b027-11f1-a9e7-eeee0a832ec0.OPERATION#flowable-async-job-executor-thread-1399#
[DeleteApplicationStep] Application "capm-service-approuter" deleted#
#2026 09 14 10:36:42.663#Z#DEBUG#b19c2800-b027-11f1-a9e7-eeee0a832ec0.OPERATION#flowable-async-job-executor-thread-1399#
Step "Delete Application Step" finished#
#2026 09 14 10:36:43.851#Z#DEBUG#b19c2800-b027-11f1-a9e7-eeee0a832ec0.OPERATION#flowable-async-job-executor-thread-1403#
[CheckServiceKeyOperationStep] Executing task "checkForServiceKeyOperationsInProgress" of process "2dc5bcab-b028-11f1-ac30-eeee0a8f4439"...#
#2026 09 14 10:36:43.852#Z#DEBUG#b19c2800-b027-11f1-a9e7-eeee0a832ec0.OPERATION#flowable-async-job-executor-thread-1403#
[CheckServiceKeyOperationStep] Getting service key "capm-service-destination-content-capm-service-destination-service-credentials" for service instance "capm-service-destination-service"...#
#2026 09 14 10:36:43.861#Z#DEBUG#b19c2800-b027-11f1-a9e7-eeee0a832ec0.OPERATION#flowable-async-job-executor-thread-1402#
[CheckServiceKeyOperationStep] Executing task "checkForServiceKeyOperationsInProgress" of process "2dc8c9fd-b028-11f1-ac30-eeee0a8f4439"...#
#2026 09 14 10:36:43.861#Z#DEBUG#b19c2800-b027-11f1-a9e7-eeee0a832ec0.OPERATION#flowable-async-job-executor-thread-1402#
[CheckServiceKeyOperationStep] Getting service key "capm-service-auth-key" for service instance "capm-service-auth"...#
#2026 09 14 10:36:43.868#Z#DEBUG#b19c2800-b027-11f1-a9e7-eeee0a832ec0.OPERATION#flowable-async-job-executor-thread-1401#
[CheckServiceKeyOperationStep] Executing task "checkForServiceKeyOperationsInProgress" of process "2dc9db82-b028-11f1-ac30-eeee0a8f4439"...#
#2026 09 14 10:36:43.869#Z#DEBUG#b19c2800-b027-11f1-a9e7-eeee0a832ec0.OPERATION#flowable-async-job-executor-thread-1401#
[CheckServiceKeyOperationStep] Getting service key "capm-service-app-content-capm-service-repo-host-credentials" for service instance "capm-service-html5-service"...#
#2026 09 14 10:36:44.177#Z#DEBUG#b19c2800-b027-11f1-a9e7-eeee0a832ec0.OPERATION#flowable-async-job-executor-thread-1403#
[CheckServiceKeyOperationStep] Service key "capm-service-destination-content-capm-service-destination-service-credentials" exists in state "succeeded"#
#2026 09 14 10:36:44.177#Z#DEBUG#b19c2800-b027-11f1-a9e7-eeee0a832ec0.OPERATION#flowable-async-job-executor-thread-1403#
Step "Check For Service Key Operations In Progress" finished#
#2026 09 14 10:36:44.179#Z#DEBUG#b19c2800-b027-11f1-a9e7-eeee0a832ec0.OPERATION#flowable-async-job-executor-thread-1402#
[CheckServiceKeyOperationStep] Service key "capm-service-auth-key" exists in state "succeeded"#
#2026 09 14 10:36:44.179#Z#DEBUG#b19c2800-b027-11f1-a9e7-eeee0a832ec0.OPERATION#flowable-async-job-executor-thread-1402#
Step "Check For Service Key Operations In Progress" finished#
#2026 09 14 10:36:44.185#Z#DEBUG#b19c2800-b027-11f1-a9e7-eeee0a832ec0.OPERATION#flowable-async-job-executor-thread-1401#
[CheckServiceKeyOperationStep] Service key "capm-service-app-content-capm-service-repo-host-credentials" exists in state "succeeded"#
#2026 09 14 10:36:44.185#Z#DEBUG#b19c2800-b027-11f1-a9e7-eeee0a832ec0.OPERATION#flowable-async-job-executor-thread-1401#
Step "Check For Service Key Operations In Progress" finished#
#2026 09 14 10:36:44.188#Z#DEBUG#b19c2800-b027-11f1-a9e7-eeee0a832ec0.OPERATION#flowable-async-job-executor-thread-1402#
[DeleteServiceKeyStep] Executing task "deleteServiceKey" of process "2dc8c9fd-b028-11f1-ac30-eeee0a8f4439"...#
#2026 09 14 10:36:44.188#Z#DEBUG#b19c2800-b027-11f1-a9e7-eeee0a832ec0.OPERATION#flowable-async-job-executor-thread-1402#
[DeleteServiceKeyStep] Deleting service binding "f00f5761-d642-4303-ba4a-65bc0b531154"...#
#2026 09 14 10:36:44.189#Z#DEBUG#b19c2800-b027-11f1-a9e7-eeee0a832ec0.OPERATION#flowable-async-job-executor-thread-1403#
[DeleteServiceKeyStep] Executing task "deleteServiceKey" of process "2dc5bcab-b028-11f1-ac30-eeee0a8f4439"...#
#2026 09 14 10:36:44.189#Z#DEBUG#b19c2800-b027-11f1-a9e7-eeee0a832ec0.OPERATION#flowable-async-job-executor-thread-1403#
[DeleteServiceKeyStep] Deleting service binding "e75c9088-6091-44b2-9be2-b598c2a415d0"...#
#2026 09 14 10:36:44.204#Z#DEBUG#b19c2800-b027-11f1-a9e7-eeee0a832ec0.OPERATION#flowable-async-job-executor-thread-1401#
[DeleteServiceKeyStep] Executing task "deleteServiceKey" of process "2dc9db82-b028-11f1-ac30-eeee0a8f4439"...#
#2026 09 14 10:36:44.204#Z#DEBUG#b19c2800-b027-11f1-a9e7-eeee0a832ec0.OPERATION#flowable-async-job-executor-thread-1401#
[DeleteServiceKeyStep] Deleting service binding "9e60db17-bb5c-49ae-ab2c-02270c452953"...#
#2026 09 14 10:36:44.261#Z#INFO#b19c2800-b027-11f1-a9e7-eeee0a832ec0.OPERATION#flowable-async-job-executor-thread-1402#
[DeleteServiceKeyStep] Deleting service key "capm-service-auth-key" for service instance "capm-service-auth"...#
#2026 09 14 10:36:44.270#Z#INFO#b19c2800-b027-11f1-a9e7-eeee0a832ec0.OPERATION#flowable-async-job-executor-thread-1401#
[DeleteServiceKeyStep] Deleting service key "capm-service-app-content-capm-service-repo-host-credentials" for service instance "capm-service-html5-service"...#
#2026 09 14 10:36:44.270#Z#INFO#b19c2800-b027-11f1-a9e7-eeee0a832ec0.OPERATION#flowable-async-job-executor-thread-1403#
[DeleteServiceKeyStep] Deleting service key "capm-service-destination-content-capm-service-destination-service-credentials" for service instance "capm-service-destination-service"...#
#2026 09 14 10:36:44.304#Z#DEBUG#b19c2800-b027-11f1-a9e7-eeee0a832ec0.OPERATION#flowable-async-job-executor-thread-1402#
Step "Delete Service Key " finished#
#2026 09 14 10:36:44.312#Z#DEBUG#b19c2800-b027-11f1-a9e7-eeee0a832ec0.OPERATION#flowable-async-job-executor-thread-1401#
Step "Delete Service Key " finished#
#2026 09 14 10:36:44.314#Z#DEBUG#b19c2800-b027-11f1-a9e7-eeee0a832ec0.OPERATION#flowable-async-job-executor-thread-1403#
Step "Delete Service Key " finished#
#2026 09 14 10:36:57.118#Z#DEBUG#b19c2800-b027-11f1-a9e7-eeee0a832ec0.OPERATION#flowable-async-job-executor-thread-1405#
[DeleteServiceKeyStep] Executing task "deleteServiceKey" of process "2dc9db82-b028-11f1-ac30-eeee0a8f4439"...#
#2026 09 14 10:36:57.130#Z#DEBUG#b19c2800-b027-11f1-a9e7-eeee0a832ec0.OPERATION#flowable-async-job-executor-thread-1407#
[DeleteServiceKeyStep] Executing task "deleteServiceKey" of process "2dc5bcab-b028-11f1-ac30-eeee0a8f4439"...#
#2026 09 14 10:36:57.140#Z#DEBUG#b19c2800-b027-11f1-a9e7-eeee0a832ec0.OPERATION#flowable-async-job-executor-thread-1406#
[DeleteServiceKeyStep] Executing task "deleteServiceKey" of process "2dc8c9fd-b028-11f1-ac30-eeee0a8f4439"...#
#2026 09 14 10:36:57.145#Z#DEBUG#b19c2800-b027-11f1-a9e7-eeee0a832ec0.OPERATION#flowable-async-job-executor-thread-1406#
[DeleteServiceKeyStep] Getting async job "00485f06-85c2-4d7b-b70d-7116c3ce0aa9"#
#2026 09 14 10:36:57.145#Z#DEBUG#b19c2800-b027-11f1-a9e7-eeee0a832ec0.OPERATION#flowable-async-job-executor-thread-1405#
[DeleteServiceKeyStep] Getting async job "0c9fe588-19ba-4e84-91b6-3a94fcbb1cfd"#
#2026 09 14 10:36:57.146#Z#DEBUG#b19c2800-b027-11f1-a9e7-eeee0a832ec0.OPERATION#flowable-async-job-executor-thread-1407#
[DeleteServiceKeyStep] Getting async job "1cb958e8-dddd-40a3-abad-a1fb59887c61"#
#2026 09 14 10:36:57.171#Z#DEBUG#b19c2800-b027-11f1-a9e7-eeee0a832ec0.OPERATION#flowable-async-job-executor-thread-1406#
[DeleteServiceKeyStep] Async service key operation with id "00485f06-85c2-4d7b-b70d-7116c3ce0aa9" finished#
#2026 09 14 10:36:57.173#Z#DEBUG#b19c2800-b027-11f1-a9e7-eeee0a832ec0.OPERATION#flowable-async-job-executor-thread-1407#
[DeleteServiceKeyStep] Async service key operation with id "1cb958e8-dddd-40a3-abad-a1fb59887c61" finished#
#2026 09 14 10:36:57.173#Z#DEBUG#b19c2800-b027-11f1-a9e7-eeee0a832ec0.OPERATION#flowable-async-job-executor-thread-1405#
[DeleteServiceKeyStep] Async service key operation with id "0c9fe588-19ba-4e84-91b6-3a94fcbb1cfd" finished#
#2026 09 14 10:36:57.174#Z#DEBUG#b19c2800-b027-11f1-a9e7-eeee0a832ec0.OPERATION#flowable-async-job-executor-thread-1406#
Step "Delete Service Key " finished#
#2026 09 14 10:36:57.177#Z#DEBUG#b19c2800-b027-11f1-a9e7-eeee0a832ec0.OPERATION#flowable-async-job-executor-thread-1407#
Step "Delete Service Key " finished#
#2026 09 14 10:36:57.178#Z#DEBUG#b19c2800-b027-11f1-a9e7-eeee0a832ec0.OPERATION#flowable-async-job-executor-thread-1405#
Step "Delete Service Key " finished#
#2026 09 14 10:36:58.923#Z#WARN#b19c2800-b027-11f1-a9e7-eeee0a832ec0.OPERATION#flowable-async-job-executor-thread-1408#
[DoNotDeleteServicesListener] Skipping deletion of services, because the command line option "--delete-services" is not specified.#
#2026 09 14 10:36:59.014#Z#DEBUG#b19c2800-b027-11f1-a9e7-eeee0a832ec0.OPERATION#flowable-async-job-executor-thread-1408#
[DetachServicesFromMtaStep] Executing task "detachServicesFromMtaTask" of process "36c497b9-b028-11f1-ac30-eeee0a8f4439"...#
#2026 09 14 10:36:59.015#Z#DEBUG#b19c2800-b027-11f1-a9e7-eeee0a832ec0.OPERATION#flowable-async-job-executor-thread-1408#
[DetachServicesFromMtaStep] Detaching services from MTA...#
#2026 09 14 10:36:59.019#Z#DEBUG#b19c2800-b027-11f1-a9e7-eeee0a832ec0.OPERATION#flowable-async-job-executor-thread-1408#
[DetachServicesFromMtaStep] Getting service instances without auxiliary content by names [capm-service-destination-service, capm-service-html5-repo-runtime, capm-service-html5-service]...#
#2026 09 14 10:36:59.077#Z#INFO#b19c2800-b027-11f1-a9e7-eeee0a832ec0.OPERATION#flowable-async-job-executor-thread-1408#
[DetachServicesFromMtaStep] Detaching service "capm-service-html5-service" from MTA...#
#2026 09 14 10:36:59.085#Z#DEBUG#b19c2800-b027-11f1-a9e7-eeee0a832ec0.OPERATION#flowable-async-job-executor-thread-1408#
[DetachServicesFromMtaStep] Updating metadata of service instance "b7e02daf-713f-45ec-ab13-b6a762eb4c2d" to: {
  "annotations" : { },
  "labels" : { }
}#
#2026 09 14 10:36:59.143#Z#INFO#b19c2800-b027-11f1-a9e7-eeee0a832ec0.OPERATION#flowable-async-job-executor-thread-1408#
[DetachServicesFromMtaStep] Detaching service "capm-service-destination-service" from MTA...#
#2026 09 14 10:36:59.152#Z#DEBUG#b19c2800-b027-11f1-a9e7-eeee0a832ec0.OPERATION#flowable-async-job-executor-thread-1408#
[DetachServicesFromMtaStep] Updating metadata of service instance "fddab71c-b12d-429c-ae3b-77c6179656d7" to: {
  "annotations" : { },
  "labels" : { }
}#
#2026 09 14 10:36:59.216#Z#INFO#b19c2800-b027-11f1-a9e7-eeee0a832ec0.OPERATION#flowable-async-job-executor-thread-1408#
[DetachServicesFromMtaStep] Detaching service "capm-service-html5-repo-runtime" from MTA...#
#2026 09 14 10:36:59.227#Z#DEBUG#b19c2800-b027-11f1-a9e7-eeee0a832ec0.OPERATION#flowable-async-job-executor-thread-1408#
[DetachServicesFromMtaStep] Updating metadata of service instance "f07cb3d2-de2b-44aa-85d1-cd245e588215" to: {
  "annotations" : { },
  "labels" : { }
}#
#2026 09 14 10:36:59.281#Z#DEBUG#b19c2800-b027-11f1-a9e7-eeee0a832ec0.OPERATION#flowable-async-job-executor-thread-1408#
[DetachServicesFromMtaStep] Detached services from MTA#
#2026 09 14 10:36:59.281#Z#DEBUG#b19c2800-b027-11f1-a9e7-eeee0a832ec0.OPERATION#flowable-async-job-executor-thread-1408#
Step "Detach Services from MTA" finished#
#2026 09 14 10:36:59.325#Z#DEBUG#b19c2800-b027-11f1-a9e7-eeee0a832ec0.OPERATION#flowable-async-job-executor-thread-1408#
[UpdateSubscribersStep] Executing task "updateSubscribersTask" of process "36c497b9-b028-11f1-ac30-eeee0a8f4439"...#
#2026 09 14 10:36:59.326#Z#DEBUG#b19c2800-b027-11f1-a9e7-eeee0a832ec0.OPERATION#flowable-async-job-executor-thread-1408#
[UpdateSubscribersStep] Updating subscribers...#
#2026 09 14 10:36:59.446#Z#DEBUG#b19c2800-b027-11f1-a9e7-eeee0a832ec0.OPERATION#flowable-async-job-executor-thread-1408#
[UpdateSubscribersStep] Subscribers updated#
#2026 09 14 10:36:59.446#Z#DEBUG#b19c2800-b027-11f1-a9e7-eeee0a832ec0.OPERATION#flowable-async-job-executor-thread-1408#
Step "Update Subscribers" finished#
#2026 09 14 10:36:59.497#Z#DEBUG#b19c2800-b027-11f1-a9e7-eeee0a832ec0.OPERATION#flowable-async-job-executor-thread-1408#
[RestartSubscribersStep] Executing task "restartSubscribersTask" of process "36c497b9-b028-11f1-ac30-eeee0a8f4439"...#
#2026 09 14 10:36:59.500#Z#DEBUG#b19c2800-b027-11f1-a9e7-eeee0a832ec0.OPERATION#flowable-async-job-executor-thread-1408#
Step "Restart Subscribers" finished#
#2026 09 14 10:36:59.542#Z#DEBUG#b19c2800-b027-11f1-a9e7-eeee0a832ec0.OPERATION#flowable-async-job-executor-thread-1408#
[PrepareToRestartServiceBrokerSubscribersStep] Executing task "prepareToRestartServiceBrokerSubscribersTask" of process "36c497b9-b028-11f1-ac30-eeee0a8f4439"...#
#2026 09 14 10:36:59.547#Z#DEBUG#b19c2800-b027-11f1-a9e7-eeee0a832ec0.OPERATION#flowable-async-job-executor-thread-1408#
Step "Prepare To Restart Service Brokers Subscribers" finished#
