#2026 09 14 10:24:12.864#Z#DEBUG#16b25dd8-b026-11f1-940d-eeee0a931608.capm-service-db-deployer#flowable-async-job-executor-thread-1607#
[PollStageAppStatusExecution] 070d8486-d915-4207-813d-4e7e9b8a0d10 [2026-09-14T10:23:43.385677] Updated app with guid 070d8486-d915-4207-813d-4e7e9b8a0d10 ({"lifecycle"=>{"data"=>{"buildpacks"=>["nodejs_buildpack"]}, "type"=>"buildpack"}}) (STDOUT, API)#
#2026 09 14 10:24:12.864#Z#DEBUG#16b25dd8-b026-11f1-940d-eeee0a931608.capm-service-db-deployer#flowable-async-job-executor-thread-1607#
[PollStageAppStatusExecution] 070d8486-d915-4207-813d-4e7e9b8a0d10 [2026-09-14T10:23:43.474451] Updating process: "web" (STDOUT, API)#
#2026 09 14 10:24:12.864#Z#DEBUG#16b25dd8-b026-11f1-940d-eeee0a931608.capm-service-db-deployer#flowable-async-job-executor-thread-1607#
[PollStageAppStatusExecution] 070d8486-d915-4207-813d-4e7e9b8a0d10 [2026-09-14T10:23:52.918445] Uploading app package for app with guid 070d8486-d915-4207-813d-4e7e9b8a0d10 (STDOUT, API)#
#2026 09 14 10:24:12.864#Z#DEBUG#16b25dd8-b026-11f1-940d-eeee0a931608.capm-service-db-deployer#flowable-async-job-executor-thread-1607#
[PollStageAppStatusExecution] 070d8486-d915-4207-813d-4e7e9b8a0d10 [2026-09-14T10:23:53.071946] Updated app with guid 070d8486-d915-4207-813d-4e7e9b8a0d10 ({"environment_variables"=>"[PRIVATE DATA HIDDEN]"}) (STDOUT, API)#
#2026 09 14 10:24:12.864#Z#DEBUG#16b25dd8-b026-11f1-940d-eeee0a931608.capm-service-db-deployer#flowable-async-job-executor-thread-1607#
[PollStageAppStatusExecution] 070d8486-d915-4207-813d-4e7e9b8a0d10 [2026-09-14T10:24:03.119215] Creating build for app with guid 070d8486-d915-4207-813d-4e7e9b8a0d10 (STDOUT, API)#
#2026 09 14 10:24:12.864#Z#DEBUG#16b25dd8-b026-11f1-940d-eeee0a931608.capm-service-db-deployer#flowable-async-job-executor-thread-1607#
[PollStageAppStatusExecution] 070d8486-d915-4207-813d-4e7e9b8a0d10 [2026-09-14T10:24:03.519063] Downloading nodejs_buildpack... (STDOUT, STG)#
#2026 09 14 10:24:12.864#Z#DEBUG#16b25dd8-b026-11f1-940d-eeee0a931608.capm-service-db-deployer#flowable-async-job-executor-thread-1607#
[PollStageAppStatusExecution] 070d8486-d915-4207-813d-4e7e9b8a0d10 [2026-09-14T10:24:03.565172] Downloaded nodejs_buildpack (STDOUT, STG)#
#2026 09 14 10:24:12.864#Z#DEBUG#16b25dd8-b026-11f1-940d-eeee0a931608.capm-service-db-deployer#flowable-async-job-executor-thread-1607#
[PollStageAppStatusExecution] 070d8486-d915-4207-813d-4e7e9b8a0d10 [2026-09-14T10:24:03.565299] Cell 77283d80-dfa7-40ba-ba4e-265aef112085 creating container for instance 3eafa27e-9817-4664-95e6-d6486dc5c1de (STDOUT, STG)#
#2026 09 14 10:24:12.864#Z#DEBUG#16b25dd8-b026-11f1-940d-eeee0a931608.capm-service-db-deployer#flowable-async-job-executor-thread-1607#
[PollStageAppStatusExecution] 070d8486-d915-4207-813d-4e7e9b8a0d10 [2026-09-14T10:24:04.488940] Security group rules were updated (STDOUT, STG)#
#2026 09 14 10:24:12.864#Z#DEBUG#16b25dd8-b026-11f1-940d-eeee0a931608.capm-service-db-deployer#flowable-async-job-executor-thread-1607#
[PollStageAppStatusExecution] 070d8486-d915-4207-813d-4e7e9b8a0d10 [2026-09-14T10:24:04.602807] Cell 77283d80-dfa7-40ba-ba4e-265aef112085 successfully created container for instance 3eafa27e-9817-4664-95e6-d6486dc5c1de (STDOUT, STG)#
#2026 09 14 10:24:12.864#Z#DEBUG#16b25dd8-b026-11f1-940d-eeee0a931608.capm-service-db-deployer#flowable-async-job-executor-thread-1607#
[PollStageAppStatusExecution] 070d8486-d915-4207-813d-4e7e9b8a0d10 [2026-09-14T10:24:05.466333] Downloading app package... (STDOUT, STG)#
#2026 09 14 10:24:12.864#Z#DEBUG#16b25dd8-b026-11f1-940d-eeee0a931608.capm-service-db-deployer#flowable-async-job-executor-thread-1607#
[PollStageAppStatusExecution] 070d8486-d915-4207-813d-4e7e9b8a0d10 [2026-09-14T10:24:05.466359] Downloading build artifacts cache... (STDOUT, STG)#
#2026 09 14 10:24:12.864#Z#DEBUG#16b25dd8-b026-11f1-940d-eeee0a931608.capm-service-db-deployer#flowable-async-job-executor-thread-1607#
[PollStageAppStatusExecution] 070d8486-d915-4207-813d-4e7e9b8a0d10 [2026-09-14T10:24:05.533780] Downloaded build artifacts cache (226B) (STDOUT, STG)#
#2026 09 14 10:24:12.864#Z#DEBUG#16b25dd8-b026-11f1-940d-eeee0a931608.capm-service-db-deployer#flowable-async-job-executor-thread-1607#
[PollStageAppStatusExecution] 070d8486-d915-4207-813d-4e7e9b8a0d10 [2026-09-14T10:24:05.852764] Downloaded app package (2.3M) (STDOUT, STG)#
#2026 09 14 10:24:12.864#Z#DEBUG#16b25dd8-b026-11f1-940d-eeee0a931608.capm-service-db-deployer#flowable-async-job-executor-thread-1607#
[PollStageAppStatusExecution] 070d8486-d915-4207-813d-4e7e9b8a0d10 [2026-09-14T10:24:05.988910] -----> Nodejs Buildpack version 1.9.3 (STDOUT, STG)#
#2026 09 14 10:24:12.864#Z#DEBUG#16b25dd8-b026-11f1-940d-eeee0a931608.capm-service-db-deployer#flowable-async-job-executor-thread-1607#
[PollStageAppStatusExecution] 070d8486-d915-4207-813d-4e7e9b8a0d10 [2026-09-14T10:24:06.233892] -----> Bootstrapping python (STDOUT, STG)#
#2026 09 14 10:24:12.864#Z#DEBUG#16b25dd8-b026-11f1-940d-eeee0a931608.capm-service-db-deployer#flowable-async-job-executor-thread-1607#
[PollStageAppStatusExecution] 070d8486-d915-4207-813d-4e7e9b8a0d10 [2026-09-14T10:24:06.234562] -----> Installing python 3.13.14 (STDOUT, STG)#
#2026 09 14 10:24:12.864#Z#DEBUG#16b25dd8-b026-11f1-940d-eeee0a931608.capm-service-db-deployer#flowable-async-job-executor-thread-1607#
[PollStageAppStatusExecution] 070d8486-d915-4207-813d-4e7e9b8a0d10 [2026-09-14T10:24:06.234678] Copy [/tmp/buildpacks/336fb825d4d72bff/dependencies/4b4266a2ff36730aef37b88b668ca327/python_3.13.14_linux_x64_cflinuxfs4_b80d4954.tgz] (STDOUT, STG)#
#2026 09 14 10:24:12.864#Z#DEBUG#16b25dd8-b026-11f1-940d-eeee0a931608.capm-service-db-deployer#flowable-async-job-executor-thread-1607#
[PollStageAppStatusExecution] 070d8486-d915-4207-813d-4e7e9b8a0d10 [2026-09-14T10:24:11.840168] -----> Installing binaries (STDOUT, STG)#
#2026 09 14 10:24:12.864#Z#DEBUG#16b25dd8-b026-11f1-940d-eeee0a931608.capm-service-db-deployer#flowable-async-job-executor-thread-1607#
[PollStageAppStatusExecution] 070d8486-d915-4207-813d-4e7e9b8a0d10 [2026-09-14T10:24:11.840301] engines.node (package.json): >=18 (STDOUT, STG)#
#2026 09 14 10:24:12.864#Z#DEBUG#16b25dd8-b026-11f1-940d-eeee0a931608.capm-service-db-deployer#flowable-async-job-executor-thread-1607#
[PollStageAppStatusExecution] 070d8486-d915-4207-813d-4e7e9b8a0d10 [2026-09-14T10:24:11.840884] engines.npm (package.json): unspecified (use default) (STDOUT, STG)#
#2026 09 14 10:24:12.864#Z#DEBUG#16b25dd8-b026-11f1-940d-eeee0a931608.capm-service-db-deployer#flowable-async-job-executor-thread-1607#
[PollStageAppStatusExecution] 070d8486-d915-4207-813d-4e7e9b8a0d10 [2026-09-14T10:24:11.841530] [31;1m**WARNING**[0m Dangerous semver range (>) in engines.node. See: http://docs.cloudfoundry.org/buildpacks/node/node-tips.html (STDOUT, STG)#
#2026 09 14 10:24:12.864#Z#DEBUG#16b25dd8-b026-11f1-940d-eeee0a931608.capm-service-db-deployer#flowable-async-job-executor-thread-1607#
[PollStageAppStatusExecution] 070d8486-d915-4207-813d-4e7e9b8a0d10 [2026-09-14T10:24:11.841789] -----> Installing node 24.18.0 (STDOUT, STG)#
#2026 09 14 10:24:12.864#Z#DEBUG#16b25dd8-b026-11f1-940d-eeee0a931608.capm-service-db-deployer#flowable-async-job-executor-thread-1607#
[PollStageAppStatusExecution] 070d8486-d915-4207-813d-4e7e9b8a0d10 [2026-09-14T10:24:11.842216] Copy [/tmp/buildpacks/336fb825d4d72bff/dependencies/dffbbb835fcd073c4544f78eb6247fac/node_24.18.0_linux_x64_cflinuxfs4_cdfed650.tgz] (STDOUT, STG)#
#2026 09 14 10:24:22.979#Z#DEBUG#16b25dd8-b026-11f1-940d-eeee0a931608.capm-service-db-deployer#flowable-async-job-executor-thread-1614#
[PollStageAppStatusExecution] 070d8486-d915-4207-813d-4e7e9b8a0d10 [2026-09-14T10:24:15.153204] Using default npm version: 11.16.0 (STDOUT, STG)#
#2026 09 14 10:24:22.979#Z#DEBUG#16b25dd8-b026-11f1-940d-eeee0a931608.capm-service-db-deployer#flowable-async-job-executor-thread-1614#
[PollStageAppStatusExecution] 070d8486-d915-4207-813d-4e7e9b8a0d10 [2026-09-14T10:24:15.153238] -----> Installing yarn 1.22.22 (STDOUT, STG)#
#2026 09 14 10:24:22.979#Z#DEBUG#16b25dd8-b026-11f1-940d-eeee0a931608.capm-service-db-deployer#flowable-async-job-executor-thread-1614#
[PollStageAppStatusExecution] 070d8486-d915-4207-813d-4e7e9b8a0d10 [2026-09-14T10:24:15.153434] Copy [/tmp/buildpacks/336fb825d4d72bff/dependencies/e4fe26756e9984a665478d350474fa2e/yarn_1.22.22_linux_noarch_any-stack_b6132b86.tgz] (STDOUT, STG)#
#2026 09 14 10:24:22.979#Z#DEBUG#16b25dd8-b026-11f1-940d-eeee0a931608.capm-service-db-deployer#flowable-async-job-executor-thread-1614#
[PollStageAppStatusExecution] 070d8486-d915-4207-813d-4e7e9b8a0d10 [2026-09-14T10:24:15.610940] Installed yarn 1.22.22 (STDOUT, STG)#
#2026 09 14 10:24:22.979#Z#DEBUG#16b25dd8-b026-11f1-940d-eeee0a931608.capm-service-db-deployer#flowable-async-job-executor-thread-1614#
[PollStageAppStatusExecution] 070d8486-d915-4207-813d-4e7e9b8a0d10 [2026-09-14T10:24:15.610986] -----> Creating runtime environment (STDOUT, STG)#
#2026 09 14 10:24:22.979#Z#DEBUG#16b25dd8-b026-11f1-940d-eeee0a931608.capm-service-db-deployer#flowable-async-job-executor-thread-1614#
[PollStageAppStatusExecution] 070d8486-d915-4207-813d-4e7e9b8a0d10 [2026-09-14T10:24:15.613092] NODE_ENV=production (STDOUT, STG)#
#2026 09 14 10:24:22.979#Z#DEBUG#16b25dd8-b026-11f1-940d-eeee0a931608.capm-service-db-deployer#flowable-async-job-executor-thread-1614#
[PollStageAppStatusExecution] 070d8486-d915-4207-813d-4e7e9b8a0d10 [2026-09-14T10:24:15.613128] NODE_HOME=/tmp/contents3617636476/deps/0/node (STDOUT, STG)#
#2026 09 14 10:24:22.979#Z#DEBUG#16b25dd8-b026-11f1-940d-eeee0a931608.capm-service-db-deployer#flowable-async-job-executor-thread-1614#
[PollStageAppStatusExecution] 070d8486-d915-4207-813d-4e7e9b8a0d10 [2026-09-14T10:24:15.613140] NODE_MODULES_CACHE=true (STDOUT, STG)#
#2026 09 14 10:24:22.979#Z#DEBUG#16b25dd8-b026-11f1-940d-eeee0a931608.capm-service-db-deployer#flowable-async-job-executor-thread-1614#
[PollStageAppStatusExecution] 070d8486-d915-4207-813d-4e7e9b8a0d10 [2026-09-14T10:24:15.613154] NODE_VERBOSE=false (STDOUT, STG)#
#2026 09 14 10:24:22.979#Z#DEBUG#16b25dd8-b026-11f1-940d-eeee0a931608.capm-service-db-deployer#flowable-async-job-executor-thread-1614#
[PollStageAppStatusExecution] 070d8486-d915-4207-813d-4e7e9b8a0d10 [2026-09-14T10:24:15.613157] NPM_CONFIG_LOGLEVEL=error (STDOUT, STG)#
#2026 09 14 10:24:22.979#Z#DEBUG#16b25dd8-b026-11f1-940d-eeee0a931608.capm-service-db-deployer#flowable-async-job-executor-thread-1614#
[PollStageAppStatusExecution] 070d8486-d915-4207-813d-4e7e9b8a0d10 [2026-09-14T10:24:15.613161] NPM_CONFIG_PRODUCTION=true (STDOUT, STG)#
#2026 09 14 10:24:22.979#Z#DEBUG#16b25dd8-b026-11f1-940d-eeee0a931608.capm-service-db-deployer#flowable-async-job-executor-thread-1614#
[PollStageAppStatusExecution] 070d8486-d915-4207-813d-4e7e9b8a0d10 [2026-09-14T10:24:15.613324] -----> Building dependencies (STDOUT, STG)#
#2026 09 14 10:24:22.979#Z#DEBUG#16b25dd8-b026-11f1-940d-eeee0a931608.capm-service-db-deployer#flowable-async-job-executor-thread-1614#
[PollStageAppStatusExecution] 070d8486-d915-4207-813d-4e7e9b8a0d10 [2026-09-14T10:24:15.613483] Prebuild detected (node_modules already exists) (STDOUT, STG)#
#2026 09 14 10:24:22.979#Z#DEBUG#16b25dd8-b026-11f1-940d-eeee0a931608.capm-service-db-deployer#flowable-async-job-executor-thread-1614#
[PollStageAppStatusExecution] 070d8486-d915-4207-813d-4e7e9b8a0d10 [2026-09-14T10:24:15.613515] Rebuilding any native modules (STDOUT, STG)#
#2026 09 14 10:24:22.979#Z#DEBUG#16b25dd8-b026-11f1-940d-eeee0a931608.capm-service-db-deployer#flowable-async-job-executor-thread-1614#
[PollStageAppStatusExecution] 070d8486-d915-4207-813d-4e7e9b8a0d10 [2026-09-14T10:24:16.397118] rebuilt dependencies successfully (STDOUT, STG)#
#2026 09 14 10:24:22.979#Z#DEBUG#16b25dd8-b026-11f1-940d-eeee0a931608.capm-service-db-deployer#flowable-async-job-executor-thread-1614#
[PollStageAppStatusExecution] 070d8486-d915-4207-813d-4e7e9b8a0d10 [2026-09-14T10:24:16.400106] npm notice (STDOUT, STG)#
#2026 09 14 10:24:22.979#Z#DEBUG#16b25dd8-b026-11f1-940d-eeee0a931608.capm-service-db-deployer#flowable-async-job-executor-thread-1614#
[PollStageAppStatusExecution] 070d8486-d915-4207-813d-4e7e9b8a0d10 [2026-09-14T10:24:16.400140] npm notice New major version of npm available! 11.16.0 -> 12.0.2 (STDOUT, STG)#
#2026 09 14 10:24:22.979#Z#DEBUG#16b25dd8-b026-11f1-940d-eeee0a931608.capm-service-db-deployer#flowable-async-job-executor-thread-1614#
[PollStageAppStatusExecution] 070d8486-d915-4207-813d-4e7e9b8a0d10 [2026-09-14T10:24:16.400144] npm notice Changelog: https://github.com/npm/cli/releases/tag/v12.0.2 (STDOUT, STG)#
#2026 09 14 10:24:22.979#Z#DEBUG#16b25dd8-b026-11f1-940d-eeee0a931608.capm-service-db-deployer#flowable-async-job-executor-thread-1614#
[PollStageAppStatusExecution] 070d8486-d915-4207-813d-4e7e9b8a0d10 [2026-09-14T10:24:16.400148] npm notice To update run: npm install -g npm@12.0.2 (STDOUT, STG)#
#2026 09 14 10:24:22.979#Z#DEBUG#16b25dd8-b026-11f1-940d-eeee0a931608.capm-service-db-deployer#flowable-async-job-executor-thread-1614#
[PollStageAppStatusExecution] 070d8486-d915-4207-813d-4e7e9b8a0d10 [2026-09-14T10:24:16.400151] npm notice (STDOUT, STG)#
#2026 09 14 10:24:22.979#Z#DEBUG#16b25dd8-b026-11f1-940d-eeee0a931608.capm-service-db-deployer#flowable-async-job-executor-thread-1614#
[PollStageAppStatusExecution] 070d8486-d915-4207-813d-4e7e9b8a0d10 [2026-09-14T10:24:16.476939] Installing any new modules (package.json + package-lock.json) (STDOUT, STG)#
#2026 09 14 10:24:22.979#Z#DEBUG#16b25dd8-b026-11f1-940d-eeee0a931608.capm-service-db-deployer#flowable-async-job-executor-thread-1614#
[PollStageAppStatusExecution] 070d8486-d915-4207-813d-4e7e9b8a0d10 [2026-09-14T10:24:17.111504] up to date in 527ms (STDOUT, STG)#
#2026 09 14 10:24:22.979#Z#DEBUG#16b25dd8-b026-11f1-940d-eeee0a931608.capm-service-db-deployer#flowable-async-job-executor-thread-1614#
[PollStageAppStatusExecution] 070d8486-d915-4207-813d-4e7e9b8a0d10 [2026-09-14T10:24:17.111807] 4 packages are looking for funding (STDOUT, STG)#
#2026 09 14 10:24:22.979#Z#DEBUG#16b25dd8-b026-11f1-940d-eeee0a931608.capm-service-db-deployer#flowable-async-job-executor-thread-1614#
[PollStageAppStatusExecution] 070d8486-d915-4207-813d-4e7e9b8a0d10 [2026-09-14T10:24:17.111975] run `npm fund` for details (STDOUT, STG)#
#2026 09 14 10:24:22.979#Z#DEBUG#16b25dd8-b026-11f1-940d-eeee0a931608.capm-service-db-deployer#flowable-async-job-executor-thread-1614#
[PollStageAppStatusExecution] 070d8486-d915-4207-813d-4e7e9b8a0d10 [2026-09-14T10:24:18.137735] Contrast Security no credentials found. Will not write environment files. (STDOUT, STG)#
#2026 09 14 10:24:33.120#Z#DEBUG#16b25dd8-b026-11f1-940d-eeee0a931608.capm-service-db-deployer#flowable-async-job-executor-thread-1233#
[PollStageAppStatusExecution] 070d8486-d915-4207-813d-4e7e9b8a0d10 [2026-09-14T10:24:29.980413] Exit status 0 (STDOUT, STG)#
#2026 09 14 10:24:33.120#Z#DEBUG#16b25dd8-b026-11f1-940d-eeee0a931608.capm-service-db-deployer#flowable-async-job-executor-thread-1233#
[PollStageAppStatusExecution] 070d8486-d915-4207-813d-4e7e9b8a0d10 [2026-09-14T10:24:29.980464] Uploading droplet, build artifacts cache... (STDOUT, STG)#
#2026 09 14 10:24:33.120#Z#DEBUG#16b25dd8-b026-11f1-940d-eeee0a931608.capm-service-db-deployer#flowable-async-job-executor-thread-1233#
[PollStageAppStatusExecution] 070d8486-d915-4207-813d-4e7e9b8a0d10 [2026-09-14T10:24:29.980505] Uploading droplet... (STDOUT, STG)#
#2026 09 14 10:24:33.120#Z#DEBUG#16b25dd8-b026-11f1-940d-eeee0a931608.capm-service-db-deployer#flowable-async-job-executor-thread-1233#
[PollStageAppStatusExecution] 070d8486-d915-4207-813d-4e7e9b8a0d10 [2026-09-14T10:24:29.980755] Uploading build artifacts cache... (STDOUT, STG)#
#2026 09 14 10:24:33.120#Z#DEBUG#16b25dd8-b026-11f1-940d-eeee0a931608.capm-service-db-deployer#flowable-async-job-executor-thread-1233#
[PollStageAppStatusExecution] 070d8486-d915-4207-813d-4e7e9b8a0d10 [2026-09-14T10:24:30.000141] Uploaded build artifacts cache (225B) (STDOUT, STG)#
#2026 09 14 10:24:33.120#Z#DEBUG#16b25dd8-b026-11f1-940d-eeee0a931608.capm-service-db-deployer#flowable-async-job-executor-thread-1233#
[PollStageAppStatusExecution] 070d8486-d915-4207-813d-4e7e9b8a0d10 [2026-09-14T10:24:30.646518] Creating droplet for app with guid 070d8486-d915-4207-813d-4e7e9b8a0d10 (STDOUT, API)#
#2026 09 14 10:24:43.167#Z#DEBUG#16b25dd8-b026-11f1-940d-eeee0a931608.capm-service-db-deployer#flowable-async-job-executor-thread-1627#
[PollStageAppStatusExecution] 070d8486-d915-4207-813d-4e7e9b8a0d10 [2026-09-14T10:24:33.712910] Uploaded droplet (59.2M) (STDOUT, STG)#
#2026 09 14 10:24:43.167#Z#DEBUG#16b25dd8-b026-11f1-940d-eeee0a931608.capm-service-db-deployer#flowable-async-job-executor-thread-1627#
[PollStageAppStatusExecution] 070d8486-d915-4207-813d-4e7e9b8a0d10 [2026-09-14T10:24:33.741482] Uploading complete (STDOUT, STG)#
#2026 09 14 10:24:43.167#Z#DEBUG#16b25dd8-b026-11f1-940d-eeee0a931608.capm-service-db-deployer#flowable-async-job-executor-thread-1627#
[PollStageAppStatusExecution] 070d8486-d915-4207-813d-4e7e9b8a0d10 [2026-09-14T10:24:34.943552] Cell 77283d80-dfa7-40ba-ba4e-265aef112085 stopping instance 3eafa27e-9817-4664-95e6-d6486dc5c1de (STDOUT, STG)#
#2026 09 14 10:24:43.167#Z#DEBUG#16b25dd8-b026-11f1-940d-eeee0a931608.capm-service-db-deployer#flowable-async-job-executor-thread-1627#
[PollStageAppStatusExecution] 070d8486-d915-4207-813d-4e7e9b8a0d10 [2026-09-14T10:24:34.943610] Cell 77283d80-dfa7-40ba-ba4e-265aef112085 destroying container for instance 3eafa27e-9817-4664-95e6-d6486dc5c1de (STDOUT, STG)#
#2026 09 14 10:24:43.167#Z#DEBUG#16b25dd8-b026-11f1-940d-eeee0a931608.capm-service-db-deployer#flowable-async-job-executor-thread-1627#
[PollStageAppStatusExecution] 070d8486-d915-4207-813d-4e7e9b8a0d10 [2026-09-14T10:24:34.995437] Staging complete for build 3eafa27e-9817-4664-95e6-d6486dc5c1de (STDOUT, API)#
#2026 09 14 10:24:43.167#Z#DEBUG#16b25dd8-b026-11f1-940d-eeee0a931608.capm-service-db-deployer#flowable-async-job-executor-thread-1627#
[PollStageAppStatusExecution] 070d8486-d915-4207-813d-4e7e9b8a0d10 [2026-09-14T10:24:38.404141] Cell 77283d80-dfa7-40ba-ba4e-265aef112085 successfully destroyed container for instance 3eafa27e-9817-4664-95e6-d6486dc5c1de (STDOUT, STG)#
#2026 09 14 10:24:53.194#Z#DEBUG#16b25dd8-b026-11f1-940d-eeee0a931608.capm-service-db-deployer#flowable-async-job-executor-thread-1633#
[PollExecuteTaskStatusExecution] 070d8486-d915-4207-813d-4e7e9b8a0d10 [2026-09-14T10:23:43.385677] Updated app with guid 070d8486-d915-4207-813d-4e7e9b8a0d10 ({"lifecycle"=>{"data"=>{"buildpacks"=>["nodejs_buildpack"]}, "type"=>"buildpack"}}) (STDOUT, API)#
#2026 09 14 10:24:53.194#Z#DEBUG#16b25dd8-b026-11f1-940d-eeee0a931608.capm-service-db-deployer#flowable-async-job-executor-thread-1633#
[PollExecuteTaskStatusExecution] 070d8486-d915-4207-813d-4e7e9b8a0d10 [2026-09-14T10:23:43.474451] Updating process: "web" (STDOUT, API)#
#2026 09 14 10:24:53.194#Z#DEBUG#16b25dd8-b026-11f1-940d-eeee0a931608.capm-service-db-deployer#flowable-async-job-executor-thread-1633#
[PollExecuteTaskStatusExecution] 070d8486-d915-4207-813d-4e7e9b8a0d10 [2026-09-14T10:23:52.918445] Uploading app package for app with guid 070d8486-d915-4207-813d-4e7e9b8a0d10 (STDOUT, API)#
#2026 09 14 10:24:53.194#Z#DEBUG#16b25dd8-b026-11f1-940d-eeee0a931608.capm-service-db-deployer#flowable-async-job-executor-thread-1633#
[PollExecuteTaskStatusExecution] 070d8486-d915-4207-813d-4e7e9b8a0d10 [2026-09-14T10:23:53.071946] Updated app with guid 070d8486-d915-4207-813d-4e7e9b8a0d10 ({"environment_variables"=>"[PRIVATE DATA HIDDEN]"}) (STDOUT, API)#
#2026 09 14 10:24:53.194#Z#DEBUG#16b25dd8-b026-11f1-940d-eeee0a931608.capm-service-db-deployer#flowable-async-job-executor-thread-1633#
[PollExecuteTaskStatusExecution] 070d8486-d915-4207-813d-4e7e9b8a0d10 [2026-09-14T10:24:03.119215] Creating build for app with guid 070d8486-d915-4207-813d-4e7e9b8a0d10 (STDOUT, API)#
#2026 09 14 10:24:53.194#Z#DEBUG#16b25dd8-b026-11f1-940d-eeee0a931608.capm-service-db-deployer#flowable-async-job-executor-thread-1633#
[PollExecuteTaskStatusExecution] 070d8486-d915-4207-813d-4e7e9b8a0d10 [2026-09-14T10:24:03.519063] Downloading nodejs_buildpack... (STDOUT, STG)#
#2026 09 14 10:24:53.194#Z#DEBUG#16b25dd8-b026-11f1-940d-eeee0a931608.capm-service-db-deployer#flowable-async-job-executor-thread-1633#
[PollExecuteTaskStatusExecution] 070d8486-d915-4207-813d-4e7e9b8a0d10 [2026-09-14T10:24:03.565172] Downloaded nodejs_buildpack (STDOUT, STG)#
#2026 09 14 10:24:53.194#Z#DEBUG#16b25dd8-b026-11f1-940d-eeee0a931608.capm-service-db-deployer#flowable-async-job-executor-thread-1633#
[PollExecuteTaskStatusExecution] 070d8486-d915-4207-813d-4e7e9b8a0d10 [2026-09-14T10:24:03.565299] Cell 77283d80-dfa7-40ba-ba4e-265aef112085 creating container for instance 3eafa27e-9817-4664-95e6-d6486dc5c1de (STDOUT, STG)#
#2026 09 14 10:24:53.194#Z#DEBUG#16b25dd8-b026-11f1-940d-eeee0a931608.capm-service-db-deployer#flowable-async-job-executor-thread-1633#
[PollExecuteTaskStatusExecution] 070d8486-d915-4207-813d-4e7e9b8a0d10 [2026-09-14T10:24:04.488940] Security group rules were updated (STDOUT, STG)#
#2026 09 14 10:24:53.194#Z#DEBUG#16b25dd8-b026-11f1-940d-eeee0a931608.capm-service-db-deployer#flowable-async-job-executor-thread-1633#
[PollExecuteTaskStatusExecution] 070d8486-d915-4207-813d-4e7e9b8a0d10 [2026-09-14T10:24:04.602807] Cell 77283d80-dfa7-40ba-ba4e-265aef112085 successfully created container for instance 3eafa27e-9817-4664-95e6-d6486dc5c1de (STDOUT, STG)#
#2026 09 14 10:24:53.194#Z#DEBUG#16b25dd8-b026-11f1-940d-eeee0a931608.capm-service-db-deployer#flowable-async-job-executor-thread-1633#
[PollExecuteTaskStatusExecution] 070d8486-d915-4207-813d-4e7e9b8a0d10 [2026-09-14T10:24:05.466333] Downloading app package... (STDOUT, STG)#
#2026 09 14 10:24:53.194#Z#DEBUG#16b25dd8-b026-11f1-940d-eeee0a931608.capm-service-db-deployer#flowable-async-job-executor-thread-1633#
[PollExecuteTaskStatusExecution] 070d8486-d915-4207-813d-4e7e9b8a0d10 [2026-09-14T10:24:05.466359] Downloading build artifacts cache... (STDOUT, STG)#
#2026 09 14 10:24:53.194#Z#DEBUG#16b25dd8-b026-11f1-940d-eeee0a931608.capm-service-db-deployer#flowable-async-job-executor-thread-1633#
[PollExecuteTaskStatusExecution] 070d8486-d915-4207-813d-4e7e9b8a0d10 [2026-09-14T10:24:05.533780] Downloaded build artifacts cache (226B) (STDOUT, STG)#
#2026 09 14 10:24:53.194#Z#DEBUG#16b25dd8-b026-11f1-940d-eeee0a931608.capm-service-db-deployer#flowable-async-job-executor-thread-1633#
[PollExecuteTaskStatusExecution] 070d8486-d915-4207-813d-4e7e9b8a0d10 [2026-09-14T10:24:05.852764] Downloaded app package (2.3M) (STDOUT, STG)#
#2026 09 14 10:24:53.194#Z#DEBUG#16b25dd8-b026-11f1-940d-eeee0a931608.capm-service-db-deployer#flowable-async-job-executor-thread-1633#
[PollExecuteTaskStatusExecution] 070d8486-d915-4207-813d-4e7e9b8a0d10 [2026-09-14T10:24:05.988910] -----> Nodejs Buildpack version 1.9.3 (STDOUT, STG)#
#2026 09 14 10:24:53.194#Z#DEBUG#16b25dd8-b026-11f1-940d-eeee0a931608.capm-service-db-deployer#flowable-async-job-executor-thread-1633#
[PollExecuteTaskStatusExecution] 070d8486-d915-4207-813d-4e7e9b8a0d10 [2026-09-14T10:24:06.233892] -----> Bootstrapping python (STDOUT, STG)#
#2026 09 14 10:24:53.194#Z#DEBUG#16b25dd8-b026-11f1-940d-eeee0a931608.capm-service-db-deployer#flowable-async-job-executor-thread-1633#
[PollExecuteTaskStatusExecution] 070d8486-d915-4207-813d-4e7e9b8a0d10 [2026-09-14T10:24:06.234562] -----> Installing python 3.13.14 (STDOUT, STG)#
#2026 09 14 10:24:53.194#Z#DEBUG#16b25dd8-b026-11f1-940d-eeee0a931608.capm-service-db-deployer#flowable-async-job-executor-thread-1633#
[PollExecuteTaskStatusExecution] 070d8486-d915-4207-813d-4e7e9b8a0d10 [2026-09-14T10:24:06.234678] Copy [/tmp/buildpacks/336fb825d4d72bff/dependencies/4b4266a2ff36730aef37b88b668ca327/python_3.13.14_linux_x64_cflinuxfs4_b80d4954.tgz] (STDOUT, STG)#
#2026 09 14 10:24:53.194#Z#DEBUG#16b25dd8-b026-11f1-940d-eeee0a931608.capm-service-db-deployer#flowable-async-job-executor-thread-1633#
[PollExecuteTaskStatusExecution] 070d8486-d915-4207-813d-4e7e9b8a0d10 [2026-09-14T10:24:11.840168] -----> Installing binaries (STDOUT, STG)#
#2026 09 14 10:24:53.194#Z#DEBUG#16b25dd8-b026-11f1-940d-eeee0a931608.capm-service-db-deployer#flowable-async-job-executor-thread-1633#
[PollExecuteTaskStatusExecution] 070d8486-d915-4207-813d-4e7e9b8a0d10 [2026-09-14T10:24:11.840301] engines.node (package.json): >=18 (STDOUT, STG)#
#2026 09 14 10:24:53.194#Z#DEBUG#16b25dd8-b026-11f1-940d-eeee0a931608.capm-service-db-deployer#flowable-async-job-executor-thread-1633#
[PollExecuteTaskStatusExecution] 070d8486-d915-4207-813d-4e7e9b8a0d10 [2026-09-14T10:24:11.840884] engines.npm (package.json): unspecified (use default) (STDOUT, STG)#
#2026 09 14 10:24:53.194#Z#DEBUG#16b25dd8-b026-11f1-940d-eeee0a931608.capm-service-db-deployer#flowable-async-job-executor-thread-1633#
[PollExecuteTaskStatusExecution] 070d8486-d915-4207-813d-4e7e9b8a0d10 [2026-09-14T10:24:11.841530] [31;1m**WARNING**[0m Dangerous semver range (>) in engines.node. See: http://docs.cloudfoundry.org/buildpacks/node/node-tips.html (STDOUT, STG)#
#2026 09 14 10:24:53.194#Z#DEBUG#16b25dd8-b026-11f1-940d-eeee0a931608.capm-service-db-deployer#flowable-async-job-executor-thread-1633#
[PollExecuteTaskStatusExecution] 070d8486-d915-4207-813d-4e7e9b8a0d10 [2026-09-14T10:24:11.841789] -----> Installing node 24.18.0 (STDOUT, STG)#
#2026 09 14 10:24:53.194#Z#DEBUG#16b25dd8-b026-11f1-940d-eeee0a931608.capm-service-db-deployer#flowable-async-job-executor-thread-1633#
[PollExecuteTaskStatusExecution] 070d8486-d915-4207-813d-4e7e9b8a0d10 [2026-09-14T10:24:11.842216] Copy [/tmp/buildpacks/336fb825d4d72bff/dependencies/dffbbb835fcd073c4544f78eb6247fac/node_24.18.0_linux_x64_cflinuxfs4_cdfed650.tgz] (STDOUT, STG)#
#2026 09 14 10:24:53.194#Z#DEBUG#16b25dd8-b026-11f1-940d-eeee0a931608.capm-service-db-deployer#flowable-async-job-executor-thread-1633#
[PollExecuteTaskStatusExecution] 070d8486-d915-4207-813d-4e7e9b8a0d10 [2026-09-14T10:24:15.153204] Using default npm version: 11.16.0 (STDOUT, STG)#
#2026 09 14 10:24:53.194#Z#DEBUG#16b25dd8-b026-11f1-940d-eeee0a931608.capm-service-db-deployer#flowable-async-job-executor-thread-1633#
[PollExecuteTaskStatusExecution] 070d8486-d915-4207-813d-4e7e9b8a0d10 [2026-09-14T10:24:15.153238] -----> Installing yarn 1.22.22 (STDOUT, STG)#
#2026 09 14 10:24:53.194#Z#DEBUG#16b25dd8-b026-11f1-940d-eeee0a931608.capm-service-db-deployer#flowable-async-job-executor-thread-1633#
[PollExecuteTaskStatusExecution] 070d8486-d915-4207-813d-4e7e9b8a0d10 [2026-09-14T10:24:15.153434] Copy [/tmp/buildpacks/336fb825d4d72bff/dependencies/e4fe26756e9984a665478d350474fa2e/yarn_1.22.22_linux_noarch_any-stack_b6132b86.tgz] (STDOUT, STG)#
#2026 09 14 10:24:53.194#Z#DEBUG#16b25dd8-b026-11f1-940d-eeee0a931608.capm-service-db-deployer#flowable-async-job-executor-thread-1633#
[PollExecuteTaskStatusExecution] 070d8486-d915-4207-813d-4e7e9b8a0d10 [2026-09-14T10:24:15.610940] Installed yarn 1.22.22 (STDOUT, STG)#
#2026 09 14 10:24:53.194#Z#DEBUG#16b25dd8-b026-11f1-940d-eeee0a931608.capm-service-db-deployer#flowable-async-job-executor-thread-1633#
[PollExecuteTaskStatusExecution] 070d8486-d915-4207-813d-4e7e9b8a0d10 [2026-09-14T10:24:15.610986] -----> Creating runtime environment (STDOUT, STG)#
#2026 09 14 10:24:53.194#Z#DEBUG#16b25dd8-b026-11f1-940d-eeee0a931608.capm-service-db-deployer#flowable-async-job-executor-thread-1633#
[PollExecuteTaskStatusExecution] 070d8486-d915-4207-813d-4e7e9b8a0d10 [2026-09-14T10:24:15.613092] NODE_ENV=production (STDOUT, STG)#
#2026 09 14 10:24:53.194#Z#DEBUG#16b25dd8-b026-11f1-940d-eeee0a931608.capm-service-db-deployer#flowable-async-job-executor-thread-1633#
[PollExecuteTaskStatusExecution] 070d8486-d915-4207-813d-4e7e9b8a0d10 [2026-09-14T10:24:15.613128] NODE_HOME=/tmp/contents3617636476/deps/0/node (STDOUT, STG)#
#2026 09 14 10:24:53.194#Z#DEBUG#16b25dd8-b026-11f1-940d-eeee0a931608.capm-service-db-deployer#flowable-async-job-executor-thread-1633#
[PollExecuteTaskStatusExecution] 070d8486-d915-4207-813d-4e7e9b8a0d10 [2026-09-14T10:24:15.613140] NODE_MODULES_CACHE=true (STDOUT, STG)#
#2026 09 14 10:24:53.194#Z#DEBUG#16b25dd8-b026-11f1-940d-eeee0a931608.capm-service-db-deployer#flowable-async-job-executor-thread-1633#
[PollExecuteTaskStatusExecution] 070d8486-d915-4207-813d-4e7e9b8a0d10 [2026-09-14T10:24:15.613154] NODE_VERBOSE=false (STDOUT, STG)#
#2026 09 14 10:24:53.194#Z#DEBUG#16b25dd8-b026-11f1-940d-eeee0a931608.capm-service-db-deployer#flowable-async-job-executor-thread-1633#
[PollExecuteTaskStatusExecution] 070d8486-d915-4207-813d-4e7e9b8a0d10 [2026-09-14T10:24:15.613157] NPM_CONFIG_LOGLEVEL=error (STDOUT, STG)#
#2026 09 14 10:24:53.194#Z#DEBUG#16b25dd8-b026-11f1-940d-eeee0a931608.capm-service-db-deployer#flowable-async-job-executor-thread-1633#
[PollExecuteTaskStatusExecution] 070d8486-d915-4207-813d-4e7e9b8a0d10 [2026-09-14T10:24:15.613161] NPM_CONFIG_PRODUCTION=true (STDOUT, STG)#
#2026 09 14 10:24:53.194#Z#DEBUG#16b25dd8-b026-11f1-940d-eeee0a931608.capm-service-db-deployer#flowable-async-job-executor-thread-1633#
[PollExecuteTaskStatusExecution] 070d8486-d915-4207-813d-4e7e9b8a0d10 [2026-09-14T10:24:15.613324] -----> Building dependencies (STDOUT, STG)#
#2026 09 14 10:24:53.194#Z#DEBUG#16b25dd8-b026-11f1-940d-eeee0a931608.capm-service-db-deployer#flowable-async-job-executor-thread-1633#
[PollExecuteTaskStatusExecution] 070d8486-d915-4207-813d-4e7e9b8a0d10 [2026-09-14T10:24:15.613483] Prebuild detected (node_modules already exists) (STDOUT, STG)#
#2026 09 14 10:24:53.194#Z#DEBUG#16b25dd8-b026-11f1-940d-eeee0a931608.capm-service-db-deployer#flowable-async-job-executor-thread-1633#
[PollExecuteTaskStatusExecution] 070d8486-d915-4207-813d-4e7e9b8a0d10 [2026-09-14T10:24:15.613515] Rebuilding any native modules (STDOUT, STG)#
#2026 09 14 10:24:53.194#Z#DEBUG#16b25dd8-b026-11f1-940d-eeee0a931608.capm-service-db-deployer#flowable-async-job-executor-thread-1633#
[PollExecuteTaskStatusExecution] 070d8486-d915-4207-813d-4e7e9b8a0d10 [2026-09-14T10:24:16.397118] rebuilt dependencies successfully (STDOUT, STG)#
#2026 09 14 10:24:53.194#Z#DEBUG#16b25dd8-b026-11f1-940d-eeee0a931608.capm-service-db-deployer#flowable-async-job-executor-thread-1633#
[PollExecuteTaskStatusExecution] 070d8486-d915-4207-813d-4e7e9b8a0d10 [2026-09-14T10:24:16.400106] npm notice (STDOUT, STG)#
#2026 09 14 10:24:53.194#Z#DEBUG#16b25dd8-b026-11f1-940d-eeee0a931608.capm-service-db-deployer#flowable-async-job-executor-thread-1633#
[PollExecuteTaskStatusExecution] 070d8486-d915-4207-813d-4e7e9b8a0d10 [2026-09-14T10:24:16.400140] npm notice New major version of npm available! 11.16.0 -> 12.0.2 (STDOUT, STG)#
#2026 09 14 10:24:53.194#Z#DEBUG#16b25dd8-b026-11f1-940d-eeee0a931608.capm-service-db-deployer#flowable-async-job-executor-thread-1633#
[PollExecuteTaskStatusExecution] 070d8486-d915-4207-813d-4e7e9b8a0d10 [2026-09-14T10:24:16.400144] npm notice Changelog: https://github.com/npm/cli/releases/tag/v12.0.2 (STDOUT, STG)#
#2026 09 14 10:24:53.194#Z#DEBUG#16b25dd8-b026-11f1-940d-eeee0a931608.capm-service-db-deployer#flowable-async-job-executor-thread-1633#
[PollExecuteTaskStatusExecution] 070d8486-d915-4207-813d-4e7e9b8a0d10 [2026-09-14T10:24:16.400148] npm notice To update run: npm install -g npm@12.0.2 (STDOUT, STG)#
#2026 09 14 10:24:53.194#Z#DEBUG#16b25dd8-b026-11f1-940d-eeee0a931608.capm-service-db-deployer#flowable-async-job-executor-thread-1633#
[PollExecuteTaskStatusExecution] 070d8486-d915-4207-813d-4e7e9b8a0d10 [2026-09-14T10:24:16.400151] npm notice (STDOUT, STG)#
#2026 09 14 10:24:53.194#Z#DEBUG#16b25dd8-b026-11f1-940d-eeee0a931608.capm-service-db-deployer#flowable-async-job-executor-thread-1633#
[PollExecuteTaskStatusExecution] 070d8486-d915-4207-813d-4e7e9b8a0d10 [2026-09-14T10:24:16.476939] Installing any new modules (package.json + package-lock.json) (STDOUT, STG)#
#2026 09 14 10:24:53.194#Z#DEBUG#16b25dd8-b026-11f1-940d-eeee0a931608.capm-service-db-deployer#flowable-async-job-executor-thread-1633#
[PollExecuteTaskStatusExecution] 070d8486-d915-4207-813d-4e7e9b8a0d10 [2026-09-14T10:24:17.111504] up to date in 527ms (STDOUT, STG)#
#2026 09 14 10:24:53.194#Z#DEBUG#16b25dd8-b026-11f1-940d-eeee0a931608.capm-service-db-deployer#flowable-async-job-executor-thread-1633#
[PollExecuteTaskStatusExecution] 070d8486-d915-4207-813d-4e7e9b8a0d10 [2026-09-14T10:24:17.111807] 4 packages are looking for funding (STDOUT, STG)#
#2026 09 14 10:24:53.194#Z#DEBUG#16b25dd8-b026-11f1-940d-eeee0a931608.capm-service-db-deployer#flowable-async-job-executor-thread-1633#
[PollExecuteTaskStatusExecution] 070d8486-d915-4207-813d-4e7e9b8a0d10 [2026-09-14T10:24:17.111975] run `npm fund` for details (STDOUT, STG)#
#2026 09 14 10:24:53.194#Z#DEBUG#16b25dd8-b026-11f1-940d-eeee0a931608.capm-service-db-deployer#flowable-async-job-executor-thread-1633#
[PollExecuteTaskStatusExecution] 070d8486-d915-4207-813d-4e7e9b8a0d10 [2026-09-14T10:24:18.137735] Contrast Security no credentials found. Will not write environment files. (STDOUT, STG)#
#2026 09 14 10:24:53.194#Z#DEBUG#16b25dd8-b026-11f1-940d-eeee0a931608.capm-service-db-deployer#flowable-async-job-executor-thread-1633#
[PollExecuteTaskStatusExecution] 070d8486-d915-4207-813d-4e7e9b8a0d10 [2026-09-14T10:24:29.980413] Exit status 0 (STDOUT, STG)#
#2026 09 14 10:24:53.194#Z#DEBUG#16b25dd8-b026-11f1-940d-eeee0a931608.capm-service-db-deployer#flowable-async-job-executor-thread-1633#
[PollExecuteTaskStatusExecution] 070d8486-d915-4207-813d-4e7e9b8a0d10 [2026-09-14T10:24:29.980464] Uploading droplet, build artifacts cache... (STDOUT, STG)#
#2026 09 14 10:24:53.194#Z#DEBUG#16b25dd8-b026-11f1-940d-eeee0a931608.capm-service-db-deployer#flowable-async-job-executor-thread-1633#
[PollExecuteTaskStatusExecution] 070d8486-d915-4207-813d-4e7e9b8a0d10 [2026-09-14T10:24:29.980505] Uploading droplet... (STDOUT, STG)#
#2026 09 14 10:24:53.194#Z#DEBUG#16b25dd8-b026-11f1-940d-eeee0a931608.capm-service-db-deployer#flowable-async-job-executor-thread-1633#
[PollExecuteTaskStatusExecution] 070d8486-d915-4207-813d-4e7e9b8a0d10 [2026-09-14T10:24:29.980755] Uploading build artifacts cache... (STDOUT, STG)#
#2026 09 14 10:24:53.194#Z#DEBUG#16b25dd8-b026-11f1-940d-eeee0a931608.capm-service-db-deployer#flowable-async-job-executor-thread-1633#
[PollExecuteTaskStatusExecution] 070d8486-d915-4207-813d-4e7e9b8a0d10 [2026-09-14T10:24:30.000141] Uploaded build artifacts cache (225B) (STDOUT, STG)#
#2026 09 14 10:24:53.194#Z#DEBUG#16b25dd8-b026-11f1-940d-eeee0a931608.capm-service-db-deployer#flowable-async-job-executor-thread-1633#
[PollExecuteTaskStatusExecution] 070d8486-d915-4207-813d-4e7e9b8a0d10 [2026-09-14T10:24:30.646518] Creating droplet for app with guid 070d8486-d915-4207-813d-4e7e9b8a0d10 (STDOUT, API)#
#2026 09 14 10:24:53.194#Z#DEBUG#16b25dd8-b026-11f1-940d-eeee0a931608.capm-service-db-deployer#flowable-async-job-executor-thread-1633#
[PollExecuteTaskStatusExecution] 070d8486-d915-4207-813d-4e7e9b8a0d10 [2026-09-14T10:24:33.712910] Uploaded droplet (59.2M) (STDOUT, STG)#
#2026 09 14 10:24:53.194#Z#DEBUG#16b25dd8-b026-11f1-940d-eeee0a931608.capm-service-db-deployer#flowable-async-job-executor-thread-1633#
[PollExecuteTaskStatusExecution] 070d8486-d915-4207-813d-4e7e9b8a0d10 [2026-09-14T10:24:33.741482] Uploading complete (STDOUT, STG)#
#2026 09 14 10:24:53.194#Z#DEBUG#16b25dd8-b026-11f1-940d-eeee0a931608.capm-service-db-deployer#flowable-async-job-executor-thread-1633#
[PollExecuteTaskStatusExecution] 070d8486-d915-4207-813d-4e7e9b8a0d10 [2026-09-14T10:24:34.943552] Cell 77283d80-dfa7-40ba-ba4e-265aef112085 stopping instance 3eafa27e-9817-4664-95e6-d6486dc5c1de (STDOUT, STG)#
#2026 09 14 10:24:53.194#Z#DEBUG#16b25dd8-b026-11f1-940d-eeee0a931608.capm-service-db-deployer#flowable-async-job-executor-thread-1633#
[PollExecuteTaskStatusExecution] 070d8486-d915-4207-813d-4e7e9b8a0d10 [2026-09-14T10:24:34.943610] Cell 77283d80-dfa7-40ba-ba4e-265aef112085 destroying container for instance 3eafa27e-9817-4664-95e6-d6486dc5c1de (STDOUT, STG)#
#2026 09 14 10:24:53.194#Z#DEBUG#16b25dd8-b026-11f1-940d-eeee0a931608.capm-service-db-deployer#flowable-async-job-executor-thread-1633#
[PollExecuteTaskStatusExecution] 070d8486-d915-4207-813d-4e7e9b8a0d10 [2026-09-14T10:24:34.995437] Staging complete for build 3eafa27e-9817-4664-95e6-d6486dc5c1de (STDOUT, API)#
#2026 09 14 10:24:53.194#Z#DEBUG#16b25dd8-b026-11f1-940d-eeee0a931608.capm-service-db-deployer#flowable-async-job-executor-thread-1633#
[PollExecuteTaskStatusExecution] 070d8486-d915-4207-813d-4e7e9b8a0d10 [2026-09-14T10:24:38.404141] Cell 77283d80-dfa7-40ba-ba4e-265aef112085 successfully destroyed container for instance 3eafa27e-9817-4664-95e6-d6486dc5c1de (STDOUT, STG)#
#2026 09 14 10:24:53.194#Z#DEBUG#16b25dd8-b026-11f1-940d-eeee0a931608.capm-service-db-deployer#flowable-async-job-executor-thread-1633#
[PollExecuteTaskStatusExecution] 070d8486-d915-4207-813d-4e7e9b8a0d10 [2026-09-14T10:24:43.271996] Updated app with guid 070d8486-d915-4207-813d-4e7e9b8a0d10 ({:droplet_guid=>"662c56cc-0737-405c-abda-6ad076410f8a"}) (STDOUT, API)#
#2026 09 14 10:24:53.194#Z#DEBUG#16b25dd8-b026-11f1-940d-eeee0a931608.capm-service-db-deployer#flowable-async-job-executor-thread-1633#
[PollExecuteTaskStatusExecution] 070d8486-d915-4207-813d-4e7e9b8a0d10 [2026-09-14T10:24:44.178322] Cell 684caff8-89cd-492b-be01-b3d0835f1763 creating container for instance 03beed85-1f9b-439a-9e1a-f916c3129f59 (STDOUT, CELL)#
#2026 09 14 10:24:53.194#Z#DEBUG#16b25dd8-b026-11f1-940d-eeee0a931608.capm-service-db-deployer#flowable-async-job-executor-thread-1633#
[PollExecuteTaskStatusExecution] 070d8486-d915-4207-813d-4e7e9b8a0d10 [2026-09-14T10:24:45.037854] Security group rules were updated (STDOUT, CELL)#
#2026 09 14 10:24:53.194#Z#DEBUG#16b25dd8-b026-11f1-940d-eeee0a931608.capm-service-db-deployer#flowable-async-job-executor-thread-1633#
[PollExecuteTaskStatusExecution] 070d8486-d915-4207-813d-4e7e9b8a0d10 [2026-09-14T10:24:45.146788] Cell 684caff8-89cd-492b-be01-b3d0835f1763 successfully created container for instance 03beed85-1f9b-439a-9e1a-f916c3129f59 (STDOUT, CELL)#
#2026 09 14 10:24:53.194#Z#DEBUG#16b25dd8-b026-11f1-940d-eeee0a931608.capm-service-db-deployer#flowable-async-job-executor-thread-1633#
[PollExecuteTaskStatusExecution] 070d8486-d915-4207-813d-4e7e9b8a0d10 [2026-09-14T10:24:50.054269] Invoking pre-start scripts. (STDOUT, APP/TASK/deploy)#
#2026 09 14 10:24:53.194#Z#DEBUG#16b25dd8-b026-11f1-940d-eeee0a931608.capm-service-db-deployer#flowable-async-job-executor-thread-1633#
[PollExecuteTaskStatusExecution] 070d8486-d915-4207-813d-4e7e9b8a0d10 [2026-09-14T10:24:50.395209] Invoking start command. (STDOUT, APP/TASK/deploy)#
#2026 09 14 10:24:53.194#Z#DEBUG#16b25dd8-b026-11f1-940d-eeee0a931608.capm-service-db-deployer#flowable-async-job-executor-thread-1633#
[PollExecuteTaskStatusExecution] 070d8486-d915-4207-813d-4e7e9b8a0d10 [2026-09-14T10:24:51.003226] > start (STDOUT, APP/TASK/deploy)#
#2026 09 14 10:24:53.194#Z#DEBUG#16b25dd8-b026-11f1-940d-eeee0a931608.capm-service-db-deployer#flowable-async-job-executor-thread-1633#
[PollExecuteTaskStatusExecution] 070d8486-d915-4207-813d-4e7e9b8a0d10 [2026-09-14T10:24:51.003264] > node node_modules/@sap/hdi-deploy/deploy.js --use-hdb --parameter com.sap.hana.di.table/try_fast_table_migration=true (STDOUT, APP/TASK/deploy)#
#2026 09 14 10:24:53.194#Z#DEBUG#16b25dd8-b026-11f1-940d-eeee0a931608.capm-service-db-deployer#flowable-async-job-executor-thread-1633#
[PollExecuteTaskStatusExecution] 070d8486-d915-4207-813d-4e7e9b8a0d10 [2026-09-14T10:24:51.201237] VCAP_SERVICES: (STDOUT, APP/TASK/deploy)#
#2026 09 14 10:24:53.194#Z#DEBUG#16b25dd8-b026-11f1-940d-eeee0a931608.capm-service-db-deployer#flowable-async-job-executor-thread-1633#
[PollExecuteTaskStatusExecution] 070d8486-d915-4207-813d-4e7e9b8a0d10 [2026-09-14T10:24:51.202088] { (STDOUT, APP/TASK/deploy)#
#2026 09 14 10:24:53.194#Z#DEBUG#16b25dd8-b026-11f1-940d-eeee0a931608.capm-service-db-deployer#flowable-async-job-executor-thread-1633#
[PollExecuteTaskStatusExecution] 070d8486-d915-4207-813d-4e7e9b8a0d10 [2026-09-14T10:24:51.202111] "hana": [ (STDOUT, APP/TASK/deploy)#
#2026 09 14 10:24:53.194#Z#DEBUG#16b25dd8-b026-11f1-940d-eeee0a931608.capm-service-db-deployer#flowable-async-job-executor-thread-1633#
[PollExecuteTaskStatusExecution] 070d8486-d915-4207-813d-4e7e9b8a0d10 [2026-09-14T10:24:51.202115] { (STDOUT, APP/TASK/deploy)#
#2026 09 14 10:24:53.194#Z#DEBUG#16b25dd8-b026-11f1-940d-eeee0a931608.capm-service-db-deployer#flowable-async-job-executor-thread-1633#
[PollExecuteTaskStatusExecution] 070d8486-d915-4207-813d-4e7e9b8a0d10 [2026-09-14T10:24:51.202130] "name": "capm-service-db", (STDOUT, APP/TASK/deploy)#
#2026 09 14 10:24:53.194#Z#DEBUG#16b25dd8-b026-11f1-940d-eeee0a931608.capm-service-db-deployer#flowable-async-job-executor-thread-1633#
[PollExecuteTaskStatusExecution] 070d8486-d915-4207-813d-4e7e9b8a0d10 [2026-09-14T10:24:51.202134] "label": "hana", (STDOUT, APP/TASK/deploy)#
#2026 09 14 10:24:53.194#Z#DEBUG#16b25dd8-b026-11f1-940d-eeee0a931608.capm-service-db-deployer#flowable-async-job-executor-thread-1633#
[PollExecuteTaskStatusExecution] 070d8486-d915-4207-813d-4e7e9b8a0d10 [2026-09-14T10:24:51.202137] "plan": "hdi-shared", (STDOUT, APP/TASK/deploy)#
#2026 09 14 10:24:53.194#Z#DEBUG#16b25dd8-b026-11f1-940d-eeee0a931608.capm-service-db-deployer#flowable-async-job-executor-thread-1633#
[PollExecuteTaskStatusExecution] 070d8486-d915-4207-813d-4e7e9b8a0d10 [2026-09-14T10:24:51.202140] "credentials": { (STDOUT, APP/TASK/deploy)#
#2026 09 14 10:24:53.194#Z#DEBUG#16b25dd8-b026-11f1-940d-eeee0a931608.capm-service-db-deployer#flowable-async-job-executor-thread-1633#
[PollExecuteTaskStatusExecution] 070d8486-d915-4207-813d-4e7e9b8a0d10 [2026-09-14T10:24:51.202144] "schema": "6A5478B8D26E43D8A56BA48D201A9E69", (STDOUT, APP/TASK/deploy)#
#2026 09 14 10:24:53.194#Z#DEBUG#16b25dd8-b026-11f1-940d-eeee0a931608.capm-service-db-deployer#flowable-async-job-executor-thread-1633#
[PollExecuteTaskStatusExecution] 070d8486-d915-4207-813d-4e7e9b8a0d10 [2026-09-14T10:24:51.202147] "database_id": "221ad0bc-2da6-46e8-8162-1eebb6fdd039", (STDOUT, APP/TASK/deploy)#
#2026 09 14 10:24:53.194#Z#DEBUG#16b25dd8-b026-11f1-940d-eeee0a931608.capm-service-db-deployer#flowable-async-job-executor-thread-1633#
[PollExecuteTaskStatusExecution] 070d8486-d915-4207-813d-4e7e9b8a0d10 [2026-09-14T10:24:51.202151] "user": "6A5478B8D26E43D8A56BA48D201A9E69_0A5QTHQO93V752I1NIUZEL1CU_RT", (STDOUT, APP/TASK/deploy)#
#2026 09 14 10:24:53.194#Z#DEBUG#16b25dd8-b026-11f1-940d-eeee0a931608.capm-service-db-deployer#flowable-async-job-executor-thread-1633#
[PollExecuteTaskStatusExecution] 070d8486-d915-4207-813d-4e7e9b8a0d10 [2026-09-14T10:24:51.202158] "hdi_user": "6A5478B8D26E43D8A56BA48D201A9E69_0A5QTHQO93V752I1NIUZEL1CU_DT" (STDOUT, APP/TASK/deploy)#
#2026 09 14 10:24:53.194#Z#DEBUG#16b25dd8-b026-11f1-940d-eeee0a931608.capm-service-db-deployer#flowable-async-job-executor-thread-1633#
[PollExecuteTaskStatusExecution] 070d8486-d915-4207-813d-4e7e9b8a0d10 [2026-09-14T10:24:51.202161] }, (STDOUT, APP/TASK/deploy)#
#2026 09 14 10:24:53.194#Z#DEBUG#16b25dd8-b026-11f1-940d-eeee0a931608.capm-service-db-deployer#flowable-async-job-executor-thread-1633#
[PollExecuteTaskStatusExecution] 070d8486-d915-4207-813d-4e7e9b8a0d10 [2026-09-14T10:24:51.202163] "tags": [ (STDOUT, APP/TASK/deploy)#
#2026 09 14 10:24:53.194#Z#DEBUG#16b25dd8-b026-11f1-940d-eeee0a931608.capm-service-db-deployer#flowable-async-job-executor-thread-1633#
[PollExecuteTaskStatusExecution] 070d8486-d915-4207-813d-4e7e9b8a0d10 [2026-09-14T10:24:51.202166] "hana", (STDOUT, APP/TASK/deploy)#
#2026 09 14 10:24:53.194#Z#DEBUG#16b25dd8-b026-11f1-940d-eeee0a931608.capm-service-db-deployer#flowable-async-job-executor-thread-1633#
[PollExecuteTaskStatusExecution] 070d8486-d915-4207-813d-4e7e9b8a0d10 [2026-09-14T10:24:51.202169] "database", (STDOUT, APP/TASK/deploy)#
#2026 09 14 10:24:53.194#Z#DEBUG#16b25dd8-b026-11f1-940d-eeee0a931608.capm-service-db-deployer#flowable-async-job-executor-thread-1633#
[PollExecuteTaskStatusExecution] 070d8486-d915-4207-813d-4e7e9b8a0d10 [2026-09-14T10:24:51.202171] "relational" (STDOUT, APP/TASK/deploy)#
#2026 09 14 10:24:53.194#Z#DEBUG#16b25dd8-b026-11f1-940d-eeee0a931608.capm-service-db-deployer#flowable-async-job-executor-thread-1633#
[PollExecuteTaskStatusExecution] 070d8486-d915-4207-813d-4e7e9b8a0d10 [2026-09-14T10:24:51.202174] ] (STDOUT, APP/TASK/deploy)#
#2026 09 14 10:24:53.194#Z#DEBUG#16b25dd8-b026-11f1-940d-eeee0a931608.capm-service-db-deployer#flowable-async-job-executor-thread-1633#
[PollExecuteTaskStatusExecution] 070d8486-d915-4207-813d-4e7e9b8a0d10 [2026-09-14T10:24:51.202183] } (STDOUT, APP/TASK/deploy)#
#2026 09 14 10:24:53.194#Z#DEBUG#16b25dd8-b026-11f1-940d-eeee0a931608.capm-service-db-deployer#flowable-async-job-executor-thread-1633#
[PollExecuteTaskStatusExecution] 070d8486-d915-4207-813d-4e7e9b8a0d10 [2026-09-14T10:24:51.202189] ] (STDOUT, APP/TASK/deploy)#
#2026 09 14 10:24:53.194#Z#DEBUG#16b25dd8-b026-11f1-940d-eeee0a931608.capm-service-db-deployer#flowable-async-job-executor-thread-1633#
[PollExecuteTaskStatusExecution] 070d8486-d915-4207-813d-4e7e9b8a0d10 [2026-09-14T10:24:51.202192] } (STDOUT, APP/TASK/deploy)#
#2026 09 14 10:24:53.194#Z#DEBUG#16b25dd8-b026-11f1-940d-eeee0a931608.capm-service-db-deployer#flowable-async-job-executor-thread-1633#
[PollExecuteTaskStatusExecution] 070d8486-d915-4207-813d-4e7e9b8a0d10 [2026-09-14T10:24:51.807716] @sap/hdi-deploy, version 5.7.0 (mode default), server version 4.00.000.00.1787043349 (4.0.0.0), cloud version 2026.14.16, node version 24.18.0, HDI version 1016, container API version 1007 (STDOUT, APP/TASK/deploy)#
#2026 09 14 10:24:53.194#Z#DEBUG#16b25dd8-b026-11f1-940d-eeee0a931608.capm-service-db-deployer#flowable-async-job-executor-thread-1633#
[PollExecuteTaskStatusExecution] 070d8486-d915-4207-813d-4e7e9b8a0d10 [2026-09-14T10:24:51.807890] Deployment started at 2026-09-14 10:24:51 (STDOUT, APP/TASK/deploy)#
#2026 09 14 10:24:53.194#Z#DEBUG#16b25dd8-b026-11f1-940d-eeee0a931608.capm-service-db-deployer#flowable-async-job-executor-thread-1633#
[PollExecuteTaskStatusExecution] 070d8486-d915-4207-813d-4e7e9b8a0d10 [2026-09-14T10:24:51.808676] Using hdb@2.29.6 for connection (STDOUT, APP/TASK/deploy)#
#2026 09 14 10:24:53.194#Z#DEBUG#16b25dd8-b026-11f1-940d-eeee0a931608.capm-service-db-deployer#flowable-async-job-executor-thread-1633#
[PollExecuteTaskStatusExecution] 070d8486-d915-4207-813d-4e7e9b8a0d10 [2026-09-14T10:24:51.832382] No ignore file at /home/vcap/app/.hdiignore. (STDOUT, APP/TASK/deploy)#
#2026 09 14 10:24:53.194#Z#DEBUG#16b25dd8-b026-11f1-940d-eeee0a931608.capm-service-db-deployer#flowable-async-job-executor-thread-1633#
[PollExecuteTaskStatusExecution] 070d8486-d915-4207-813d-4e7e9b8a0d10 [2026-09-14T10:24:51.832824] Collecting files... (STDOUT, APP/TASK/deploy)#
#2026 09 14 10:24:53.194#Z#DEBUG#16b25dd8-b026-11f1-940d-eeee0a931608.capm-service-db-deployer#flowable-async-job-executor-thread-1633#
[PollExecuteTaskStatusExecution] 070d8486-d915-4207-813d-4e7e9b8a0d10 [2026-09-14T10:24:51.839080] Collecting files... ok (0s 6ms) (STDOUT, APP/TASK/deploy)#
#2026 09 14 10:24:53.194#Z#DEBUG#16b25dd8-b026-11f1-940d-eeee0a931608.capm-service-db-deployer#flowable-async-job-executor-thread-1633#
[PollExecuteTaskStatusExecution] 070d8486-d915-4207-813d-4e7e9b8a0d10 [2026-09-14T10:24:51.839116] 3 directories collected (STDOUT, APP/TASK/deploy)#
#2026 09 14 10:24:53.194#Z#DEBUG#16b25dd8-b026-11f1-940d-eeee0a931608.capm-service-db-deployer#flowable-async-job-executor-thread-1633#
[PollExecuteTaskStatusExecution] 070d8486-d915-4207-813d-4e7e9b8a0d10 [2026-09-14T10:24:51.839248] 30 files collected (STDOUT, APP/TASK/deploy)#
#2026 09 14 10:24:53.194#Z#DEBUG#16b25dd8-b026-11f1-940d-eeee0a931608.capm-service-db-deployer#flowable-async-job-executor-thread-1633#
[PollExecuteTaskStatusExecution] 070d8486-d915-4207-813d-4e7e9b8a0d10 [2026-09-14T10:24:51.839285] 0 reusable modules collected (STDOUT, APP/TASK/deploy)#
#2026 09 14 10:24:53.194#Z#DEBUG#16b25dd8-b026-11f1-940d-eeee0a931608.capm-service-db-deployer#flowable-async-job-executor-thread-1633#
[PollExecuteTaskStatusExecution] 070d8486-d915-4207-813d-4e7e9b8a0d10 [2026-09-14T10:24:51.839371] Target service: capm-service-db (STDOUT, APP/TASK/deploy)#
#2026 09 14 10:24:53.194#Z#DEBUG#16b25dd8-b026-11f1-940d-eeee0a931608.capm-service-db-deployer#flowable-async-job-executor-thread-1633#
[PollExecuteTaskStatusExecution] 070d8486-d915-4207-813d-4e7e9b8a0d10 [2026-09-14T10:24:52.182214] Previous build with request ID 453 finished at 2026-09-13T04:40:46.709 with status Rolled back and message: Starting make in the container "6A5478B8D26E43D8A56BA48D201A9E69" with 0 files to deploy, 0 files to undeploy... ok. (STDOUT, APP/TASK/deploy)#
#2026 09 14 10:24:53.194#Z#DEBUG#16b25dd8-b026-11f1-940d-eeee0a931608.capm-service-db-deployer#flowable-async-job-executor-thread-1633#
[PollExecuteTaskStatusExecution] 070d8486-d915-4207-813d-4e7e9b8a0d10 [2026-09-14T10:24:52.182283] Processing revoke files... (STDOUT, APP/TASK/deploy)#
#2026 09 14 10:24:53.194#Z#DEBUG#16b25dd8-b026-11f1-940d-eeee0a931608.capm-service-db-deployer#flowable-async-job-executor-thread-1633#
[PollExecuteTaskStatusExecution] 070d8486-d915-4207-813d-4e7e9b8a0d10 [2026-09-14T10:24:52.182457] Processing revoke files... ok (0s 0ms) (STDOUT, APP/TASK/deploy)#
#2026 09 14 10:24:53.194#Z#DEBUG#16b25dd8-b026-11f1-940d-eeee0a931608.capm-service-db-deployer#flowable-async-job-executor-thread-1633#
[PollExecuteTaskStatusExecution] 070d8486-d915-4207-813d-4e7e9b8a0d10 [2026-09-14T10:24:52.182584] Processing grants files... (STDOUT, APP/TASK/deploy)#
#2026 09 14 10:24:53.194#Z#DEBUG#16b25dd8-b026-11f1-940d-eeee0a931608.capm-service-db-deployer#flowable-async-job-executor-thread-1633#
[PollExecuteTaskStatusExecution] 070d8486-d915-4207-813d-4e7e9b8a0d10 [2026-09-14T10:24:52.182730] Processing grants files... ok (0s 0ms) (STDOUT, APP/TASK/deploy)#
#2026 09 14 10:24:53.194#Z#DEBUG#16b25dd8-b026-11f1-940d-eeee0a931608.capm-service-db-deployer#flowable-async-job-executor-thread-1633#
[PollExecuteTaskStatusExecution] 070d8486-d915-4207-813d-4e7e9b8a0d10 [2026-09-14T10:24:52.186806] Preprocessing files... (STDOUT, APP/TASK/deploy)#
#2026 09 14 10:24:53.194#Z#DEBUG#16b25dd8-b026-11f1-940d-eeee0a931608.capm-service-db-deployer#flowable-async-job-executor-thread-1633#
[PollExecuteTaskStatusExecution] 070d8486-d915-4207-813d-4e7e9b8a0d10 [2026-09-14T10:24:52.189292] Preprocessing files... ok (0s 1ms) (STDOUT, APP/TASK/deploy)#
#2026 09 14 10:24:53.194#Z#DEBUG#16b25dd8-b026-11f1-940d-eeee0a931608.capm-service-db-deployer#flowable-async-job-executor-thread-1633#
[PollExecuteTaskStatusExecution] 070d8486-d915-4207-813d-4e7e9b8a0d10 [2026-09-14T10:24:52.189321] Connecting to the container "6A5478B8D26E43D8A56BA48D201A9E69"... (STDOUT, APP/TASK/deploy)#
#2026 09 14 10:24:53.194#Z#DEBUG#16b25dd8-b026-11f1-940d-eeee0a931608.capm-service-db-deployer#flowable-async-job-executor-thread-1633#
[PollExecuteTaskStatusExecution] 070d8486-d915-4207-813d-4e7e9b8a0d10 [2026-09-14T10:24:52.277331] Connecting to the container "6A5478B8D26E43D8A56BA48D201A9E69"... ok (0s 88ms) (STDOUT, APP/TASK/deploy)#
#2026 09 14 10:24:53.194#Z#DEBUG#16b25dd8-b026-11f1-940d-eeee0a931608.capm-service-db-deployer#flowable-async-job-executor-thread-1633#
[PollExecuteTaskStatusExecution] 070d8486-d915-4207-813d-4e7e9b8a0d10 [2026-09-14T10:24:52.277369] Locking the container "6A5478B8D26E43D8A56BA48D201A9E69"... (STDOUT, APP/TASK/deploy)#
#2026 09 14 10:24:53.194#Z#DEBUG#16b25dd8-b026-11f1-940d-eeee0a931608.capm-service-db-deployer#flowable-async-job-executor-thread-1633#
[PollExecuteTaskStatusExecution] 070d8486-d915-4207-813d-4e7e9b8a0d10 [2026-09-14T10:24:52.517889] Locking the container "6A5478B8D26E43D8A56BA48D201A9E69"... ok (0s 240ms) (STDOUT, APP/TASK/deploy)#
#2026 09 14 10:24:53.194#Z#DEBUG#16b25dd8-b026-11f1-940d-eeee0a931608.capm-service-db-deployer#flowable-async-job-executor-thread-1633#
[PollExecuteTaskStatusExecution] 070d8486-d915-4207-813d-4e7e9b8a0d10 [2026-09-14T10:24:52.517926] Synchronizing files with the container "6A5478B8D26E43D8A56BA48D201A9E69"... (STDOUT, APP/TASK/deploy)#
#2026 09 14 10:25:03.310#Z#DEBUG#16b25dd8-b026-11f1-940d-eeee0a931608.capm-service-db-deployer#flowable-async-job-executor-thread-1256#
[PollExecuteTaskStatusExecution] 070d8486-d915-4207-813d-4e7e9b8a0d10 [2026-09-14T10:24:53.168694] Deleting files... (STDOUT, APP/TASK/deploy)#
#2026 09 14 10:25:03.310#Z#DEBUG#16b25dd8-b026-11f1-940d-eeee0a931608.capm-service-db-deployer#flowable-async-job-executor-thread-1256#
[PollExecuteTaskStatusExecution] 070d8486-d915-4207-813d-4e7e9b8a0d10 [2026-09-14T10:24:53.347532] Deleting files... ok (STDOUT, APP/TASK/deploy)#
#2026 09 14 10:25:03.310#Z#DEBUG#16b25dd8-b026-11f1-940d-eeee0a931608.capm-service-db-deployer#flowable-async-job-executor-thread-1256#
[PollExecuteTaskStatusExecution] 070d8486-d915-4207-813d-4e7e9b8a0d10 [2026-09-14T10:24:53.347576] Writing files... (STDOUT, APP/TASK/deploy)#
#2026 09 14 10:25:03.310#Z#DEBUG#16b25dd8-b026-11f1-940d-eeee0a931608.capm-service-db-deployer#flowable-async-job-executor-thread-1256#
[PollExecuteTaskStatusExecution] 070d8486-d915-4207-813d-4e7e9b8a0d10 [2026-09-14T10:24:53.347711] Writing 25 items (STDOUT, APP/TASK/deploy)#
#2026 09 14 10:25:03.310#Z#DEBUG#16b25dd8-b026-11f1-940d-eeee0a931608.capm-service-db-deployer#flowable-async-job-executor-thread-1256#
[PollExecuteTaskStatusExecution] 070d8486-d915-4207-813d-4e7e9b8a0d10 [2026-09-14T10:24:53.820624] Writing files... ok (STDOUT, APP/TASK/deploy)#
#2026 09 14 10:25:03.310#Z#DEBUG#16b25dd8-b026-11f1-940d-eeee0a931608.capm-service-db-deployer#flowable-async-job-executor-thread-1256#
[PollExecuteTaskStatusExecution] 070d8486-d915-4207-813d-4e7e9b8a0d10 [2026-09-14T10:24:53.820774] Synchronizing files with the container "6A5478B8D26E43D8A56BA48D201A9E69"... ok (1s 303ms) (STDOUT, APP/TASK/deploy)#
#2026 09 14 10:25:03.310#Z#DEBUG#16b25dd8-b026-11f1-940d-eeee0a931608.capm-service-db-deployer#flowable-async-job-executor-thread-1256#
[PollExecuteTaskStatusExecution] 070d8486-d915-4207-813d-4e7e9b8a0d10 [2026-09-14T10:24:53.821617] added files: [ (STDOUT, APP/TASK/deploy)#
#2026 09 14 10:25:03.310#Z#DEBUG#16b25dd8-b026-11f1-940d-eeee0a931608.capm-service-db-deployer#flowable-async-job-executor-thread-1256#
[PollExecuteTaskStatusExecution] 070d8486-d915-4207-813d-4e7e9b8a0d10 [2026-09-14T10:24:53.821638] "src/gen/data/raven.hr-Departments.csv", (STDOUT, APP/TASK/deploy)#
#2026 09 14 10:25:03.310#Z#DEBUG#16b25dd8-b026-11f1-940d-eeee0a931608.capm-service-db-deployer#flowable-async-job-executor-thread-1256#
[PollExecuteTaskStatusExecution] 070d8486-d915-4207-813d-4e7e9b8a0d10 [2026-09-14T10:24:53.821649] "src/gen/data/raven.hr-Departments.hdbtabledata", (STDOUT, APP/TASK/deploy)#
#2026 09 14 10:25:03.310#Z#DEBUG#16b25dd8-b026-11f1-940d-eeee0a931608.capm-service-db-deployer#flowable-async-job-executor-thread-1256#
[PollExecuteTaskStatusExecution] 070d8486-d915-4207-813d-4e7e9b8a0d10 [2026-09-14T10:24:53.821660] "src/gen/data/raven.hr-Employees.csv", (STDOUT, APP/TASK/deploy)#
#2026 09 14 10:25:03.310#Z#DEBUG#16b25dd8-b026-11f1-940d-eeee0a931608.capm-service-db-deployer#flowable-async-job-executor-thread-1256#
[PollExecuteTaskStatusExecution] 070d8486-d915-4207-813d-4e7e9b8a0d10 [2026-09-14T10:24:53.821664] "src/gen/data/raven.hr-Employees.hdbtabledata", (STDOUT, APP/TASK/deploy)#
#2026 09 14 10:25:03.310#Z#DEBUG#16b25dd8-b026-11f1-940d-eeee0a931608.capm-service-db-deployer#flowable-async-job-executor-thread-1256#
[PollExecuteTaskStatusExecution] 070d8486-d915-4207-813d-4e7e9b8a0d10 [2026-09-14T10:24:53.821667] "src/gen/data/raven.hr-LeaveBalances.csv", (STDOUT, APP/TASK/deploy)#
#2026 09 14 10:25:03.310#Z#DEBUG#16b25dd8-b026-11f1-940d-eeee0a931608.capm-service-db-deployer#flowable-async-job-executor-thread-1256#
[PollExecuteTaskStatusExecution] 070d8486-d915-4207-813d-4e7e9b8a0d10 [2026-09-14T10:24:53.821669] "src/gen/data/raven.hr-LeaveBalances.hdbtabledata", (STDOUT, APP/TASK/deploy)#
#2026 09 14 10:25:03.310#Z#DEBUG#16b25dd8-b026-11f1-940d-eeee0a931608.capm-service-db-deployer#flowable-async-job-executor-thread-1256#
[PollExecuteTaskStatusExecution] 070d8486-d915-4207-813d-4e7e9b8a0d10 [2026-09-14T10:24:53.821671] "src/gen/data/raven.hr-LeaveRequests.csv", (STDOUT, APP/TASK/deploy)#
#2026 09 14 10:25:03.310#Z#DEBUG#16b25dd8-b026-11f1-940d-eeee0a931608.capm-service-db-deployer#flowable-async-job-executor-thread-1256#
[PollExecuteTaskStatusExecution] 070d8486-d915-4207-813d-4e7e9b8a0d10 [2026-09-14T10:24:53.821674] "src/gen/data/raven.hr-LeaveRequests.hdbtabledata", (STDOUT, APP/TASK/deploy)#
#2026 09 14 10:25:03.310#Z#DEBUG#16b25dd8-b026-11f1-940d-eeee0a931608.capm-service-db-deployer#flowable-async-job-executor-thread-1256#
[PollExecuteTaskStatusExecution] 070d8486-d915-4207-813d-4e7e9b8a0d10 [2026-09-14T10:24:53.821676] "src/gen/data/raven.hr-LeaveTypes.csv", (STDOUT, APP/TASK/deploy)#
#2026 09 14 10:25:03.310#Z#DEBUG#16b25dd8-b026-11f1-940d-eeee0a931608.capm-service-db-deployer#flowable-async-job-executor-thread-1256#
[PollExecuteTaskStatusExecution] 070d8486-d915-4207-813d-4e7e9b8a0d10 [2026-09-14T10:24:53.821679] "src/gen/data/raven.hr-LeaveTypes.hdbtabledata" (STDOUT, APP/TASK/deploy)#
#2026 09 14 10:25:03.310#Z#DEBUG#16b25dd8-b026-11f1-940d-eeee0a931608.capm-service-db-deployer#flowable-async-job-executor-thread-1256#
[PollExecuteTaskStatusExecution] 070d8486-d915-4207-813d-4e7e9b8a0d10 [2026-09-14T10:24:53.821685] ] (STDOUT, APP/TASK/deploy)#
#2026 09 14 10:25:03.310#Z#DEBUG#16b25dd8-b026-11f1-940d-eeee0a931608.capm-service-db-deployer#flowable-async-job-executor-thread-1256#
[PollExecuteTaskStatusExecution] 070d8486-d915-4207-813d-4e7e9b8a0d10 [2026-09-14T10:24:53.821731] modified files: [ (STDOUT, APP/TASK/deploy)#
#2026 09 14 10:25:03.310#Z#DEBUG#16b25dd8-b026-11f1-940d-eeee0a931608.capm-service-db-deployer#flowable-async-job-executor-thread-1256#
[PollExecuteTaskStatusExecution] 070d8486-d915-4207-813d-4e7e9b8a0d10 [2026-09-14T10:24:53.821749] "src/.hdiconfig", (STDOUT, APP/TASK/deploy)#
#2026 09 14 10:25:03.310#Z#DEBUG#16b25dd8-b026-11f1-940d-eeee0a931608.capm-service-db-deployer#flowable-async-job-executor-thread-1256#
[PollExecuteTaskStatusExecution] 070d8486-d915-4207-813d-4e7e9b8a0d10 [2026-09-14T10:24:53.821752] "src/gen/.hdiconfig", (STDOUT, APP/TASK/deploy)#
#2026 09 14 10:25:03.310#Z#DEBUG#16b25dd8-b026-11f1-940d-eeee0a931608.capm-service-db-deployer#flowable-async-job-executor-thread-1256#
[PollExecuteTaskStatusExecution] 070d8486-d915-4207-813d-4e7e9b8a0d10 [2026-09-14T10:24:53.821754] "src/gen/HRService.LeaveRequestOverview.hdbview", (STDOUT, APP/TASK/deploy)#
#2026 09 14 10:25:03.310#Z#DEBUG#16b25dd8-b026-11f1-940d-eeee0a931608.capm-service-db-deployer#flowable-async-job-executor-thread-1256#
[PollExecuteTaskStatusExecution] 070d8486-d915-4207-813d-4e7e9b8a0d10 [2026-09-14T10:24:53.821757] "src/gen/raven.hr.Departments.hdbtable", (STDOUT, APP/TASK/deploy)#
#2026 09 14 10:25:03.310#Z#DEBUG#16b25dd8-b026-11f1-940d-eeee0a931608.capm-service-db-deployer#flowable-async-job-executor-thread-1256#
[PollExecuteTaskStatusExecution] 070d8486-d915-4207-813d-4e7e9b8a0d10 [2026-09-14T10:24:53.821761] "src/gen/raven.hr.Employees.hdbtable", (STDOUT, APP/TASK/deploy)#
#2026 09 14 10:25:03.310#Z#DEBUG#16b25dd8-b026-11f1-940d-eeee0a931608.capm-service-db-deployer#flowable-async-job-executor-thread-1256#
[PollExecuteTaskStatusExecution] 070d8486-d915-4207-813d-4e7e9b8a0d10 [2026-09-14T10:24:53.821764] "src/gen/raven.hr.LeaveBalances.hdbtable", (STDOUT, APP/TASK/deploy)#
#2026 09 14 10:25:03.310#Z#DEBUG#16b25dd8-b026-11f1-940d-eeee0a931608.capm-service-db-deployer#flowable-async-job-executor-thread-1256#
[PollExecuteTaskStatusExecution] 070d8486-d915-4207-813d-4e7e9b8a0d10 [2026-09-14T10:24:53.821766] "src/gen/raven.hr.LeaveRequestAttachments.hdbtable", (STDOUT, APP/TASK/deploy)#
#2026 09 14 10:25:03.310#Z#DEBUG#16b25dd8-b026-11f1-940d-eeee0a931608.capm-service-db-deployer#flowable-async-job-executor-thread-1256#
[PollExecuteTaskStatusExecution] 070d8486-d915-4207-813d-4e7e9b8a0d10 [2026-09-14T10:24:53.821768] "src/gen/raven.hr.LeaveRequestOverview.hdbview", (STDOUT, APP/TASK/deploy)#
#2026 09 14 10:25:03.310#Z#DEBUG#16b25dd8-b026-11f1-940d-eeee0a931608.capm-service-db-deployer#flowable-async-job-executor-thread-1256#
[PollExecuteTaskStatusExecution] 070d8486-d915-4207-813d-4e7e9b8a0d10 [2026-09-14T10:24:53.821774] "src/gen/raven.hr.LeaveRequests.hdbtable", (STDOUT, APP/TASK/deploy)#
#2026 09 14 10:25:03.310#Z#DEBUG#16b25dd8-b026-11f1-940d-eeee0a931608.capm-service-db-deployer#flowable-async-job-executor-thread-1256#
[PollExecuteTaskStatusExecution] 070d8486-d915-4207-813d-4e7e9b8a0d10 [2026-09-14T10:24:53.821777] "src/leaveRequestNumber.hdbsequence", (STDOUT, APP/TASK/deploy)#
#2026 09 14 10:25:03.310#Z#DEBUG#16b25dd8-b026-11f1-940d-eeee0a931608.capm-service-db-deployer#flowable-async-job-executor-thread-1256#
[PollExecuteTaskStatusExecution] 070d8486-d915-4207-813d-4e7e9b8a0d10 [2026-09-14T10:24:53.821779] "src/gen/raven.hr.LeaveTypes.hdbtable", (STDOUT, APP/TASK/deploy)#
#2026 09 14 10:25:03.310#Z#DEBUG#16b25dd8-b026-11f1-940d-eeee0a931608.capm-service-db-deployer#flowable-async-job-executor-thread-1256#
[PollExecuteTaskStatusExecution] 070d8486-d915-4207-813d-4e7e9b8a0d10 [2026-09-14T10:24:53.821782] "src/recalcLeaveBalance.hdbprocedure" (STDOUT, APP/TASK/deploy)#
#2026 09 14 10:25:03.310#Z#DEBUG#16b25dd8-b026-11f1-940d-eeee0a931608.capm-service-db-deployer#flowable-async-job-executor-thread-1256#
[PollExecuteTaskStatusExecution] 070d8486-d915-4207-813d-4e7e9b8a0d10 [2026-09-14T10:24:53.821784] ] (STDOUT, APP/TASK/deploy)#
#2026 09 14 10:25:03.310#Z#DEBUG#16b25dd8-b026-11f1-940d-eeee0a931608.capm-service-db-deployer#flowable-async-job-executor-thread-1256#
[PollExecuteTaskStatusExecution] 070d8486-d915-4207-813d-4e7e9b8a0d10 [2026-09-14T10:24:53.821832] deleted files: [] (STDOUT, APP/TASK/deploy)#
#2026 09 14 10:25:03.310#Z#DEBUG#16b25dd8-b026-11f1-940d-eeee0a931608.capm-service-db-deployer#flowable-async-job-executor-thread-1256#
[PollExecuteTaskStatusExecution] 070d8486-d915-4207-813d-4e7e9b8a0d10 [2026-09-14T10:24:53.821874] 22 modified or added files are scheduled for deploy based on delta detection (STDOUT, APP/TASK/deploy)#
#2026 09 14 10:25:03.310#Z#DEBUG#16b25dd8-b026-11f1-940d-eeee0a931608.capm-service-db-deployer#flowable-async-job-executor-thread-1256#
[PollExecuteTaskStatusExecution] 070d8486-d915-4207-813d-4e7e9b8a0d10 [2026-09-14T10:24:53.822097] 0 deleted files are scheduled for undeploy based on delta detection (filtered by undeploy allowlist) (STDOUT, APP/TASK/deploy)#
#2026 09 14 10:25:03.310#Z#DEBUG#16b25dd8-b026-11f1-940d-eeee0a931608.capm-service-db-deployer#flowable-async-job-executor-thread-1256#
[PollExecuteTaskStatusExecution] 070d8486-d915-4207-813d-4e7e9b8a0d10 [2026-09-14T10:24:53.822280] 0 files are scheduled for deploy based on explicit specification (STDOUT, APP/TASK/deploy)#
#2026 09 14 10:25:03.310#Z#DEBUG#16b25dd8-b026-11f1-940d-eeee0a931608.capm-service-db-deployer#flowable-async-job-executor-thread-1256#
[PollExecuteTaskStatusExecution] 070d8486-d915-4207-813d-4e7e9b8a0d10 [2026-09-14T10:24:53.822343] 0 files are scheduled for undeploy based on explicit specification (STDOUT, APP/TASK/deploy)#
#2026 09 14 10:25:03.310#Z#DEBUG#16b25dd8-b026-11f1-940d-eeee0a931608.capm-service-db-deployer#flowable-async-job-executor-thread-1256#
[PollExecuteTaskStatusExecution] 070d8486-d915-4207-813d-4e7e9b8a0d10 [2026-09-14T10:24:53.822741] Deploying to the container "6A5478B8D26E43D8A56BA48D201A9E69"... (STDOUT, APP/TASK/deploy)#
#2026 09 14 10:25:03.310#Z#DEBUG#16b25dd8-b026-11f1-940d-eeee0a931608.capm-service-db-deployer#flowable-async-job-executor-thread-1256#
[PollExecuteTaskStatusExecution] 070d8486-d915-4207-813d-4e7e9b8a0d10 [2026-09-14T10:24:54.438677] Polling messages for request id: 458 (STDOUT, APP/TASK/deploy)#
#2026 09 14 10:25:03.310#Z#DEBUG#16b25dd8-b026-11f1-940d-eeee0a931608.capm-service-db-deployer#flowable-async-job-executor-thread-1256#
[PollExecuteTaskStatusExecution] 070d8486-d915-4207-813d-4e7e9b8a0d10 [2026-09-14T10:24:54.475733] Starting make in the container "6A5478B8D26E43D8A56BA48D201A9E69" with 22 files to deploy, 0 files to undeploy... (STDOUT, APP/TASK/deploy)#
#2026 09 14 10:25:03.310#Z#DEBUG#16b25dd8-b026-11f1-940d-eeee0a931608.capm-service-db-deployer#flowable-async-job-executor-thread-1256#
[PollExecuteTaskStatusExecution] 070d8486-d915-4207-813d-4e7e9b8a0d10 [2026-09-14T10:24:54.475776] Disabling table replication for the container schema "6A5478B8D26E43D8A56BA48D201A9E69"... (STDOUT, APP/TASK/deploy)#
#2026 09 14 10:25:03.310#Z#DEBUG#16b25dd8-b026-11f1-940d-eeee0a931608.capm-service-db-deployer#flowable-async-job-executor-thread-1256#
[PollExecuteTaskStatusExecution] 070d8486-d915-4207-813d-4e7e9b8a0d10 [2026-09-14T10:24:54.475781] Disabling table replication for the container schema "6A5478B8D26E43D8A56BA48D201A9E69"... ok (0s 13ms) (STDOUT, APP/TASK/deploy)#
#2026 09 14 10:25:03.310#Z#DEBUG#16b25dd8-b026-11f1-940d-eeee0a931608.capm-service-db-deployer#flowable-async-job-executor-thread-1256#
[PollExecuteTaskStatusExecution] 070d8486-d915-4207-813d-4e7e9b8a0d10 [2026-09-14T10:24:54.475787] Migrating libraries... (STDOUT, APP/TASK/deploy)#
#2026 09 14 10:25:03.310#Z#DEBUG#16b25dd8-b026-11f1-940d-eeee0a931608.capm-service-db-deployer#flowable-async-job-executor-thread-1256#
[PollExecuteTaskStatusExecution] 070d8486-d915-4207-813d-4e7e9b8a0d10 [2026-09-14T10:24:56.489023] Migrating libraries... ok (2s 279ms) (STDOUT, APP/TASK/deploy)#
#2026 09 14 10:25:03.310#Z#DEBUG#16b25dd8-b026-11f1-940d-eeee0a931608.capm-service-db-deployer#flowable-async-job-executor-thread-1256#
[PollExecuteTaskStatusExecution] 070d8486-d915-4207-813d-4e7e9b8a0d10 [2026-09-14T10:24:56.489058] Making... (STDOUT, APP/TASK/deploy)#
#2026 09 14 10:25:03.310#Z#DEBUG#16b25dd8-b026-11f1-940d-eeee0a931608.capm-service-db-deployer#flowable-async-job-executor-thread-1256#
[PollExecuteTaskStatusExecution] 070d8486-d915-4207-813d-4e7e9b8a0d10 [2026-09-14T10:24:56.489063] Preparing... (STDOUT, APP/TASK/deploy)#
#2026 09 14 10:25:03.310#Z#DEBUG#16b25dd8-b026-11f1-940d-eeee0a931608.capm-service-db-deployer#flowable-async-job-executor-thread-1256#
[PollExecuteTaskStatusExecution] 070d8486-d915-4207-813d-4e7e9b8a0d10 [2026-09-14T10:24:56.489076] Preparing the make transaction... (STDOUT, APP/TASK/deploy)#
#2026 09 14 10:25:03.310#Z#DEBUG#16b25dd8-b026-11f1-940d-eeee0a931608.capm-service-db-deployer#flowable-async-job-executor-thread-1256#
[PollExecuteTaskStatusExecution] 070d8486-d915-4207-813d-4e7e9b8a0d10 [2026-09-14T10:24:57.506904] Preparing the make transaction... ok (0s 579ms) (STDOUT, APP/TASK/deploy)#
#2026 09 14 10:25:03.310#Z#DEBUG#16b25dd8-b026-11f1-940d-eeee0a931608.capm-service-db-deployer#flowable-async-job-executor-thread-1256#
[PollExecuteTaskStatusExecution] 070d8486-d915-4207-813d-4e7e9b8a0d10 [2026-09-14T10:24:57.506995] Deploying the configuration file "src/.hdiconfig"... (STDOUT, APP/TASK/deploy)#
#2026 09 14 10:25:03.310#Z#DEBUG#16b25dd8-b026-11f1-940d-eeee0a931608.capm-service-db-deployer#flowable-async-job-executor-thread-1256#
[PollExecuteTaskStatusExecution] 070d8486-d915-4207-813d-4e7e9b8a0d10 [2026-09-14T10:24:57.507099] Deploying the configuration file "src/.hdiconfig"... ok (0s 45ms) (STDOUT, APP/TASK/deploy)#
#2026 09 14 10:25:03.310#Z#DEBUG#16b25dd8-b026-11f1-940d-eeee0a931608.capm-service-db-deployer#flowable-async-job-executor-thread-1256#
[PollExecuteTaskStatusExecution] 070d8486-d915-4207-813d-4e7e9b8a0d10 [2026-09-14T10:24:57.507133] Deploying the configuration file "src/gen/.hdiconfig"... (STDOUT, APP/TASK/deploy)#
#2026 09 14 10:25:03.310#Z#DEBUG#16b25dd8-b026-11f1-940d-eeee0a931608.capm-service-db-deployer#flowable-async-job-executor-thread-1256#
[PollExecuteTaskStatusExecution] 070d8486-d915-4207-813d-4e7e9b8a0d10 [2026-09-14T10:24:57.507137] Deploying the configuration file "src/gen/.hdiconfig"... ok (0s 15ms) (STDOUT, APP/TASK/deploy)#
#2026 09 14 10:25:03.310#Z#DEBUG#16b25dd8-b026-11f1-940d-eeee0a931608.capm-service-db-deployer#flowable-async-job-executor-thread-1256#
[PollExecuteTaskStatusExecution] 070d8486-d915-4207-813d-4e7e9b8a0d10 [2026-09-14T10:24:57.507140] Adding "src/gen/HRService.LeaveRequestOverview.hdbview" for deploy... (STDOUT, APP/TASK/deploy)#
#2026 09 14 10:25:03.310#Z#DEBUG#16b25dd8-b026-11f1-940d-eeee0a931608.capm-service-db-deployer#flowable-async-job-executor-thread-1256#
[PollExecuteTaskStatusExecution] 070d8486-d915-4207-813d-4e7e9b8a0d10 [2026-09-14T10:24:57.507166] Adding "src/gen/HRService.LeaveRequestOverview.hdbview" for deploy... ok (0s 31ms) (STDOUT, APP/TASK/deploy)#
#2026 09 14 10:25:03.310#Z#DEBUG#16b25dd8-b026-11f1-940d-eeee0a931608.capm-service-db-deployer#flowable-async-job-executor-thread-1256#
[PollExecuteTaskStatusExecution] 070d8486-d915-4207-813d-4e7e9b8a0d10 [2026-09-14T10:24:57.507169] Adding "src/gen/data/raven.hr-Departments.csv" for deploy... (STDOUT, APP/TASK/deploy)#
#2026 09 14 10:25:03.310#Z#DEBUG#16b25dd8-b026-11f1-940d-eeee0a931608.capm-service-db-deployer#flowable-async-job-executor-thread-1256#
[PollExecuteTaskStatusExecution] 070d8486-d915-4207-813d-4e7e9b8a0d10 [2026-09-14T10:24:57.507172] Adding "src/gen/data/raven.hr-Departments.csv" for deploy... ok (0s 46ms) (STDOUT, APP/TASK/deploy)#
#2026 09 14 10:25:03.310#Z#DEBUG#16b25dd8-b026-11f1-940d-eeee0a931608.capm-service-db-deployer#flowable-async-job-executor-thread-1256#
[PollExecuteTaskStatusExecution] 070d8486-d915-4207-813d-4e7e9b8a0d10 [2026-09-14T10:24:57.507175] Adding "src/gen/data/raven.hr-Departments.hdbtabledata" for deploy... (STDOUT, APP/TASK/deploy)#
#2026 09 14 10:25:03.310#Z#DEBUG#16b25dd8-b026-11f1-940d-eeee0a931608.capm-service-db-deployer#flowable-async-job-executor-thread-1256#
[PollExecuteTaskStatusExecution] 070d8486-d915-4207-813d-4e7e9b8a0d10 [2026-09-14T10:24:57.507185] Adding "src/gen/data/raven.hr-Departments.hdbtabledata" for deploy... ok (0s 0ms) (STDOUT, APP/TASK/deploy)#
#2026 09 14 10:25:03.310#Z#DEBUG#16b25dd8-b026-11f1-940d-eeee0a931608.capm-service-db-deployer#flowable-async-job-executor-thread-1256#
[PollExecuteTaskStatusExecution] 070d8486-d915-4207-813d-4e7e9b8a0d10 [2026-09-14T10:24:57.507276] Adding "src/gen/data/raven.hr-Employees.csv" for deploy... (STDOUT, APP/TASK/deploy)#
#2026 09 14 10:25:03.310#Z#DEBUG#16b25dd8-b026-11f1-940d-eeee0a931608.capm-service-db-deployer#flowable-async-job-executor-thread-1256#
[PollExecuteTaskStatusExecution] 070d8486-d915-4207-813d-4e7e9b8a0d10 [2026-09-14T10:24:57.507419] Adding "src/gen/data/raven.hr-Employees.csv" for deploy... ok (0s 0ms) (STDOUT, APP/TASK/deploy)#
#2026 09 14 10:25:03.310#Z#DEBUG#16b25dd8-b026-11f1-940d-eeee0a931608.capm-service-db-deployer#flowable-async-job-executor-thread-1256#
[PollExecuteTaskStatusExecution] 070d8486-d915-4207-813d-4e7e9b8a0d10 [2026-09-14T10:24:57.507447] Adding "src/gen/data/raven.hr-Employees.hdbtabledata" for deploy... (STDOUT, APP/TASK/deploy)#
#2026 09 14 10:25:03.310#Z#DEBUG#16b25dd8-b026-11f1-940d-eeee0a931608.capm-service-db-deployer#flowable-async-job-executor-thread-1256#
[PollExecuteTaskStatusExecution] 070d8486-d915-4207-813d-4e7e9b8a0d10 [2026-09-14T10:24:57.507451] Adding "src/gen/data/raven.hr-Employees.hdbtabledata" for deploy... ok (0s 0ms) (STDOUT, APP/TASK/deploy)#
#2026 09 14 10:25:03.310#Z#DEBUG#16b25dd8-b026-11f1-940d-eeee0a931608.capm-service-db-deployer#flowable-async-job-executor-thread-1256#
[PollExecuteTaskStatusExecution] 070d8486-d915-4207-813d-4e7e9b8a0d10 [2026-09-14T10:24:57.507454] Adding "src/gen/data/raven.hr-LeaveBalances.csv" for deploy... (STDOUT, APP/TASK/deploy)#
#2026 09 14 10:25:03.310#Z#DEBUG#16b25dd8-b026-11f1-940d-eeee0a931608.capm-service-db-deployer#flowable-async-job-executor-thread-1256#
[PollExecuteTaskStatusExecution] 070d8486-d915-4207-813d-4e7e9b8a0d10 [2026-09-14T10:24:57.507457] Adding "src/gen/data/raven.hr-LeaveBalances.csv" for deploy... ok (0s 0ms) (STDOUT, APP/TASK/deploy)#
#2026 09 14 10:25:03.310#Z#DEBUG#16b25dd8-b026-11f1-940d-eeee0a931608.capm-service-db-deployer#flowable-async-job-executor-thread-1256#
[PollExecuteTaskStatusExecution] 070d8486-d915-4207-813d-4e7e9b8a0d10 [2026-09-14T10:24:57.507461] Adding "src/gen/data/raven.hr-LeaveBalances.hdbtabledata" for deploy... (STDOUT, APP/TASK/deploy)#
#2026 09 14 10:25:03.310#Z#DEBUG#16b25dd8-b026-11f1-940d-eeee0a931608.capm-service-db-deployer#flowable-async-job-executor-thread-1256#
[PollExecuteTaskStatusExecution] 070d8486-d915-4207-813d-4e7e9b8a0d10 [2026-09-14T10:24:57.507464] Adding "src/gen/data/raven.hr-LeaveBalances.hdbtabledata" for deploy... ok (0s 0ms) (STDOUT, APP/TASK/deploy)#
#2026 09 14 10:25:03.310#Z#DEBUG#16b25dd8-b026-11f1-940d-eeee0a931608.capm-service-db-deployer#flowable-async-job-executor-thread-1256#
[PollExecuteTaskStatusExecution] 070d8486-d915-4207-813d-4e7e9b8a0d10 [2026-09-14T10:24:57.507473] Adding "src/gen/data/raven.hr-LeaveRequests.csv" for deploy... (STDOUT, APP/TASK/deploy)#
#2026 09 14 10:25:03.310#Z#DEBUG#16b25dd8-b026-11f1-940d-eeee0a931608.capm-service-db-deployer#flowable-async-job-executor-thread-1256#
[PollExecuteTaskStatusExecution] 070d8486-d915-4207-813d-4e7e9b8a0d10 [2026-09-14T10:24:57.507476] Adding "src/gen/data/raven.hr-LeaveRequests.csv" for deploy... ok (0s 1ms) (STDOUT, APP/TASK/deploy)#
#2026 09 14 10:25:03.310#Z#DEBUG#16b25dd8-b026-11f1-940d-eeee0a931608.capm-service-db-deployer#flowable-async-job-executor-thread-1256#
[PollExecuteTaskStatusExecution] 070d8486-d915-4207-813d-4e7e9b8a0d10 [2026-09-14T10:24:57.507498] Adding "src/gen/data/raven.hr-LeaveRequests.hdbtabledata" for deploy... (STDOUT, APP/TASK/deploy)#
#2026 09 14 10:25:03.310#Z#DEBUG#16b25dd8-b026-11f1-940d-eeee0a931608.capm-service-db-deployer#flowable-async-job-executor-thread-1256#
[PollExecuteTaskStatusExecution] 070d8486-d915-4207-813d-4e7e9b8a0d10 [2026-09-14T10:24:57.507507] Adding "src/gen/data/raven.hr-LeaveRequests.hdbtabledata" for deploy... ok (0s 0ms) (STDOUT, APP/TASK/deploy)#
#2026 09 14 10:25:03.310#Z#DEBUG#16b25dd8-b026-11f1-940d-eeee0a931608.capm-service-db-deployer#flowable-async-job-executor-thread-1256#
[PollExecuteTaskStatusExecution] 070d8486-d915-4207-813d-4e7e9b8a0d10 [2026-09-14T10:24:57.507512] Adding "src/gen/data/raven.hr-LeaveTypes.csv" for deploy... (STDOUT, APP/TASK/deploy)#
#2026 09 14 10:25:03.310#Z#DEBUG#16b25dd8-b026-11f1-940d-eeee0a931608.capm-service-db-deployer#flowable-async-job-executor-thread-1256#
[PollExecuteTaskStatusExecution] 070d8486-d915-4207-813d-4e7e9b8a0d10 [2026-09-14T10:24:57.507515] Adding "src/gen/data/raven.hr-LeaveTypes.csv" for deploy... ok (0s 0ms) (STDOUT, APP/TASK/deploy)#
#2026 09 14 10:25:03.310#Z#DEBUG#16b25dd8-b026-11f1-940d-eeee0a931608.capm-service-db-deployer#flowable-async-job-executor-thread-1256#
[PollExecuteTaskStatusExecution] 070d8486-d915-4207-813d-4e7e9b8a0d10 [2026-09-14T10:24:57.507518] Adding "src/gen/data/raven.hr-LeaveTypes.hdbtabledata" for deploy... (STDOUT, APP/TASK/deploy)#
#2026 09 14 10:25:03.310#Z#DEBUG#16b25dd8-b026-11f1-940d-eeee0a931608.capm-service-db-deployer#flowable-async-job-executor-thread-1256#
[PollExecuteTaskStatusExecution] 070d8486-d915-4207-813d-4e7e9b8a0d10 [2026-09-14T10:24:57.507537] Adding "src/gen/data/raven.hr-LeaveTypes.hdbtabledata" for deploy... ok (0s 0ms) (STDOUT, APP/TASK/deploy)#
#2026 09 14 10:25:03.310#Z#DEBUG#16b25dd8-b026-11f1-940d-eeee0a931608.capm-service-db-deployer#flowable-async-job-executor-thread-1256#
[PollExecuteTaskStatusExecution] 070d8486-d915-4207-813d-4e7e9b8a0d10 [2026-09-14T10:24:57.507541] Adding "src/gen/raven.hr.Departments.hdbtable" for deploy... (STDOUT, APP/TASK/deploy)#
#2026 09 14 10:25:03.310#Z#DEBUG#16b25dd8-b026-11f1-940d-eeee0a931608.capm-service-db-deployer#flowable-async-job-executor-thread-1256#
[PollExecuteTaskStatusExecution] 070d8486-d915-4207-813d-4e7e9b8a0d10 [2026-09-14T10:24:57.507546] Adding "src/gen/raven.hr.Departments.hdbtable" for deploy... ok (0s 0ms) (STDOUT, APP/TASK/deploy)#
#2026 09 14 10:25:03.310#Z#DEBUG#16b25dd8-b026-11f1-940d-eeee0a931608.capm-service-db-deployer#flowable-async-job-executor-thread-1256#
[PollExecuteTaskStatusExecution] 070d8486-d915-4207-813d-4e7e9b8a0d10 [2026-09-14T10:24:57.507607] Adding "src/gen/raven.hr.Employees.hdbtable" for deploy... (STDOUT, APP/TASK/deploy)#
#2026 09 14 10:25:03.310#Z#DEBUG#16b25dd8-b026-11f1-940d-eeee0a931608.capm-service-db-deployer#flowable-async-job-executor-thread-1256#
[PollExecuteTaskStatusExecution] 070d8486-d915-4207-813d-4e7e9b8a0d10 [2026-09-14T10:24:57.507620] Adding "src/gen/raven.hr.Employees.hdbtable" for deploy... ok (0s 0ms) (STDOUT, APP/TASK/deploy)#
#2026 09 14 10:25:03.310#Z#DEBUG#16b25dd8-b026-11f1-940d-eeee0a931608.capm-service-db-deployer#flowable-async-job-executor-thread-1256#
[PollExecuteTaskStatusExecution] 070d8486-d915-4207-813d-4e7e9b8a0d10 [2026-09-14T10:24:57.507674] Adding "src/gen/raven.hr.LeaveBalances.hdbtable" for deploy... (STDOUT, APP/TASK/deploy)#
#2026 09 14 10:25:03.310#Z#DEBUG#16b25dd8-b026-11f1-940d-eeee0a931608.capm-service-db-deployer#flowable-async-job-executor-thread-1256#
[PollExecuteTaskStatusExecution] 070d8486-d915-4207-813d-4e7e9b8a0d10 [2026-09-14T10:24:57.507803] Adding "src/gen/raven.hr.LeaveBalances.hdbtable" for deploy... ok (0s 0ms) (STDOUT, APP/TASK/deploy)#
#2026 09 14 10:25:03.310#Z#DEBUG#16b25dd8-b026-11f1-940d-eeee0a931608.capm-service-db-deployer#flowable-async-job-executor-thread-1256#
[PollExecuteTaskStatusExecution] 070d8486-d915-4207-813d-4e7e9b8a0d10 [2026-09-14T10:24:57.507867] Adding "src/gen/raven.hr.LeaveRequestAttachments.hdbtable" for deploy... (STDOUT, APP/TASK/deploy)#
#2026 09 14 10:25:03.310#Z#DEBUG#16b25dd8-b026-11f1-940d-eeee0a931608.capm-service-db-deployer#flowable-async-job-executor-thread-1256#
[PollExecuteTaskStatusExecution] 070d8486-d915-4207-813d-4e7e9b8a0d10 [2026-09-14T10:24:57.507934] Adding "src/gen/raven.hr.LeaveRequestAttachments.hdbtable" for deploy... ok (0s 0ms) (STDOUT, APP/TASK/deploy)#
#2026 09 14 10:25:03.310#Z#DEBUG#16b25dd8-b026-11f1-940d-eeee0a931608.capm-service-db-deployer#flowable-async-job-executor-thread-1256#
[PollExecuteTaskStatusExecution] 070d8486-d915-4207-813d-4e7e9b8a0d10 [2026-09-14T10:24:57.507995] Adding "src/gen/raven.hr.LeaveRequestOverview.hdbview" for deploy... (STDOUT, APP/TASK/deploy)#
#2026 09 14 10:25:03.310#Z#DEBUG#16b25dd8-b026-11f1-940d-eeee0a931608.capm-service-db-deployer#flowable-async-job-executor-thread-1256#
[PollExecuteTaskStatusExecution] 070d8486-d915-4207-813d-4e7e9b8a0d10 [2026-09-14T10:24:57.508058] Adding "src/gen/raven.hr.LeaveRequestOverview.hdbview" for deploy... ok (0s 0ms) (STDOUT, APP/TASK/deploy)#
#2026 09 14 10:25:03.310#Z#DEBUG#16b25dd8-b026-11f1-940d-eeee0a931608.capm-service-db-deployer#flowable-async-job-executor-thread-1256#
[PollExecuteTaskStatusExecution] 070d8486-d915-4207-813d-4e7e9b8a0d10 [2026-09-14T10:24:57.508115] Adding "src/gen/raven.hr.LeaveRequests.hdbtable" for deploy... (STDOUT, APP/TASK/deploy)#
#2026 09 14 10:25:03.310#Z#DEBUG#16b25dd8-b026-11f1-940d-eeee0a931608.capm-service-db-deployer#flowable-async-job-executor-thread-1256#
[PollExecuteTaskStatusExecution] 070d8486-d915-4207-813d-4e7e9b8a0d10 [2026-09-14T10:24:57.508214] Adding "src/gen/raven.hr.LeaveRequests.hdbtable" for deploy... ok (0s 0ms) (STDOUT, APP/TASK/deploy)#
#2026 09 14 10:25:03.310#Z#DEBUG#16b25dd8-b026-11f1-940d-eeee0a931608.capm-service-db-deployer#flowable-async-job-executor-thread-1256#
[PollExecuteTaskStatusExecution] 070d8486-d915-4207-813d-4e7e9b8a0d10 [2026-09-14T10:24:57.508230] Adding "src/gen/raven.hr.LeaveTypes.hdbtable" for deploy... (STDOUT, APP/TASK/deploy)#
#2026 09 14 10:25:03.310#Z#DEBUG#16b25dd8-b026-11f1-940d-eeee0a931608.capm-service-db-deployer#flowable-async-job-executor-thread-1256#
[PollExecuteTaskStatusExecution] 070d8486-d915-4207-813d-4e7e9b8a0d10 [2026-09-14T10:24:57.508303] Adding "src/gen/raven.hr.LeaveTypes.hdbtable" for deploy... ok (0s 0ms) (STDOUT, APP/TASK/deploy)#
#2026 09 14 10:25:03.310#Z#DEBUG#16b25dd8-b026-11f1-940d-eeee0a931608.capm-service-db-deployer#flowable-async-job-executor-thread-1256#
[PollExecuteTaskStatusExecution] 070d8486-d915-4207-813d-4e7e9b8a0d10 [2026-09-14T10:24:57.508325] Adding "src/leaveRequestNumber.hdbsequence" for deploy... (STDOUT, APP/TASK/deploy)#
#2026 09 14 10:25:03.310#Z#DEBUG#16b25dd8-b026-11f1-940d-eeee0a931608.capm-service-db-deployer#flowable-async-job-executor-thread-1256#
[PollExecuteTaskStatusExecution] 070d8486-d915-4207-813d-4e7e9b8a0d10 [2026-09-14T10:24:57.508382] Adding "src/leaveRequestNumber.hdbsequence" for deploy... ok (0s 1ms) (STDOUT, APP/TASK/deploy)#
#2026 09 14 10:25:03.310#Z#DEBUG#16b25dd8-b026-11f1-940d-eeee0a931608.capm-service-db-deployer#flowable-async-job-executor-thread-1256#
[PollExecuteTaskStatusExecution] 070d8486-d915-4207-813d-4e7e9b8a0d10 [2026-09-14T10:24:57.508418] Adding "src/recalcLeaveBalance.hdbprocedure" for deploy... (STDOUT, APP/TASK/deploy)#
#2026 09 14 10:25:03.310#Z#DEBUG#16b25dd8-b026-11f1-940d-eeee0a931608.capm-service-db-deployer#flowable-async-job-executor-thread-1256#
[PollExecuteTaskStatusExecution] 070d8486-d915-4207-813d-4e7e9b8a0d10 [2026-09-14T10:24:57.508483] Adding "src/recalcLeaveBalance.hdbprocedure" for deploy... ok (0s 0ms) (STDOUT, APP/TASK/deploy)#
#2026 09 14 10:25:03.310#Z#DEBUG#16b25dd8-b026-11f1-940d-eeee0a931608.capm-service-db-deployer#flowable-async-job-executor-thread-1256#
[PollExecuteTaskStatusExecution] 070d8486-d915-4207-813d-4e7e9b8a0d10 [2026-09-14T10:24:57.508519] Preparing... ok (0s 946ms) (STDOUT, APP/TASK/deploy)#
#2026 09 14 10:25:03.310#Z#DEBUG#16b25dd8-b026-11f1-940d-eeee0a931608.capm-service-db-deployer#flowable-async-job-executor-thread-1256#
[PollExecuteTaskStatusExecution] 070d8486-d915-4207-813d-4e7e9b8a0d10 [2026-09-14T10:24:57.508627] Calculating dependencies... (STDOUT, APP/TASK/deploy)#
#2026 09 14 10:25:03.310#Z#DEBUG#16b25dd8-b026-11f1-940d-eeee0a931608.capm-service-db-deployer#flowable-async-job-executor-thread-1256#
[PollExecuteTaskStatusExecution] 070d8486-d915-4207-813d-4e7e9b8a0d10 [2026-09-14T10:24:57.508647] Expanding... (STDOUT, APP/TASK/deploy)#
#2026 09 14 10:25:03.310#Z#DEBUG#16b25dd8-b026-11f1-940d-eeee0a931608.capm-service-db-deployer#flowable-async-job-executor-thread-1256#
[PollExecuteTaskStatusExecution] 070d8486-d915-4207-813d-4e7e9b8a0d10 [2026-09-14T10:24:57.508658] Expanding "src/gen/HRService.LeaveRequestOverview.hdbview"... (STDOUT, APP/TASK/deploy)#
#2026 09 14 10:25:03.310#Z#DEBUG#16b25dd8-b026-11f1-940d-eeee0a931608.capm-service-db-deployer#flowable-async-job-executor-thread-1256#
[PollExecuteTaskStatusExecution] 070d8486-d915-4207-813d-4e7e9b8a0d10 [2026-09-14T10:24:57.508763] Expanding "src/gen/data/raven.hr-Departments.hdbtabledata"... (STDOUT, APP/TASK/deploy)#
#2026 09 14 10:25:03.310#Z#DEBUG#16b25dd8-b026-11f1-940d-eeee0a931608.capm-service-db-deployer#flowable-async-job-executor-thread-1256#
[PollExecuteTaskStatusExecution] 070d8486-d915-4207-813d-4e7e9b8a0d10 [2026-09-14T10:24:57.508795] Expanding "src/gen/data/raven.hr-Employees.hdbtabledata"... (STDOUT, APP/TASK/deploy)#
#2026 09 14 10:25:03.310#Z#DEBUG#16b25dd8-b026-11f1-940d-eeee0a931608.capm-service-db-deployer#flowable-async-job-executor-thread-1256#
[PollExecuteTaskStatusExecution] 070d8486-d915-4207-813d-4e7e9b8a0d10 [2026-09-14T10:24:57.508818] Expanding "src/gen/data/raven.hr-Departments.hdbtabledata"... ok (0s 4ms) (STDOUT, APP/TASK/deploy)#
#2026 09 14 10:25:03.310#Z#DEBUG#16b25dd8-b026-11f1-940d-eeee0a931608.capm-service-db-deployer#flowable-async-job-executor-thread-1256#
[PollExecuteTaskStatusExecution] 070d8486-d915-4207-813d-4e7e9b8a0d10 [2026-09-14T10:24:57.508863] Expanding "src/gen/data/raven.hr-Employees.hdbtabledata"... ok (0s 4ms) (STDOUT, APP/TASK/deploy)#
#2026 09 14 10:25:03.310#Z#DEBUG#16b25dd8-b026-11f1-940d-eeee0a931608.capm-service-db-deployer#flowable-async-job-executor-thread-1256#
[PollExecuteTaskStatusExecution] 070d8486-d915-4207-813d-4e7e9b8a0d10 [2026-09-14T10:24:57.508867] Expanding "src/gen/data/raven.hr-LeaveBalances.hdbtabledata"... (STDOUT, APP/TASK/deploy)#
#2026 09 14 10:25:03.310#Z#DEBUG#16b25dd8-b026-11f1-940d-eeee0a931608.capm-service-db-deployer#flowable-async-job-executor-thread-1256#
[PollExecuteTaskStatusExecution] 070d8486-d915-4207-813d-4e7e9b8a0d10 [2026-09-14T10:24:57.508925] Expanding "src/gen/data/raven.hr-LeaveRequests.hdbtabledata"... (STDOUT, APP/TASK/deploy)#
#2026 09 14 10:25:03.310#Z#DEBUG#16b25dd8-b026-11f1-940d-eeee0a931608.capm-service-db-deployer#flowable-async-job-executor-thread-1256#
[PollExecuteTaskStatusExecution] 070d8486-d915-4207-813d-4e7e9b8a0d10 [2026-09-14T10:24:57.508943] Expanding "src/gen/data/raven.hr-LeaveTypes.hdbtabledata"... (STDOUT, APP/TASK/deploy)#
#2026 09 14 10:25:03.310#Z#DEBUG#16b25dd8-b026-11f1-940d-eeee0a931608.capm-service-db-deployer#flowable-async-job-executor-thread-1256#
[PollExecuteTaskStatusExecution] 070d8486-d915-4207-813d-4e7e9b8a0d10 [2026-09-14T10:24:57.508965] Expanding "src/gen/data/raven.hr-LeaveRequests.hdbtabledata"... ok (0s 3ms) (STDOUT, APP/TASK/deploy)#
#2026 09 14 10:25:03.310#Z#DEBUG#16b25dd8-b026-11f1-940d-eeee0a931608.capm-service-db-deployer#flowable-async-job-executor-thread-1256#
[PollExecuteTaskStatusExecution] 070d8486-d915-4207-813d-4e7e9b8a0d10 [2026-09-14T10:24:57.508970] Expanding "src/gen/raven.hr.Departments.hdbtable"... (STDOUT, APP/TASK/deploy)#
#2026 09 14 10:25:03.310#Z#DEBUG#16b25dd8-b026-11f1-940d-eeee0a931608.capm-service-db-deployer#flowable-async-job-executor-thread-1256#
[PollExecuteTaskStatusExecution] 070d8486-d915-4207-813d-4e7e9b8a0d10 [2026-09-14T10:24:57.509028] Expanding "src/gen/data/raven.hr-LeaveTypes.hdbtabledata"... ok (0s 3ms) (STDOUT, APP/TASK/deploy)#
#2026 09 14 10:25:03.310#Z#DEBUG#16b25dd8-b026-11f1-940d-eeee0a931608.capm-service-db-deployer#flowable-async-job-executor-thread-1256#
[PollExecuteTaskStatusExecution] 070d8486-d915-4207-813d-4e7e9b8a0d10 [2026-09-14T10:24:57.509034] Expanding "src/gen/raven.hr.Employees.hdbtable"... (STDOUT, APP/TASK/deploy)#
#2026 09 14 10:25:03.310#Z#DEBUG#16b25dd8-b026-11f1-940d-eeee0a931608.capm-service-db-deployer#flowable-async-job-executor-thread-1256#
[PollExecuteTaskStatusExecution] 070d8486-d915-4207-813d-4e7e9b8a0d10 [2026-09-14T10:24:57.509045] Expanding "src/gen/data/raven.hr-LeaveBalances.hdbtabledata"... ok (0s 5ms) (STDOUT, APP/TASK/deploy)#
#2026 09 14 10:25:03.310#Z#DEBUG#16b25dd8-b026-11f1-940d-eeee0a931608.capm-service-db-deployer#flowable-async-job-executor-thread-1256#
[PollExecuteTaskStatusExecution] 070d8486-d915-4207-813d-4e7e9b8a0d10 [2026-09-14T10:24:57.509137] Expanding "src/gen/raven.hr.LeaveBalances.hdbtable"... (STDOUT, APP/TASK/deploy)#
#2026 09 14 10:25:03.310#Z#DEBUG#16b25dd8-b026-11f1-940d-eeee0a931608.capm-service-db-deployer#flowable-async-job-executor-thread-1256#
[PollExecuteTaskStatusExecution] 070d8486-d915-4207-813d-4e7e9b8a0d10 [2026-09-14T10:24:57.509192] Expanding "src/gen/raven.hr.Departments.hdbtable"... ok (0s 18ms) (STDOUT, APP/TASK/deploy)#
#2026 09 14 10:25:03.310#Z#DEBUG#16b25dd8-b026-11f1-940d-eeee0a931608.capm-service-db-deployer#flowable-async-job-executor-thread-1256#
[PollExecuteTaskStatusExecution] 070d8486-d915-4207-813d-4e7e9b8a0d10 [2026-09-14T10:24:57.509239] Expanding "src/gen/raven.hr.LeaveRequestAttachments.hdbtable"... (STDOUT, APP/TASK/deploy)#
#2026 09 14 10:25:03.310#Z#DEBUG#16b25dd8-b026-11f1-940d-eeee0a931608.capm-service-db-deployer#flowable-async-job-executor-thread-1256#
[PollExecuteTaskStatusExecution] 070d8486-d915-4207-813d-4e7e9b8a0d10 [2026-09-14T10:24:57.509292] Expanding "src/gen/HRService.LeaveRequestOverview.hdbview"... ok (0s 25ms) (STDOUT, APP/TASK/deploy)#
#2026 09 14 10:25:03.310#Z#DEBUG#16b25dd8-b026-11f1-940d-eeee0a931608.capm-service-db-deployer#flowable-async-job-executor-thread-1256#
[PollExecuteTaskStatusExecution] 070d8486-d915-4207-813d-4e7e9b8a0d10 [2026-09-14T10:24:57.509341] Expanding "src/gen/raven.hr.LeaveRequestOverview.hdbview"... (STDOUT, APP/TASK/deploy)#
#2026 09 14 10:25:03.310#Z#DEBUG#16b25dd8-b026-11f1-940d-eeee0a931608.capm-service-db-deployer#flowable-async-job-executor-thread-1256#
[PollExecuteTaskStatusExecution] 070d8486-d915-4207-813d-4e7e9b8a0d10 [2026-09-14T10:24:57.509392] Expanding "src/gen/raven.hr.LeaveBalances.hdbtable"... ok (0s 16ms) (STDOUT, APP/TASK/deploy)#
#2026 09 14 10:25:03.310#Z#DEBUG#16b25dd8-b026-11f1-940d-eeee0a931608.capm-service-db-deployer#flowable-async-job-executor-thread-1256#
[PollExecuteTaskStatusExecution] 070d8486-d915-4207-813d-4e7e9b8a0d10 [2026-09-14T10:24:57.509447] Expanding "src/gen/raven.hr.LeaveRequests.hdbtable"... (STDOUT, APP/TASK/deploy)#
#2026 09 14 10:25:03.310#Z#DEBUG#16b25dd8-b026-11f1-940d-eeee0a931608.capm-service-db-deployer#flowable-async-job-executor-thread-1256#
[PollExecuteTaskStatusExecution] 070d8486-d915-4207-813d-4e7e9b8a0d10 [2026-09-14T10:24:57.509508] Expanding "src/gen/raven.hr.Employees.hdbtable"... ok (0s 19ms) (STDOUT, APP/TASK/deploy)#
#2026 09 14 10:25:03.310#Z#DEBUG#16b25dd8-b026-11f1-940d-eeee0a931608.capm-service-db-deployer#flowable-async-job-executor-thread-1256#
[PollExecuteTaskStatusExecution] 070d8486-d915-4207-813d-4e7e9b8a0d10 [2026-09-14T10:24:57.509551] Expanding "src/gen/raven.hr.LeaveTypes.hdbtable"... (STDOUT, APP/TASK/deploy)#
#2026 09 14 10:25:03.310#Z#DEBUG#16b25dd8-b026-11f1-940d-eeee0a931608.capm-service-db-deployer#flowable-async-job-executor-thread-1256#
[PollExecuteTaskStatusExecution] 070d8486-d915-4207-813d-4e7e9b8a0d10 [2026-09-14T10:24:57.509606] Expanding "src/gen/raven.hr.LeaveRequests.hdbtable"... ok (0s 7ms) (STDOUT, APP/TASK/deploy)#
#2026 09 14 10:25:03.310#Z#DEBUG#16b25dd8-b026-11f1-940d-eeee0a931608.capm-service-db-deployer#flowable-async-job-executor-thread-1256#
[PollExecuteTaskStatusExecution] 070d8486-d915-4207-813d-4e7e9b8a0d10 [2026-09-14T10:24:57.509654] Expanding "src/gen/raven.hr.LeaveRequestAttachments.hdbtable"... ok (0s 8ms) (STDOUT, APP/TASK/deploy)#
#2026 09 14 10:25:03.310#Z#DEBUG#16b25dd8-b026-11f1-940d-eeee0a931608.capm-service-db-deployer#flowable-async-job-executor-thread-1256#
[PollExecuteTaskStatusExecution] 070d8486-d915-4207-813d-4e7e9b8a0d10 [2026-09-14T10:24:57.509708] Expanding "src/gen/raven.hr.LeaveRequestOverview.hdbview"... ok (0s 8ms) (STDOUT, APP/TASK/deploy)#
#2026 09 14 10:25:03.310#Z#DEBUG#16b25dd8-b026-11f1-940d-eeee0a931608.capm-service-db-deployer#flowable-async-job-executor-thread-1256#
[PollExecuteTaskStatusExecution] 070d8486-d915-4207-813d-4e7e9b8a0d10 [2026-09-14T10:24:57.509750] Expanding "src/gen/raven.hr.LeaveTypes.hdbtable"... ok (0s 8ms) (STDOUT, APP/TASK/deploy)#
#2026 09 14 10:25:03.310#Z#DEBUG#16b25dd8-b026-11f1-940d-eeee0a931608.capm-service-db-deployer#flowable-async-job-executor-thread-1256#
[PollExecuteTaskStatusExecution] 070d8486-d915-4207-813d-4e7e9b8a0d10 [2026-09-14T10:24:57.509805] Expanding... ok (0s 76ms) (STDOUT, APP/TASK/deploy)#
#2026 09 14 10:25:03.310#Z#DEBUG#16b25dd8-b026-11f1-940d-eeee0a931608.capm-service-db-deployer#flowable-async-job-executor-thread-1256#
[PollExecuteTaskStatusExecution] 070d8486-d915-4207-813d-4e7e9b8a0d10 [2026-09-14T10:24:57.509850] Precompiling... (STDOUT, APP/TASK/deploy)#
#2026 09 14 10:25:03.310#Z#DEBUG#16b25dd8-b026-11f1-940d-eeee0a931608.capm-service-db-deployer#flowable-async-job-executor-thread-1256#
[PollExecuteTaskStatusExecution] 070d8486-d915-4207-813d-4e7e9b8a0d10 [2026-09-14T10:24:57.596536] Precompiling "src/gen/HRService.LeaveRequestOverview.hdbview"... (STDOUT, APP/TASK/deploy)#
#2026 09 14 10:25:03.310#Z#DEBUG#16b25dd8-b026-11f1-940d-eeee0a931608.capm-service-db-deployer#flowable-async-job-executor-thread-1256#
[PollExecuteTaskStatusExecution] 070d8486-d915-4207-813d-4e7e9b8a0d10 [2026-09-14T10:24:57.596668] Precompiling "src/gen/data/raven.hr-Departments.csv"... (STDOUT, APP/TASK/deploy)#
#2026 09 14 10:25:03.310#Z#DEBUG#16b25dd8-b026-11f1-940d-eeee0a931608.capm-service-db-deployer#flowable-async-job-executor-thread-1256#
[PollExecuteTaskStatusExecution] 070d8486-d915-4207-813d-4e7e9b8a0d10 [2026-09-14T10:24:57.596736] Precompiling "src/gen/data/raven.hr-Departments.hdbtabledata"... (STDOUT, APP/TASK/deploy)#
#2026 09 14 10:25:03.310#Z#DEBUG#16b25dd8-b026-11f1-940d-eeee0a931608.capm-service-db-deployer#flowable-async-job-executor-thread-1256#
[PollExecuteTaskStatusExecution] 070d8486-d915-4207-813d-4e7e9b8a0d10 [2026-09-14T10:24:57.596828] Precompiling "src/gen/data/raven.hr-Departments.hdbtabledata"... ok (0s 0ms) (STDOUT, APP/TASK/deploy)#
#2026 09 14 10:25:03.310#Z#DEBUG#16b25dd8-b026-11f1-940d-eeee0a931608.capm-service-db-deployer#flowable-async-job-executor-thread-1256#
[PollExecuteTaskStatusExecution] 070d8486-d915-4207-813d-4e7e9b8a0d10 [2026-09-14T10:24:57.596870] Precompiling "src/gen/data/raven.hr-Departments.hdbtabledata$0.expand"... (STDOUT, APP/TASK/deploy)#
#2026 09 14 10:25:03.310#Z#DEBUG#16b25dd8-b026-11f1-940d-eeee0a931608.capm-service-db-deployer#flowable-async-job-executor-thread-1256#
[PollExecuteTaskStatusExecution] 070d8486-d915-4207-813d-4e7e9b8a0d10 [2026-09-14T10:24:57.596920] Expanded from "src/gen/data/raven.hr-Departments.hdbtabledata" (STDOUT, APP/TASK/deploy)#
#2026 09 14 10:25:03.310#Z#DEBUG#16b25dd8-b026-11f1-940d-eeee0a931608.capm-service-db-deployer#flowable-async-job-executor-thread-1256#
[PollExecuteTaskStatusExecution] 070d8486-d915-4207-813d-4e7e9b8a0d10 [2026-09-14T10:24:57.596966] Precompiling "src/gen/data/raven.hr-Departments.hdbtabledata$0.expand"... ok (0s 1ms) (STDOUT, APP/TASK/deploy)#
#2026 09 14 10:25:03.310#Z#DEBUG#16b25dd8-b026-11f1-940d-eeee0a931608.capm-service-db-deployer#flowable-async-job-executor-thread-1256#
[PollExecuteTaskStatusExecution] 070d8486-d915-4207-813d-4e7e9b8a0d10 [2026-09-14T10:24:57.597007] Precompiling "src/gen/data/raven.hr-Employees.csv"... (STDOUT, APP/TASK/deploy)#
#2026 09 14 10:25:03.310#Z#DEBUG#16b25dd8-b026-11f1-940d-eeee0a931608.capm-service-db-deployer#flowable-async-job-executor-thread-1256#
[PollExecuteTaskStatusExecution] 070d8486-d915-4207-813d-4e7e9b8a0d10 [2026-09-14T10:24:57.597041] Precompiling "src/gen/data/raven.hr-Employees.hdbtabledata"... (STDOUT, APP/TASK/deploy)#
#2026 09 14 10:25:03.310#Z#DEBUG#16b25dd8-b026-11f1-940d-eeee0a931608.capm-service-db-deployer#flowable-async-job-executor-thread-1256#
[PollExecuteTaskStatusExecution] 070d8486-d915-4207-813d-4e7e9b8a0d10 [2026-09-14T10:24:57.597093] Precompiling "src/gen/data/raven.hr-Employees.hdbtabledata"... ok (0s 0ms) (STDOUT, APP/TASK/deploy)#
#2026 09 14 10:25:03.310#Z#DEBUG#16b25dd8-b026-11f1-940d-eeee0a931608.capm-service-db-deployer#flowable-async-job-executor-thread-1256#
[PollExecuteTaskStatusExecution] 070d8486-d915-4207-813d-4e7e9b8a0d10 [2026-09-14T10:24:57.597133] Precompiling "src/gen/data/raven.hr-Employees.hdbtabledata$0.expand"... (STDOUT, APP/TASK/deploy)#
#2026 09 14 10:25:03.310#Z#DEBUG#16b25dd8-b026-11f1-940d-eeee0a931608.capm-service-db-deployer#flowable-async-job-executor-thread-1256#
[PollExecuteTaskStatusExecution] 070d8486-d915-4207-813d-4e7e9b8a0d10 [2026-09-14T10:24:57.597171] Expanded from "src/gen/data/raven.hr-Employees.hdbtabledata" (STDOUT, APP/TASK/deploy)#
#2026 09 14 10:25:03.310#Z#DEBUG#16b25dd8-b026-11f1-940d-eeee0a931608.capm-service-db-deployer#flowable-async-job-executor-thread-1256#
[PollExecuteTaskStatusExecution] 070d8486-d915-4207-813d-4e7e9b8a0d10 [2026-09-14T10:24:57.597209] Precompiling "src/gen/data/raven.hr-Departments.csv"... ok (0s 4ms) (STDOUT, APP/TASK/deploy)#
#2026 09 14 10:25:03.310#Z#DEBUG#16b25dd8-b026-11f1-940d-eeee0a931608.capm-service-db-deployer#flowable-async-job-executor-thread-1256#
[PollExecuteTaskStatusExecution] 070d8486-d915-4207-813d-4e7e9b8a0d10 [2026-09-14T10:24:57.597246] Precompiling "src/gen/data/raven.hr-LeaveBalances.csv"... (STDOUT, APP/TASK/deploy)#
#2026 09 14 10:25:03.310#Z#DEBUG#16b25dd8-b026-11f1-940d-eeee0a931608.capm-service-db-deployer#flowable-async-job-executor-thread-1256#
[PollExecuteTaskStatusExecution] 070d8486-d915-4207-813d-4e7e9b8a0d10 [2026-09-14T10:24:57.597280] Precompiling "src/gen/data/raven.hr-Employees.hdbtabledata$0.expand"... ok (0s 2ms) (STDOUT, APP/TASK/deploy)#
#2026 09 14 10:25:03.310#Z#DEBUG#16b25dd8-b026-11f1-940d-eeee0a931608.capm-service-db-deployer#flowable-async-job-executor-thread-1256#
[PollExecuteTaskStatusExecution] 070d8486-d915-4207-813d-4e7e9b8a0d10 [2026-09-14T10:24:57.597321] Precompiling "src/gen/data/raven.hr-LeaveBalances.hdbtabledata"... (STDOUT, APP/TASK/deploy)#
#2026 09 14 10:25:03.310#Z#DEBUG#16b25dd8-b026-11f1-940d-eeee0a931608.capm-service-db-deployer#flowable-async-job-executor-thread-1256#
[PollExecuteTaskStatusExecution] 070d8486-d915-4207-813d-4e7e9b8a0d10 [2026-09-14T10:24:57.597360] Precompiling "src/gen/data/raven.hr-LeaveBalances.hdbtabledata"... ok (0s 0ms) (STDOUT, APP/TASK/deploy)#
#2026 09 14 10:25:03.310#Z#DEBUG#16b25dd8-b026-11f1-940d-eeee0a931608.capm-service-db-deployer#flowable-async-job-executor-thread-1256#
[PollExecuteTaskStatusExecution] 070d8486-d915-4207-813d-4e7e9b8a0d10 [2026-09-14T10:24:57.597412] Precompiling "src/gen/data/raven.hr-LeaveBalances.csv"... ok (0s 2ms) (STDOUT, APP/TASK/deploy)#
#2026 09 14 10:25:03.310#Z#DEBUG#16b25dd8-b026-11f1-940d-eeee0a931608.capm-service-db-deployer#flowable-async-job-executor-thread-1256#
[PollExecuteTaskStatusExecution] 070d8486-d915-4207-813d-4e7e9b8a0d10 [2026-09-14T10:24:57.597466] Precompiling "src/gen/data/raven.hr-LeaveBalances.hdbtabledata$0.expand"... (STDOUT, APP/TASK/deploy)#
#2026 09 14 10:25:03.310#Z#DEBUG#16b25dd8-b026-11f1-940d-eeee0a931608.capm-service-db-deployer#flowable-async-job-executor-thread-1256#
[PollExecuteTaskStatusExecution] 070d8486-d915-4207-813d-4e7e9b8a0d10 [2026-09-14T10:24:57.597505] Expanded from "src/gen/data/raven.hr-LeaveBalances.hdbtabledata" (STDOUT, APP/TASK/deploy)#
#2026 09 14 10:25:03.310#Z#DEBUG#16b25dd8-b026-11f1-940d-eeee0a931608.capm-service-db-deployer#flowable-async-job-executor-thread-1256#
[PollExecuteTaskStatusExecution] 070d8486-d915-4207-813d-4e7e9b8a0d10 [2026-09-14T10:24:57.597542] Precompiling "src/gen/data/raven.hr-LeaveRequests.csv"... (STDOUT, APP/TASK/deploy)#
#2026 09 14 10:25:03.310#Z#DEBUG#16b25dd8-b026-11f1-940d-eeee0a931608.capm-service-db-deployer#flowable-async-job-executor-thread-1256#
[PollExecuteTaskStatusExecution] 070d8486-d915-4207-813d-4e7e9b8a0d10 [2026-09-14T10:24:57.597581] Precompiling "src/gen/data/raven.hr-Employees.csv"... ok (0s 4ms) (STDOUT, APP/TASK/deploy)#
#2026 09 14 10:25:03.310#Z#DEBUG#16b25dd8-b026-11f1-940d-eeee0a931608.capm-service-db-deployer#flowable-async-job-executor-thread-1256#
[PollExecuteTaskStatusExecution] 070d8486-d915-4207-813d-4e7e9b8a0d10 [2026-09-14T10:24:57.597619] Precompiling "src/gen/data/raven.hr-LeaveRequests.hdbtabledata"... (STDOUT, APP/TASK/deploy)#
#2026 09 14 10:25:03.310#Z#DEBUG#16b25dd8-b026-11f1-940d-eeee0a931608.capm-service-db-deployer#flowable-async-job-executor-thread-1256#
[PollExecuteTaskStatusExecution] 070d8486-d915-4207-813d-4e7e9b8a0d10 [2026-09-14T10:24:57.597658] Precompiling "src/gen/data/raven.hr-LeaveRequests.hdbtabledata"... ok (0s 0ms) (STDOUT, APP/TASK/deploy)#
#2026 09 14 10:25:03.310#Z#DEBUG#16b25dd8-b026-11f1-940d-eeee0a931608.capm-service-db-deployer#flowable-async-job-executor-thread-1256#
[PollExecuteTaskStatusExecution] 070d8486-d915-4207-813d-4e7e9b8a0d10 [2026-09-14T10:24:57.597702] Precompiling "src/gen/data/raven.hr-LeaveRequests.hdbtabledata$0.expand"... (STDOUT, APP/TASK/deploy)#
#2026 09 14 10:25:03.310#Z#DEBUG#16b25dd8-b026-11f1-940d-eeee0a931608.capm-service-db-deployer#flowable-async-job-executor-thread-1256#
[PollExecuteTaskStatusExecution] 070d8486-d915-4207-813d-4e7e9b8a0d10 [2026-09-14T10:24:57.598880] Expanded from "src/gen/data/raven.hr-LeaveRequests.hdbtabledata" (STDOUT, APP/TASK/deploy)#
#2026 09 14 10:25:03.310#Z#DEBUG#16b25dd8-b026-11f1-940d-eeee0a931608.capm-service-db-deployer#flowable-async-job-executor-thread-1256#
[PollExecuteTaskStatusExecution] 070d8486-d915-4207-813d-4e7e9b8a0d10 [2026-09-14T10:24:57.599089] Precompiling "src/gen/data/raven.hr-LeaveRequests.csv"... ok (0s 2ms) (STDOUT, APP/TASK/deploy)#
#2026 09 14 10:25:03.310#Z#DEBUG#16b25dd8-b026-11f1-940d-eeee0a931608.capm-service-db-deployer#flowable-async-job-executor-thread-1256#
[PollExecuteTaskStatusExecution] 070d8486-d915-4207-813d-4e7e9b8a0d10 [2026-09-14T10:24:57.599162] Precompiling "src/gen/data/raven.hr-LeaveTypes.csv"... (STDOUT, APP/TASK/deploy)#
#2026 09 14 10:25:03.310#Z#DEBUG#16b25dd8-b026-11f1-940d-eeee0a931608.capm-service-db-deployer#flowable-async-job-executor-thread-1256#
[PollExecuteTaskStatusExecution] 070d8486-d915-4207-813d-4e7e9b8a0d10 [2026-09-14T10:24:57.599202] Precompiling "src/gen/data/raven.hr-LeaveBalances.hdbtabledata$0.expand"... ok (0s 3ms) (STDOUT, APP/TASK/deploy)#
#2026 09 14 10:25:03.310#Z#DEBUG#16b25dd8-b026-11f1-940d-eeee0a931608.capm-service-db-deployer#flowable-async-job-executor-thread-1256#
[PollExecuteTaskStatusExecution] 070d8486-d915-4207-813d-4e7e9b8a0d10 [2026-09-14T10:24:57.599301] Precompiling "src/gen/data/raven.hr-LeaveTypes.hdbtabledata"... (STDOUT, APP/TASK/deploy)#
#2026 09 14 10:25:03.310#Z#DEBUG#16b25dd8-b026-11f1-940d-eeee0a931608.capm-service-db-deployer#flowable-async-job-executor-thread-1256#
[PollExecuteTaskStatusExecution] 070d8486-d915-4207-813d-4e7e9b8a0d10 [2026-09-14T10:24:57.599367] Precompiling "src/gen/data/raven.hr-LeaveTypes.hdbtabledata"... ok (0s 0ms) (STDOUT, APP/TASK/deploy)#
#2026 09 14 10:25:03.310#Z#DEBUG#16b25dd8-b026-11f1-940d-eeee0a931608.capm-service-db-deployer#flowable-async-job-executor-thread-1256#
[PollExecuteTaskStatusExecution] 070d8486-d915-4207-813d-4e7e9b8a0d10 [2026-09-14T10:24:57.599409] Precompiling "src/gen/data/raven.hr-LeaveTypes.hdbtabledata$0.expand"... (STDOUT, APP/TASK/deploy)#
#2026 09 14 10:25:03.310#Z#DEBUG#16b25dd8-b026-11f1-940d-eeee0a931608.capm-service-db-deployer#flowable-async-job-executor-thread-1256#
[PollExecuteTaskStatusExecution] 070d8486-d915-4207-813d-4e7e9b8a0d10 [2026-09-14T10:24:57.599444] Expanded from "src/gen/data/raven.hr-LeaveTypes.hdbtabledata" (STDOUT, APP/TASK/deploy)#
#2026 09 14 10:25:03.310#Z#DEBUG#16b25dd8-b026-11f1-940d-eeee0a931608.capm-service-db-deployer#flowable-async-job-executor-thread-1256#
[PollExecuteTaskStatusExecution] 070d8486-d915-4207-813d-4e7e9b8a0d10 [2026-09-14T10:24:57.599499] Precompiling "src/gen/data/raven.hr-LeaveTypes.csv"... ok (0s 1ms) (STDOUT, APP/TASK/deploy)#
#2026 09 14 10:25:03.310#Z#DEBUG#16b25dd8-b026-11f1-940d-eeee0a931608.capm-service-db-deployer#flowable-async-job-executor-thread-1256#
[PollExecuteTaskStatusExecution] 070d8486-d915-4207-813d-4e7e9b8a0d10 [2026-09-14T10:24:57.599538] Precompiling "src/gen/raven.hr.Departments.hdbtable"... (STDOUT, APP/TASK/deploy)#
#2026 09 14 10:25:03.310#Z#DEBUG#16b25dd8-b026-11f1-940d-eeee0a931608.capm-service-db-deployer#flowable-async-job-executor-thread-1256#
[PollExecuteTaskStatusExecution] 070d8486-d915-4207-813d-4e7e9b8a0d10 [2026-09-14T10:24:57.599576] Precompiling "src/gen/data/raven.hr-LeaveRequests.hdbtabledata$0.expand"... ok (0s 3ms) (STDOUT, APP/TASK/deploy)#
#2026 09 14 10:25:03.310#Z#DEBUG#16b25dd8-b026-11f1-940d-eeee0a931608.capm-service-db-deployer#flowable-async-job-executor-thread-1256#
[PollExecuteTaskStatusExecution] 070d8486-d915-4207-813d-4e7e9b8a0d10 [2026-09-14T10:24:57.599611] Precompiling "src/gen/raven.hr.Employees.hdbtable"... (STDOUT, APP/TASK/deploy)#
#2026 09 14 10:25:03.310#Z#DEBUG#16b25dd8-b026-11f1-940d-eeee0a931608.capm-service-db-deployer#flowable-async-job-executor-thread-1256#
[PollExecuteTaskStatusExecution] 070d8486-d915-4207-813d-4e7e9b8a0d10 [2026-09-14T10:24:57.599647] Precompiling "src/gen/data/raven.hr-LeaveTypes.hdbtabledata$0.expand"... ok (0s 1ms) (STDOUT, APP/TASK/deploy)#
#2026 09 14 10:25:03.310#Z#DEBUG#16b25dd8-b026-11f1-940d-eeee0a931608.capm-service-db-deployer#flowable-async-job-executor-thread-1256#
[PollExecuteTaskStatusExecution] 070d8486-d915-4207-813d-4e7e9b8a0d10 [2026-09-14T10:24:57.599689] Precompiling "src/gen/raven.hr.LeaveBalances.hdbtable"... (STDOUT, APP/TASK/deploy)#
#2026 09 14 10:25:03.310#Z#DEBUG#16b25dd8-b026-11f1-940d-eeee0a931608.capm-service-db-deployer#flowable-async-job-executor-thread-1256#
[PollExecuteTaskStatusExecution] 070d8486-d915-4207-813d-4e7e9b8a0d10 [2026-09-14T10:24:57.599728] Precompiling "src/gen/HRService.LeaveRequestOverview.hdbview"... ok (0s 14ms) (STDOUT, APP/TASK/deploy)#
#2026 09 14 10:25:03.310#Z#DEBUG#16b25dd8-b026-11f1-940d-eeee0a931608.capm-service-db-deployer#flowable-async-job-executor-thread-1256#
[PollExecuteTaskStatusExecution] 070d8486-d915-4207-813d-4e7e9b8a0d10 [2026-09-14T10:24:57.599766] Precompiling "src/gen/raven.hr.LeaveRequestAttachments.hdbtable"... (STDOUT, APP/TASK/deploy)#
#2026 09 14 10:25:03.310#Z#DEBUG#16b25dd8-b026-11f1-940d-eeee0a931608.capm-service-db-deployer#flowable-async-job-executor-thread-1256#
[PollExecuteTaskStatusExecution] 070d8486-d915-4207-813d-4e7e9b8a0d10 [2026-09-14T10:24:57.599805] Precompiling "src/gen/raven.hr.Employees.hdbtable"... ok (0s 9ms) (STDOUT, APP/TASK/deploy)#
#2026 09 14 10:25:03.310#Z#DEBUG#16b25dd8-b026-11f1-940d-eeee0a931608.capm-service-db-deployer#flowable-async-job-executor-thread-1256#
[PollExecuteTaskStatusExecution] 070d8486-d915-4207-813d-4e7e9b8a0d10 [2026-09-14T10:24:57.599841] Precompiling "src/gen/raven.hr.Departments.hdbtable"... ok (0s 10ms) (STDOUT, APP/TASK/deploy)#
#2026 09 14 10:25:03.310#Z#DEBUG#16b25dd8-b026-11f1-940d-eeee0a931608.capm-service-db-deployer#flowable-async-job-executor-thread-1256#
[PollExecuteTaskStatusExecution] 070d8486-d915-4207-813d-4e7e9b8a0d10 [2026-09-14T10:24:57.599883] Precompiling "src/gen/raven.hr.LeaveRequestOverview.hdbview"... (STDOUT, APP/TASK/deploy)#
#2026 09 14 10:25:03.310#Z#DEBUG#16b25dd8-b026-11f1-940d-eeee0a931608.capm-service-db-deployer#flowable-async-job-executor-thread-1256#
[PollExecuteTaskStatusExecution] 070d8486-d915-4207-813d-4e7e9b8a0d10 [2026-09-14T10:24:57.599933] Precompiling "src/gen/raven.hr.LeaveRequests.hdbtable"... (STDOUT, APP/TASK/deploy)#
#2026 09 14 10:25:03.310#Z#DEBUG#16b25dd8-b026-11f1-940d-eeee0a931608.capm-service-db-deployer#flowable-async-job-executor-thread-1256#
[PollExecuteTaskStatusExecution] 070d8486-d915-4207-813d-4e7e9b8a0d10 [2026-09-14T10:24:57.599973] Precompiling "src/gen/raven.hr.LeaveRequestAttachments.hdbtable"... ok (0s 9ms) (STDOUT, APP/TASK/deploy)#
#2026 09 14 10:25:03.310#Z#DEBUG#16b25dd8-b026-11f1-940d-eeee0a931608.capm-service-db-deployer#flowable-async-job-executor-thread-1256#
[PollExecuteTaskStatusExecution] 070d8486-d915-4207-813d-4e7e9b8a0d10 [2026-09-14T10:24:57.600013] Precompiling "src/gen/raven.hr.LeaveTypes.hdbtable"... (STDOUT, APP/TASK/deploy)#
#2026 09 14 10:25:03.310#Z#DEBUG#16b25dd8-b026-11f1-940d-eeee0a931608.capm-service-db-deployer#flowable-async-job-executor-thread-1256#
[PollExecuteTaskStatusExecution] 070d8486-d915-4207-813d-4e7e9b8a0d10 [2026-09-14T10:24:57.600052] Precompiling "src/gen/raven.hr.LeaveBalances.hdbtable"... ok (0s 15ms) (STDOUT, APP/TASK/deploy)#
#2026 09 14 10:25:03.310#Z#DEBUG#16b25dd8-b026-11f1-940d-eeee0a931608.capm-service-db-deployer#flowable-async-job-executor-thread-1256#
[PollExecuteTaskStatusExecution] 070d8486-d915-4207-813d-4e7e9b8a0d10 [2026-09-14T10:24:57.600093] Precompiling "src/leaveRequestNumber.hdbsequence"... (STDOUT, APP/TASK/deploy)#
#2026 09 14 10:25:03.310#Z#DEBUG#16b25dd8-b026-11f1-940d-eeee0a931608.capm-service-db-deployer#flowable-async-job-executor-thread-1256#
[PollExecuteTaskStatusExecution] 070d8486-d915-4207-813d-4e7e9b8a0d10 [2026-09-14T10:24:57.600226] Precompiling "src/gen/raven.hr.LeaveRequests.hdbtable"... ok (0s 9ms) (STDOUT, APP/TASK/deploy)#
#2026 09 14 10:25:03.310#Z#DEBUG#16b25dd8-b026-11f1-940d-eeee0a931608.capm-service-db-deployer#flowable-async-job-executor-thread-1256#
[PollExecuteTaskStatusExecution] 070d8486-d915-4207-813d-4e7e9b8a0d10 [2026-09-14T10:24:57.600328] Precompiling "src/recalcLeaveBalance.hdbprocedure"... (STDOUT, APP/TASK/deploy)#
#2026 09 14 10:25:03.310#Z#DEBUG#16b25dd8-b026-11f1-940d-eeee0a931608.capm-service-db-deployer#flowable-async-job-executor-thread-1256#
[PollExecuteTaskStatusExecution] 070d8486-d915-4207-813d-4e7e9b8a0d10 [2026-09-14T10:24:57.600424] Precompiling "src/gen/raven.hr.LeaveRequestOverview.hdbview"... ok (0s 11ms) (STDOUT, APP/TASK/deploy)#
#2026 09 14 10:25:03.310#Z#DEBUG#16b25dd8-b026-11f1-940d-eeee0a931608.capm-service-db-deployer#flowable-async-job-executor-thread-1256#
[PollExecuteTaskStatusExecution] 070d8486-d915-4207-813d-4e7e9b8a0d10 [2026-09-14T10:24:57.600534] Precompiling "src/gen/raven.hr.LeaveTypes.hdbtable"... ok (0s 8ms) (STDOUT, APP/TASK/deploy)#
#2026 09 14 10:25:03.310#Z#DEBUG#16b25dd8-b026-11f1-940d-eeee0a931608.capm-service-db-deployer#flowable-async-job-executor-thread-1256#
[PollExecuteTaskStatusExecution] 070d8486-d915-4207-813d-4e7e9b8a0d10 [2026-09-14T10:24:57.601160] Error: com.sap.hana.di.sequence: Syntax error: "incorrect syntax near ":"" [8250009] (STDERR, APP/TASK/deploy)#
#2026 09 14 10:25:03.310#Z#DEBUG#16b25dd8-b026-11f1-940d-eeee0a931608.capm-service-db-deployer#flowable-async-job-executor-thread-1256#
[PollExecuteTaskStatusExecution] 070d8486-d915-4207-813d-4e7e9b8a0d10 [2026-09-14T10:24:57.601238] at "src/leaveRequestNumber.hdbsequence" (1:7) (STDOUT, APP/TASK/deploy)#
#2026 09 14 10:25:03.310#Z#DEBUG#16b25dd8-b026-11f1-940d-eeee0a931608.capm-service-db-deployer#flowable-async-job-executor-thread-1256#
[PollExecuteTaskStatusExecution] 070d8486-d915-4207-813d-4e7e9b8a0d10 [2026-09-14T10:24:57.601358] Precompiling "src/recalcLeaveBalance.hdbprocedure"... ok (0s 7ms) (STDOUT, APP/TASK/deploy)#
#2026 09 14 10:25:03.310#Z#DEBUG#16b25dd8-b026-11f1-940d-eeee0a931608.capm-service-db-deployer#flowable-async-job-executor-thread-1256#
[PollExecuteTaskStatusExecution] 070d8486-d915-4207-813d-4e7e9b8a0d10 [2026-09-14T10:24:57.601541] Error: Precompiling... failed [8212133] (STDERR, APP/TASK/deploy)#
#2026 09 14 10:25:03.310#Z#DEBUG#16b25dd8-b026-11f1-940d-eeee0a931608.capm-service-db-deployer#flowable-async-job-executor-thread-1256#
[PollExecuteTaskStatusExecution] 070d8486-d915-4207-813d-4e7e9b8a0d10 [2026-09-14T10:24:57.601554] Error: Calculating dependencies... failed [8212108] (STDERR, APP/TASK/deploy)#
#2026 09 14 10:25:03.310#Z#DEBUG#16b25dd8-b026-11f1-940d-eeee0a931608.capm-service-db-deployer#flowable-async-job-executor-thread-1256#
[PollExecuteTaskStatusExecution] 070d8486-d915-4207-813d-4e7e9b8a0d10 [2026-09-14T10:24:57.601593] Make failed (5 errors, 0 warnings): tried to deploy 22 files, undeploy 0 files, redeploy 0 dependent files (STDOUT, APP/TASK/deploy)#
#2026 09 14 10:25:03.310#Z#DEBUG#16b25dd8-b026-11f1-940d-eeee0a931608.capm-service-db-deployer#flowable-async-job-executor-thread-1256#
[PollExecuteTaskStatusExecution] 070d8486-d915-4207-813d-4e7e9b8a0d10 [2026-09-14T10:24:57.601672] Error: Making... failed [8211605] (STDERR, APP/TASK/deploy)#
#2026 09 14 10:25:03.310#Z#DEBUG#16b25dd8-b026-11f1-940d-eeee0a931608.capm-service-db-deployer#flowable-async-job-executor-thread-1256#
[PollExecuteTaskStatusExecution] 070d8486-d915-4207-813d-4e7e9b8a0d10 [2026-09-14T10:24:57.601694] Error: Starting make in the container "6A5478B8D26E43D8A56BA48D201A9E69" with 22 files to deploy, 0 files to undeploy... failed [8214168] (STDERR, APP/TASK/deploy)#
#2026 09 14 10:25:03.310#Z#DEBUG#16b25dd8-b026-11f1-940d-eeee0a931608.capm-service-db-deployer#flowable-async-job-executor-thread-1256#
[PollExecuteTaskStatusExecution] 070d8486-d915-4207-813d-4e7e9b8a0d10 [2026-09-14T10:24:57.602307] Deployment to container 6A5478B8D26E43D8A56BA48D201A9E69 failed - error: HDI make failed [Deployment ID: none]. (STDERR, APP/TASK/deploy)#
#2026 09 14 10:25:03.310#Z#DEBUG#16b25dd8-b026-11f1-940d-eeee0a931608.capm-service-db-deployer#flowable-async-job-executor-thread-1256#
[PollExecuteTaskStatusExecution] 070d8486-d915-4207-813d-4e7e9b8a0d10 [2026-09-14T10:24:57.603516] Deployment ended at 2026-09-14 10:24:57 (STDOUT, APP/TASK/deploy)#
#2026 09 14 10:25:03.310#Z#DEBUG#16b25dd8-b026-11f1-940d-eeee0a931608.capm-service-db-deployer#flowable-async-job-executor-thread-1256#
[PollExecuteTaskStatusExecution] 070d8486-d915-4207-813d-4e7e9b8a0d10 [2026-09-14T10:24:57.603598] Error: HDI make failed (STDERR, APP/TASK/deploy)#
#2026 09 14 10:25:03.310#Z#DEBUG#16b25dd8-b026-11f1-940d-eeee0a931608.capm-service-db-deployer#flowable-async-job-executor-thread-1256#
[PollExecuteTaskStatusExecution] 070d8486-d915-4207-813d-4e7e9b8a0d10 [2026-09-14T10:24:57.606352] (6s 550ms) (STDOUT, APP/TASK/deploy)#
#2026 09 14 10:25:03.310#Z#DEBUG#16b25dd8-b026-11f1-940d-eeee0a931608.capm-service-db-deployer#flowable-async-job-executor-thread-1256#
[PollExecuteTaskStatusExecution] 070d8486-d915-4207-813d-4e7e9b8a0d10 [2026-09-14T10:24:57.628588] npm notice (STDERR, APP/TASK/deploy)#
#2026 09 14 10:25:03.310#Z#DEBUG#16b25dd8-b026-11f1-940d-eeee0a931608.capm-service-db-deployer#flowable-async-job-executor-thread-1256#
[PollExecuteTaskStatusExecution] 070d8486-d915-4207-813d-4e7e9b8a0d10 [2026-09-14T10:24:57.628602] npm notice New major version of npm available! 11.16.0 -> 12.0.2 (STDERR, APP/TASK/deploy)#
#2026 09 14 10:25:03.310#Z#DEBUG#16b25dd8-b026-11f1-940d-eeee0a931608.capm-service-db-deployer#flowable-async-job-executor-thread-1256#
[PollExecuteTaskStatusExecution] 070d8486-d915-4207-813d-4e7e9b8a0d10 [2026-09-14T10:24:57.628606] npm notice Changelog: https://github.com/npm/cli/releases/tag/v12.0.2 (STDERR, APP/TASK/deploy)#
#2026 09 14 10:25:03.310#Z#DEBUG#16b25dd8-b026-11f1-940d-eeee0a931608.capm-service-db-deployer#flowable-async-job-executor-thread-1256#
[PollExecuteTaskStatusExecution] 070d8486-d915-4207-813d-4e7e9b8a0d10 [2026-09-14T10:24:57.628609] npm notice To update run: npm install -g npm@12.0.2 (STDERR, APP/TASK/deploy)#
#2026 09 14 10:25:03.310#Z#DEBUG#16b25dd8-b026-11f1-940d-eeee0a931608.capm-service-db-deployer#flowable-async-job-executor-thread-1256#
[PollExecuteTaskStatusExecution] 070d8486-d915-4207-813d-4e7e9b8a0d10 [2026-09-14T10:24:57.628611] npm notice (STDERR, APP/TASK/deploy)#
#2026 09 14 10:25:03.310#Z#DEBUG#16b25dd8-b026-11f1-940d-eeee0a931608.capm-service-db-deployer#flowable-async-job-executor-thread-1256#
[PollExecuteTaskStatusExecution] 070d8486-d915-4207-813d-4e7e9b8a0d10 [2026-09-14T10:24:57.710844] Exit status 1 (STDOUT, APP/TASK/deploy)#
#2026 09 14 10:25:03.310#Z#DEBUG#16b25dd8-b026-11f1-940d-eeee0a931608.capm-service-db-deployer#flowable-async-job-executor-thread-1256#
[PollExecuteTaskStatusExecution] 070d8486-d915-4207-813d-4e7e9b8a0d10 [2026-09-14T10:24:58.442442] Cell 684caff8-89cd-492b-be01-b3d0835f1763 stopping instance 03beed85-1f9b-439a-9e1a-f916c3129f59 (STDOUT, CELL)#
#2026 09 14 10:25:03.310#Z#DEBUG#16b25dd8-b026-11f1-940d-eeee0a931608.capm-service-db-deployer#flowable-async-job-executor-thread-1256#
[PollExecuteTaskStatusExecution] 070d8486-d915-4207-813d-4e7e9b8a0d10 [2026-09-14T10:24:58.442496] Cell 684caff8-89cd-492b-be01-b3d0835f1763 destroying container for instance 03beed85-1f9b-439a-9e1a-f916c3129f59 (STDOUT, CELL)#
#2026 09 14 10:25:03.310#Z#DEBUG#16b25dd8-b026-11f1-940d-eeee0a931608.capm-service-db-deployer#flowable-async-job-executor-thread-1256#
[PollExecuteTaskStatusExecution] 070d8486-d915-4207-813d-4e7e9b8a0d10 [2026-09-14T10:25:01.391234] Cell 684caff8-89cd-492b-be01-b3d0835f1763 successfully destroyed container for instance 03beed85-1f9b-439a-9e1a-f916c3129f59 (STDOUT, CELL)#
#2026 09 14 10:25:13.365#Z#DEBUG#16b25dd8-b026-11f1-940d-eeee0a931608.capm-service-db-deployer#flowable-async-job-executor-thread-1652#
[PollExecuteTaskStatusExecution] 070d8486-d915-4207-813d-4e7e9b8a0d10 [2026-09-14T10:24:53.168694] Deleting files... (STDOUT, APP/TASK/deploy)#
#2026 09 14 10:25:13.365#Z#DEBUG#16b25dd8-b026-11f1-940d-eeee0a931608.capm-service-db-deployer#flowable-async-job-executor-thread-1652#
[PollExecuteTaskStatusExecution] 070d8486-d915-4207-813d-4e7e9b8a0d10 [2026-09-14T10:24:53.347532] Deleting files... ok (STDOUT, APP/TASK/deploy)#
#2026 09 14 10:25:13.365#Z#DEBUG#16b25dd8-b026-11f1-940d-eeee0a931608.capm-service-db-deployer#flowable-async-job-executor-thread-1652#
[PollExecuteTaskStatusExecution] 070d8486-d915-4207-813d-4e7e9b8a0d10 [2026-09-14T10:24:53.347576] Writing files... (STDOUT, APP/TASK/deploy)#
#2026 09 14 10:25:13.365#Z#DEBUG#16b25dd8-b026-11f1-940d-eeee0a931608.capm-service-db-deployer#flowable-async-job-executor-thread-1652#
[PollExecuteTaskStatusExecution] 070d8486-d915-4207-813d-4e7e9b8a0d10 [2026-09-14T10:24:53.347711] Writing 25 items (STDOUT, APP/TASK/deploy)#
#2026 09 14 10:25:13.365#Z#DEBUG#16b25dd8-b026-11f1-940d-eeee0a931608.capm-service-db-deployer#flowable-async-job-executor-thread-1652#
[PollExecuteTaskStatusExecution] 070d8486-d915-4207-813d-4e7e9b8a0d10 [2026-09-14T10:24:53.820624] Writing files... ok (STDOUT, APP/TASK/deploy)#
#2026 09 14 10:25:13.365#Z#DEBUG#16b25dd8-b026-11f1-940d-eeee0a931608.capm-service-db-deployer#flowable-async-job-executor-thread-1652#
[PollExecuteTaskStatusExecution] 070d8486-d915-4207-813d-4e7e9b8a0d10 [2026-09-14T10:24:53.820774] Synchronizing files with the container "6A5478B8D26E43D8A56BA48D201A9E69"... ok (1s 303ms) (STDOUT, APP/TASK/deploy)#
#2026 09 14 10:25:13.365#Z#DEBUG#16b25dd8-b026-11f1-940d-eeee0a931608.capm-service-db-deployer#flowable-async-job-executor-thread-1652#
[PollExecuteTaskStatusExecution] 070d8486-d915-4207-813d-4e7e9b8a0d10 [2026-09-14T10:24:53.821617] added files: [ (STDOUT, APP/TASK/deploy)#
#2026 09 14 10:25:13.365#Z#DEBUG#16b25dd8-b026-11f1-940d-eeee0a931608.capm-service-db-deployer#flowable-async-job-executor-thread-1652#
[PollExecuteTaskStatusExecution] 070d8486-d915-4207-813d-4e7e9b8a0d10 [2026-09-14T10:24:53.821638] "src/gen/data/raven.hr-Departments.csv", (STDOUT, APP/TASK/deploy)#
#2026 09 14 10:25:13.365#Z#DEBUG#16b25dd8-b026-11f1-940d-eeee0a931608.capm-service-db-deployer#flowable-async-job-executor-thread-1652#
[PollExecuteTaskStatusExecution] 070d8486-d915-4207-813d-4e7e9b8a0d10 [2026-09-14T10:24:53.821649] "src/gen/data/raven.hr-Departments.hdbtabledata", (STDOUT, APP/TASK/deploy)#
#2026 09 14 10:25:13.365#Z#DEBUG#16b25dd8-b026-11f1-940d-eeee0a931608.capm-service-db-deployer#flowable-async-job-executor-thread-1652#
[PollExecuteTaskStatusExecution] 070d8486-d915-4207-813d-4e7e9b8a0d10 [2026-09-14T10:24:53.821660] "src/gen/data/raven.hr-Employees.csv", (STDOUT, APP/TASK/deploy)#
#2026 09 14 10:25:13.365#Z#DEBUG#16b25dd8-b026-11f1-940d-eeee0a931608.capm-service-db-deployer#flowable-async-job-executor-thread-1652#
[PollExecuteTaskStatusExecution] 070d8486-d915-4207-813d-4e7e9b8a0d10 [2026-09-14T10:24:53.821664] "src/gen/data/raven.hr-Employees.hdbtabledata", (STDOUT, APP/TASK/deploy)#
#2026 09 14 10:25:13.365#Z#DEBUG#16b25dd8-b026-11f1-940d-eeee0a931608.capm-service-db-deployer#flowable-async-job-executor-thread-1652#
[PollExecuteTaskStatusExecution] 070d8486-d915-4207-813d-4e7e9b8a0d10 [2026-09-14T10:24:53.821667] "src/gen/data/raven.hr-LeaveBalances.csv", (STDOUT, APP/TASK/deploy)#
#2026 09 14 10:25:13.365#Z#DEBUG#16b25dd8-b026-11f1-940d-eeee0a931608.capm-service-db-deployer#flowable-async-job-executor-thread-1652#
[PollExecuteTaskStatusExecution] 070d8486-d915-4207-813d-4e7e9b8a0d10 [2026-09-14T10:24:53.821669] "src/gen/data/raven.hr-LeaveBalances.hdbtabledata", (STDOUT, APP/TASK/deploy)#
#2026 09 14 10:25:13.365#Z#DEBUG#16b25dd8-b026-11f1-940d-eeee0a931608.capm-service-db-deployer#flowable-async-job-executor-thread-1652#
[PollExecuteTaskStatusExecution] 070d8486-d915-4207-813d-4e7e9b8a0d10 [2026-09-14T10:24:53.821671] "src/gen/data/raven.hr-LeaveRequests.csv", (STDOUT, APP/TASK/deploy)#
#2026 09 14 10:25:13.365#Z#DEBUG#16b25dd8-b026-11f1-940d-eeee0a931608.capm-service-db-deployer#flowable-async-job-executor-thread-1652#
[PollExecuteTaskStatusExecution] 070d8486-d915-4207-813d-4e7e9b8a0d10 [2026-09-14T10:24:53.821674] "src/gen/data/raven.hr-LeaveRequests.hdbtabledata", (STDOUT, APP/TASK/deploy)#
#2026 09 14 10:25:13.365#Z#DEBUG#16b25dd8-b026-11f1-940d-eeee0a931608.capm-service-db-deployer#flowable-async-job-executor-thread-1652#
[PollExecuteTaskStatusExecution] 070d8486-d915-4207-813d-4e7e9b8a0d10 [2026-09-14T10:24:53.821676] "src/gen/data/raven.hr-LeaveTypes.csv", (STDOUT, APP/TASK/deploy)#
#2026 09 14 10:25:13.365#Z#DEBUG#16b25dd8-b026-11f1-940d-eeee0a931608.capm-service-db-deployer#flowable-async-job-executor-thread-1652#
[PollExecuteTaskStatusExecution] 070d8486-d915-4207-813d-4e7e9b8a0d10 [2026-09-14T10:24:53.821679] "src/gen/data/raven.hr-LeaveTypes.hdbtabledata" (STDOUT, APP/TASK/deploy)#
#2026 09 14 10:25:13.365#Z#DEBUG#16b25dd8-b026-11f1-940d-eeee0a931608.capm-service-db-deployer#flowable-async-job-executor-thread-1652#
[PollExecuteTaskStatusExecution] 070d8486-d915-4207-813d-4e7e9b8a0d10 [2026-09-14T10:24:53.821685] ] (STDOUT, APP/TASK/deploy)#
#2026 09 14 10:25:13.365#Z#DEBUG#16b25dd8-b026-11f1-940d-eeee0a931608.capm-service-db-deployer#flowable-async-job-executor-thread-1652#
[PollExecuteTaskStatusExecution] 070d8486-d915-4207-813d-4e7e9b8a0d10 [2026-09-14T10:24:53.821731] modified files: [ (STDOUT, APP/TASK/deploy)#
#2026 09 14 10:25:13.365#Z#DEBUG#16b25dd8-b026-11f1-940d-eeee0a931608.capm-service-db-deployer#flowable-async-job-executor-thread-1652#
[PollExecuteTaskStatusExecution] 070d8486-d915-4207-813d-4e7e9b8a0d10 [2026-09-14T10:24:53.821749] "src/.hdiconfig", (STDOUT, APP/TASK/deploy)#
#2026 09 14 10:25:13.365#Z#DEBUG#16b25dd8-b026-11f1-940d-eeee0a931608.capm-service-db-deployer#flowable-async-job-executor-thread-1652#
[PollExecuteTaskStatusExecution] 070d8486-d915-4207-813d-4e7e9b8a0d10 [2026-09-14T10:24:53.821752] "src/gen/.hdiconfig", (STDOUT, APP/TASK/deploy)#
#2026 09 14 10:25:13.365#Z#DEBUG#16b25dd8-b026-11f1-940d-eeee0a931608.capm-service-db-deployer#flowable-async-job-executor-thread-1652#
[PollExecuteTaskStatusExecution] 070d8486-d915-4207-813d-4e7e9b8a0d10 [2026-09-14T10:24:53.821754] "src/gen/HRService.LeaveRequestOverview.hdbview", (STDOUT, APP/TASK/deploy)#
#2026 09 14 10:25:13.365#Z#DEBUG#16b25dd8-b026-11f1-940d-eeee0a931608.capm-service-db-deployer#flowable-async-job-executor-thread-1652#
[PollExecuteTaskStatusExecution] 070d8486-d915-4207-813d-4e7e9b8a0d10 [2026-09-14T10:24:53.821757] "src/gen/raven.hr.Departments.hdbtable", (STDOUT, APP/TASK/deploy)#
#2026 09 14 10:25:13.365#Z#DEBUG#16b25dd8-b026-11f1-940d-eeee0a931608.capm-service-db-deployer#flowable-async-job-executor-thread-1652#
[PollExecuteTaskStatusExecution] 070d8486-d915-4207-813d-4e7e9b8a0d10 [2026-09-14T10:24:53.821761] "src/gen/raven.hr.Employees.hdbtable", (STDOUT, APP/TASK/deploy)#
#2026 09 14 10:25:13.365#Z#DEBUG#16b25dd8-b026-11f1-940d-eeee0a931608.capm-service-db-deployer#flowable-async-job-executor-thread-1652#
[PollExecuteTaskStatusExecution] 070d8486-d915-4207-813d-4e7e9b8a0d10 [2026-09-14T10:24:53.821764] "src/gen/raven.hr.LeaveBalances.hdbtable", (STDOUT, APP/TASK/deploy)#
#2026 09 14 10:25:13.365#Z#DEBUG#16b25dd8-b026-11f1-940d-eeee0a931608.capm-service-db-deployer#flowable-async-job-executor-thread-1652#
[PollExecuteTaskStatusExecution] 070d8486-d915-4207-813d-4e7e9b8a0d10 [2026-09-14T10:24:53.821766] "src/gen/raven.hr.LeaveRequestAttachments.hdbtable", (STDOUT, APP/TASK/deploy)#
#2026 09 14 10:25:13.365#Z#DEBUG#16b25dd8-b026-11f1-940d-eeee0a931608.capm-service-db-deployer#flowable-async-job-executor-thread-1652#
[PollExecuteTaskStatusExecution] 070d8486-d915-4207-813d-4e7e9b8a0d10 [2026-09-14T10:24:53.821768] "src/gen/raven.hr.LeaveRequestOverview.hdbview", (STDOUT, APP/TASK/deploy)#
#2026 09 14 10:25:13.365#Z#DEBUG#16b25dd8-b026-11f1-940d-eeee0a931608.capm-service-db-deployer#flowable-async-job-executor-thread-1652#
[PollExecuteTaskStatusExecution] 070d8486-d915-4207-813d-4e7e9b8a0d10 [2026-09-14T10:24:53.821774] "src/gen/raven.hr.LeaveRequests.hdbtable", (STDOUT, APP/TASK/deploy)#
#2026 09 14 10:25:13.365#Z#DEBUG#16b25dd8-b026-11f1-940d-eeee0a931608.capm-service-db-deployer#flowable-async-job-executor-thread-1652#
[PollExecuteTaskStatusExecution] 070d8486-d915-4207-813d-4e7e9b8a0d10 [2026-09-14T10:24:53.821777] "src/leaveRequestNumber.hdbsequence", (STDOUT, APP/TASK/deploy)#
#2026 09 14 10:25:13.365#Z#DEBUG#16b25dd8-b026-11f1-940d-eeee0a931608.capm-service-db-deployer#flowable-async-job-executor-thread-1652#
[PollExecuteTaskStatusExecution] 070d8486-d915-4207-813d-4e7e9b8a0d10 [2026-09-14T10:24:53.821779] "src/gen/raven.hr.LeaveTypes.hdbtable", (STDOUT, APP/TASK/deploy)#
#2026 09 14 10:25:13.365#Z#DEBUG#16b25dd8-b026-11f1-940d-eeee0a931608.capm-service-db-deployer#flowable-async-job-executor-thread-1652#
[PollExecuteTaskStatusExecution] 070d8486-d915-4207-813d-4e7e9b8a0d10 [2026-09-14T10:24:53.821782] "src/recalcLeaveBalance.hdbprocedure" (STDOUT, APP/TASK/deploy)#
#2026 09 14 10:25:13.365#Z#DEBUG#16b25dd8-b026-11f1-940d-eeee0a931608.capm-service-db-deployer#flowable-async-job-executor-thread-1652#
[PollExecuteTaskStatusExecution] 070d8486-d915-4207-813d-4e7e9b8a0d10 [2026-09-14T10:24:53.821784] ] (STDOUT, APP/TASK/deploy)#
#2026 09 14 10:25:13.365#Z#DEBUG#16b25dd8-b026-11f1-940d-eeee0a931608.capm-service-db-deployer#flowable-async-job-executor-thread-1652#
[PollExecuteTaskStatusExecution] 070d8486-d915-4207-813d-4e7e9b8a0d10 [2026-09-14T10:24:53.821832] deleted files: [] (STDOUT, APP/TASK/deploy)#
#2026 09 14 10:25:13.365#Z#DEBUG#16b25dd8-b026-11f1-940d-eeee0a931608.capm-service-db-deployer#flowable-async-job-executor-thread-1652#
[PollExecuteTaskStatusExecution] 070d8486-d915-4207-813d-4e7e9b8a0d10 [2026-09-14T10:24:53.821874] 22 modified or added files are scheduled for deploy based on delta detection (STDOUT, APP/TASK/deploy)#
#2026 09 14 10:25:13.365#Z#DEBUG#16b25dd8-b026-11f1-940d-eeee0a931608.capm-service-db-deployer#flowable-async-job-executor-thread-1652#
[PollExecuteTaskStatusExecution] 070d8486-d915-4207-813d-4e7e9b8a0d10 [2026-09-14T10:24:53.822097] 0 deleted files are scheduled for undeploy based on delta detection (filtered by undeploy allowlist) (STDOUT, APP/TASK/deploy)#
#2026 09 14 10:25:13.365#Z#DEBUG#16b25dd8-b026-11f1-940d-eeee0a931608.capm-service-db-deployer#flowable-async-job-executor-thread-1652#
[PollExecuteTaskStatusExecution] 070d8486-d915-4207-813d-4e7e9b8a0d10 [2026-09-14T10:24:53.822280] 0 files are scheduled for deploy based on explicit specification (STDOUT, APP/TASK/deploy)#
#2026 09 14 10:25:13.365#Z#DEBUG#16b25dd8-b026-11f1-940d-eeee0a931608.capm-service-db-deployer#flowable-async-job-executor-thread-1652#
[PollExecuteTaskStatusExecution] 070d8486-d915-4207-813d-4e7e9b8a0d10 [2026-09-14T10:24:53.822343] 0 files are scheduled for undeploy based on explicit specification (STDOUT, APP/TASK/deploy)#
#2026 09 14 10:25:13.365#Z#DEBUG#16b25dd8-b026-11f1-940d-eeee0a931608.capm-service-db-deployer#flowable-async-job-executor-thread-1652#
[PollExecuteTaskStatusExecution] 070d8486-d915-4207-813d-4e7e9b8a0d10 [2026-09-14T10:24:53.822741] Deploying to the container "6A5478B8D26E43D8A56BA48D201A9E69"... (STDOUT, APP/TASK/deploy)#
#2026 09 14 10:25:13.365#Z#DEBUG#16b25dd8-b026-11f1-940d-eeee0a931608.capm-service-db-deployer#flowable-async-job-executor-thread-1652#
[PollExecuteTaskStatusExecution] 070d8486-d915-4207-813d-4e7e9b8a0d10 [2026-09-14T10:24:54.438677] Polling messages for request id: 458 (STDOUT, APP/TASK/deploy)#
#2026 09 14 10:25:13.365#Z#DEBUG#16b25dd8-b026-11f1-940d-eeee0a931608.capm-service-db-deployer#flowable-async-job-executor-thread-1652#
[PollExecuteTaskStatusExecution] 070d8486-d915-4207-813d-4e7e9b8a0d10 [2026-09-14T10:24:54.475733] Starting make in the container "6A5478B8D26E43D8A56BA48D201A9E69" with 22 files to deploy, 0 files to undeploy... (STDOUT, APP/TASK/deploy)#
#2026 09 14 10:25:13.365#Z#DEBUG#16b25dd8-b026-11f1-940d-eeee0a931608.capm-service-db-deployer#flowable-async-job-executor-thread-1652#
[PollExecuteTaskStatusExecution] 070d8486-d915-4207-813d-4e7e9b8a0d10 [2026-09-14T10:24:54.475776] Disabling table replication for the container schema "6A5478B8D26E43D8A56BA48D201A9E69"... (STDOUT, APP/TASK/deploy)#
#2026 09 14 10:25:13.365#Z#DEBUG#16b25dd8-b026-11f1-940d-eeee0a931608.capm-service-db-deployer#flowable-async-job-executor-thread-1652#
[PollExecuteTaskStatusExecution] 070d8486-d915-4207-813d-4e7e9b8a0d10 [2026-09-14T10:24:54.475781] Disabling table replication for the container schema "6A5478B8D26E43D8A56BA48D201A9E69"... ok (0s 13ms) (STDOUT, APP/TASK/deploy)#
#2026 09 14 10:25:13.365#Z#DEBUG#16b25dd8-b026-11f1-940d-eeee0a931608.capm-service-db-deployer#flowable-async-job-executor-thread-1652#
[PollExecuteTaskStatusExecution] 070d8486-d915-4207-813d-4e7e9b8a0d10 [2026-09-14T10:24:54.475787] Migrating libraries... (STDOUT, APP/TASK/deploy)#
#2026 09 14 10:25:13.365#Z#DEBUG#16b25dd8-b026-11f1-940d-eeee0a931608.capm-service-db-deployer#flowable-async-job-executor-thread-1652#
[PollExecuteTaskStatusExecution] 070d8486-d915-4207-813d-4e7e9b8a0d10 [2026-09-14T10:24:56.489023] Migrating libraries... ok (2s 279ms) (STDOUT, APP/TASK/deploy)#
#2026 09 14 10:25:13.365#Z#DEBUG#16b25dd8-b026-11f1-940d-eeee0a931608.capm-service-db-deployer#flowable-async-job-executor-thread-1652#
[PollExecuteTaskStatusExecution] 070d8486-d915-4207-813d-4e7e9b8a0d10 [2026-09-14T10:24:56.489058] Making... (STDOUT, APP/TASK/deploy)#
#2026 09 14 10:25:13.365#Z#DEBUG#16b25dd8-b026-11f1-940d-eeee0a931608.capm-service-db-deployer#flowable-async-job-executor-thread-1652#
[PollExecuteTaskStatusExecution] 070d8486-d915-4207-813d-4e7e9b8a0d10 [2026-09-14T10:24:56.489063] Preparing... (STDOUT, APP/TASK/deploy)#
#2026 09 14 10:25:13.365#Z#DEBUG#16b25dd8-b026-11f1-940d-eeee0a931608.capm-service-db-deployer#flowable-async-job-executor-thread-1652#
[PollExecuteTaskStatusExecution] 070d8486-d915-4207-813d-4e7e9b8a0d10 [2026-09-14T10:24:56.489076] Preparing the make transaction... (STDOUT, APP/TASK/deploy)#
#2026 09 14 10:25:13.365#Z#DEBUG#16b25dd8-b026-11f1-940d-eeee0a931608.capm-service-db-deployer#flowable-async-job-executor-thread-1652#
[PollExecuteTaskStatusExecution] 070d8486-d915-4207-813d-4e7e9b8a0d10 [2026-09-14T10:24:57.506904] Preparing the make transaction... ok (0s 579ms) (STDOUT, APP/TASK/deploy)#
#2026 09 14 10:25:13.365#Z#DEBUG#16b25dd8-b026-11f1-940d-eeee0a931608.capm-service-db-deployer#flowable-async-job-executor-thread-1652#
[PollExecuteTaskStatusExecution] 070d8486-d915-4207-813d-4e7e9b8a0d10 [2026-09-14T10:24:57.506995] Deploying the configuration file "src/.hdiconfig"... (STDOUT, APP/TASK/deploy)#
#2026 09 14 10:25:13.365#Z#DEBUG#16b25dd8-b026-11f1-940d-eeee0a931608.capm-service-db-deployer#flowable-async-job-executor-thread-1652#
[PollExecuteTaskStatusExecution] 070d8486-d915-4207-813d-4e7e9b8a0d10 [2026-09-14T10:24:57.507099] Deploying the configuration file "src/.hdiconfig"... ok (0s 45ms) (STDOUT, APP/TASK/deploy)#
#2026 09 14 10:25:13.365#Z#DEBUG#16b25dd8-b026-11f1-940d-eeee0a931608.capm-service-db-deployer#flowable-async-job-executor-thread-1652#
[PollExecuteTaskStatusExecution] 070d8486-d915-4207-813d-4e7e9b8a0d10 [2026-09-14T10:24:57.507133] Deploying the configuration file "src/gen/.hdiconfig"... (STDOUT, APP/TASK/deploy)#
#2026 09 14 10:25:13.365#Z#DEBUG#16b25dd8-b026-11f1-940d-eeee0a931608.capm-service-db-deployer#flowable-async-job-executor-thread-1652#
[PollExecuteTaskStatusExecution] 070d8486-d915-4207-813d-4e7e9b8a0d10 [2026-09-14T10:24:57.507137] Deploying the configuration file "src/gen/.hdiconfig"... ok (0s 15ms) (STDOUT, APP/TASK/deploy)#
#2026 09 14 10:25:13.365#Z#DEBUG#16b25dd8-b026-11f1-940d-eeee0a931608.capm-service-db-deployer#flowable-async-job-executor-thread-1652#
[PollExecuteTaskStatusExecution] 070d8486-d915-4207-813d-4e7e9b8a0d10 [2026-09-14T10:24:57.507140] Adding "src/gen/HRService.LeaveRequestOverview.hdbview" for deploy... (STDOUT, APP/TASK/deploy)#
#2026 09 14 10:25:13.365#Z#DEBUG#16b25dd8-b026-11f1-940d-eeee0a931608.capm-service-db-deployer#flowable-async-job-executor-thread-1652#
[PollExecuteTaskStatusExecution] 070d8486-d915-4207-813d-4e7e9b8a0d10 [2026-09-14T10:24:57.507166] Adding "src/gen/HRService.LeaveRequestOverview.hdbview" for deploy... ok (0s 31ms) (STDOUT, APP/TASK/deploy)#
#2026 09 14 10:25:13.365#Z#DEBUG#16b25dd8-b026-11f1-940d-eeee0a931608.capm-service-db-deployer#flowable-async-job-executor-thread-1652#
[PollExecuteTaskStatusExecution] 070d8486-d915-4207-813d-4e7e9b8a0d10 [2026-09-14T10:24:57.507169] Adding "src/gen/data/raven.hr-Departments.csv" for deploy... (STDOUT, APP/TASK/deploy)#
#2026 09 14 10:25:13.365#Z#DEBUG#16b25dd8-b026-11f1-940d-eeee0a931608.capm-service-db-deployer#flowable-async-job-executor-thread-1652#
[PollExecuteTaskStatusExecution] 070d8486-d915-4207-813d-4e7e9b8a0d10 [2026-09-14T10:24:57.507172] Adding "src/gen/data/raven.hr-Departments.csv" for deploy... ok (0s 46ms) (STDOUT, APP/TASK/deploy)#
#2026 09 14 10:25:13.365#Z#DEBUG#16b25dd8-b026-11f1-940d-eeee0a931608.capm-service-db-deployer#flowable-async-job-executor-thread-1652#
[PollExecuteTaskStatusExecution] 070d8486-d915-4207-813d-4e7e9b8a0d10 [2026-09-14T10:24:57.507175] Adding "src/gen/data/raven.hr-Departments.hdbtabledata" for deploy... (STDOUT, APP/TASK/deploy)#
#2026 09 14 10:25:13.365#Z#DEBUG#16b25dd8-b026-11f1-940d-eeee0a931608.capm-service-db-deployer#flowable-async-job-executor-thread-1652#
[PollExecuteTaskStatusExecution] 070d8486-d915-4207-813d-4e7e9b8a0d10 [2026-09-14T10:24:57.507185] Adding "src/gen/data/raven.hr-Departments.hdbtabledata" for deploy... ok (0s 0ms) (STDOUT, APP/TASK/deploy)#
#2026 09 14 10:25:13.365#Z#DEBUG#16b25dd8-b026-11f1-940d-eeee0a931608.capm-service-db-deployer#flowable-async-job-executor-thread-1652#
[PollExecuteTaskStatusExecution] 070d8486-d915-4207-813d-4e7e9b8a0d10 [2026-09-14T10:24:57.507276] Adding "src/gen/data/raven.hr-Employees.csv" for deploy... (STDOUT, APP/TASK/deploy)#
#2026 09 14 10:25:13.365#Z#DEBUG#16b25dd8-b026-11f1-940d-eeee0a931608.capm-service-db-deployer#flowable-async-job-executor-thread-1652#
[PollExecuteTaskStatusExecution] 070d8486-d915-4207-813d-4e7e9b8a0d10 [2026-09-14T10:24:57.507419] Adding "src/gen/data/raven.hr-Employees.csv" for deploy... ok (0s 0ms) (STDOUT, APP/TASK/deploy)#
#2026 09 14 10:25:13.365#Z#DEBUG#16b25dd8-b026-11f1-940d-eeee0a931608.capm-service-db-deployer#flowable-async-job-executor-thread-1652#
[PollExecuteTaskStatusExecution] 070d8486-d915-4207-813d-4e7e9b8a0d10 [2026-09-14T10:24:57.507447] Adding "src/gen/data/raven.hr-Employees.hdbtabledata" for deploy... (STDOUT, APP/TASK/deploy)#
#2026 09 14 10:25:13.365#Z#DEBUG#16b25dd8-b026-11f1-940d-eeee0a931608.capm-service-db-deployer#flowable-async-job-executor-thread-1652#
[PollExecuteTaskStatusExecution] 070d8486-d915-4207-813d-4e7e9b8a0d10 [2026-09-14T10:24:57.507451] Adding "src/gen/data/raven.hr-Employees.hdbtabledata" for deploy... ok (0s 0ms) (STDOUT, APP/TASK/deploy)#
#2026 09 14 10:25:13.365#Z#DEBUG#16b25dd8-b026-11f1-940d-eeee0a931608.capm-service-db-deployer#flowable-async-job-executor-thread-1652#
[PollExecuteTaskStatusExecution] 070d8486-d915-4207-813d-4e7e9b8a0d10 [2026-09-14T10:24:57.507454] Adding "src/gen/data/raven.hr-LeaveBalances.csv" for deploy... (STDOUT, APP/TASK/deploy)#
#2026 09 14 10:25:13.365#Z#DEBUG#16b25dd8-b026-11f1-940d-eeee0a931608.capm-service-db-deployer#flowable-async-job-executor-thread-1652#
[PollExecuteTaskStatusExecution] 070d8486-d915-4207-813d-4e7e9b8a0d10 [2026-09-14T10:24:57.507457] Adding "src/gen/data/raven.hr-LeaveBalances.csv" for deploy... ok (0s 0ms) (STDOUT, APP/TASK/deploy)#
#2026 09 14 10:25:13.365#Z#DEBUG#16b25dd8-b026-11f1-940d-eeee0a931608.capm-service-db-deployer#flowable-async-job-executor-thread-1652#
[PollExecuteTaskStatusExecution] 070d8486-d915-4207-813d-4e7e9b8a0d10 [2026-09-14T10:24:57.507461] Adding "src/gen/data/raven.hr-LeaveBalances.hdbtabledata" for deploy... (STDOUT, APP/TASK/deploy)#
#2026 09 14 10:25:13.365#Z#DEBUG#16b25dd8-b026-11f1-940d-eeee0a931608.capm-service-db-deployer#flowable-async-job-executor-thread-1652#
[PollExecuteTaskStatusExecution] 070d8486-d915-4207-813d-4e7e9b8a0d10 [2026-09-14T10:24:57.507464] Adding "src/gen/data/raven.hr-LeaveBalances.hdbtabledata" for deploy... ok (0s 0ms) (STDOUT, APP/TASK/deploy)#
#2026 09 14 10:25:13.365#Z#DEBUG#16b25dd8-b026-11f1-940d-eeee0a931608.capm-service-db-deployer#flowable-async-job-executor-thread-1652#
[PollExecuteTaskStatusExecution] 070d8486-d915-4207-813d-4e7e9b8a0d10 [2026-09-14T10:24:57.507473] Adding "src/gen/data/raven.hr-LeaveRequests.csv" for deploy... (STDOUT, APP/TASK/deploy)#
#2026 09 14 10:25:13.365#Z#DEBUG#16b25dd8-b026-11f1-940d-eeee0a931608.capm-service-db-deployer#flowable-async-job-executor-thread-1652#
[PollExecuteTaskStatusExecution] 070d8486-d915-4207-813d-4e7e9b8a0d10 [2026-09-14T10:24:57.507476] Adding "src/gen/data/raven.hr-LeaveRequests.csv" for deploy... ok (0s 1ms) (STDOUT, APP/TASK/deploy)#
#2026 09 14 10:25:13.365#Z#DEBUG#16b25dd8-b026-11f1-940d-eeee0a931608.capm-service-db-deployer#flowable-async-job-executor-thread-1652#
[PollExecuteTaskStatusExecution] 070d8486-d915-4207-813d-4e7e9b8a0d10 [2026-09-14T10:24:57.507498] Adding "src/gen/data/raven.hr-LeaveRequests.hdbtabledata" for deploy... (STDOUT, APP/TASK/deploy)#
#2026 09 14 10:25:13.365#Z#DEBUG#16b25dd8-b026-11f1-940d-eeee0a931608.capm-service-db-deployer#flowable-async-job-executor-thread-1652#
[PollExecuteTaskStatusExecution] 070d8486-d915-4207-813d-4e7e9b8a0d10 [2026-09-14T10:24:57.507507] Adding "src/gen/data/raven.hr-LeaveRequests.hdbtabledata" for deploy... ok (0s 0ms) (STDOUT, APP/TASK/deploy)#
#2026 09 14 10:25:13.366#Z#DEBUG#16b25dd8-b026-11f1-940d-eeee0a931608.capm-service-db-deployer#flowable-async-job-executor-thread-1652#
[PollExecuteTaskStatusExecution] 070d8486-d915-4207-813d-4e7e9b8a0d10 [2026-09-14T10:24:57.507512] Adding "src/gen/data/raven.hr-LeaveTypes.csv" for deploy... (STDOUT, APP/TASK/deploy)#
#2026 09 14 10:25:13.366#Z#DEBUG#16b25dd8-b026-11f1-940d-eeee0a931608.capm-service-db-deployer#flowable-async-job-executor-thread-1652#
[PollExecuteTaskStatusExecution] 070d8486-d915-4207-813d-4e7e9b8a0d10 [2026-09-14T10:24:57.507515] Adding "src/gen/data/raven.hr-LeaveTypes.csv" for deploy... ok (0s 0ms) (STDOUT, APP/TASK/deploy)#
#2026 09 14 10:25:13.366#Z#DEBUG#16b25dd8-b026-11f1-940d-eeee0a931608.capm-service-db-deployer#flowable-async-job-executor-thread-1652#
[PollExecuteTaskStatusExecution] 070d8486-d915-4207-813d-4e7e9b8a0d10 [2026-09-14T10:24:57.507518] Adding "src/gen/data/raven.hr-LeaveTypes.hdbtabledata" for deploy... (STDOUT, APP/TASK/deploy)#
#2026 09 14 10:25:13.366#Z#DEBUG#16b25dd8-b026-11f1-940d-eeee0a931608.capm-service-db-deployer#flowable-async-job-executor-thread-1652#
[PollExecuteTaskStatusExecution] 070d8486-d915-4207-813d-4e7e9b8a0d10 [2026-09-14T10:24:57.507537] Adding "src/gen/data/raven.hr-LeaveTypes.hdbtabledata" for deploy... ok (0s 0ms) (STDOUT, APP/TASK/deploy)#
#2026 09 14 10:25:13.366#Z#DEBUG#16b25dd8-b026-11f1-940d-eeee0a931608.capm-service-db-deployer#flowable-async-job-executor-thread-1652#
[PollExecuteTaskStatusExecution] 070d8486-d915-4207-813d-4e7e9b8a0d10 [2026-09-14T10:24:57.507541] Adding "src/gen/raven.hr.Departments.hdbtable" for deploy... (STDOUT, APP/TASK/deploy)#
#2026 09 14 10:25:13.366#Z#DEBUG#16b25dd8-b026-11f1-940d-eeee0a931608.capm-service-db-deployer#flowable-async-job-executor-thread-1652#
[PollExecuteTaskStatusExecution] 070d8486-d915-4207-813d-4e7e9b8a0d10 [2026-09-14T10:24:57.507546] Adding "src/gen/raven.hr.Departments.hdbtable" for deploy... ok (0s 0ms) (STDOUT, APP/TASK/deploy)#
#2026 09 14 10:25:13.366#Z#DEBUG#16b25dd8-b026-11f1-940d-eeee0a931608.capm-service-db-deployer#flowable-async-job-executor-thread-1652#
[PollExecuteTaskStatusExecution] 070d8486-d915-4207-813d-4e7e9b8a0d10 [2026-09-14T10:24:57.507607] Adding "src/gen/raven.hr.Employees.hdbtable" for deploy... (STDOUT, APP/TASK/deploy)#
#2026 09 14 10:25:13.366#Z#DEBUG#16b25dd8-b026-11f1-940d-eeee0a931608.capm-service-db-deployer#flowable-async-job-executor-thread-1652#
[PollExecuteTaskStatusExecution] 070d8486-d915-4207-813d-4e7e9b8a0d10 [2026-09-14T10:24:57.507620] Adding "src/gen/raven.hr.Employees.hdbtable" for deploy... ok (0s 0ms) (STDOUT, APP/TASK/deploy)#
#2026 09 14 10:25:13.366#Z#DEBUG#16b25dd8-b026-11f1-940d-eeee0a931608.capm-service-db-deployer#flowable-async-job-executor-thread-1652#
[PollExecuteTaskStatusExecution] 070d8486-d915-4207-813d-4e7e9b8a0d10 [2026-09-14T10:24:57.507674] Adding "src/gen/raven.hr.LeaveBalances.hdbtable" for deploy... (STDOUT, APP/TASK/deploy)#
#2026 09 14 10:25:13.366#Z#DEBUG#16b25dd8-b026-11f1-940d-eeee0a931608.capm-service-db-deployer#flowable-async-job-executor-thread-1652#
[PollExecuteTaskStatusExecution] 070d8486-d915-4207-813d-4e7e9b8a0d10 [2026-09-14T10:24:57.507803] Adding "src/gen/raven.hr.LeaveBalances.hdbtable" for deploy... ok (0s 0ms) (STDOUT, APP/TASK/deploy)#
#2026 09 14 10:25:13.366#Z#DEBUG#16b25dd8-b026-11f1-940d-eeee0a931608.capm-service-db-deployer#flowable-async-job-executor-thread-1652#
[PollExecuteTaskStatusExecution] 070d8486-d915-4207-813d-4e7e9b8a0d10 [2026-09-14T10:24:57.507867] Adding "src/gen/raven.hr.LeaveRequestAttachments.hdbtable" for deploy... (STDOUT, APP/TASK/deploy)#
#2026 09 14 10:25:13.366#Z#DEBUG#16b25dd8-b026-11f1-940d-eeee0a931608.capm-service-db-deployer#flowable-async-job-executor-thread-1652#
[PollExecuteTaskStatusExecution] 070d8486-d915-4207-813d-4e7e9b8a0d10 [2026-09-14T10:24:57.507934] Adding "src/gen/raven.hr.LeaveRequestAttachments.hdbtable" for deploy... ok (0s 0ms) (STDOUT, APP/TASK/deploy)#
#2026 09 14 10:25:13.366#Z#DEBUG#16b25dd8-b026-11f1-940d-eeee0a931608.capm-service-db-deployer#flowable-async-job-executor-thread-1652#
[PollExecuteTaskStatusExecution] 070d8486-d915-4207-813d-4e7e9b8a0d10 [2026-09-14T10:24:57.507995] Adding "src/gen/raven.hr.LeaveRequestOverview.hdbview" for deploy... (STDOUT, APP/TASK/deploy)#
#2026 09 14 10:25:13.366#Z#DEBUG#16b25dd8-b026-11f1-940d-eeee0a931608.capm-service-db-deployer#flowable-async-job-executor-thread-1652#
[PollExecuteTaskStatusExecution] 070d8486-d915-4207-813d-4e7e9b8a0d10 [2026-09-14T10:24:57.508058] Adding "src/gen/raven.hr.LeaveRequestOverview.hdbview" for deploy... ok (0s 0ms) (STDOUT, APP/TASK/deploy)#
#2026 09 14 10:25:13.366#Z#DEBUG#16b25dd8-b026-11f1-940d-eeee0a931608.capm-service-db-deployer#flowable-async-job-executor-thread-1652#
[PollExecuteTaskStatusExecution] 070d8486-d915-4207-813d-4e7e9b8a0d10 [2026-09-14T10:24:57.508115] Adding "src/gen/raven.hr.LeaveRequests.hdbtable" for deploy... (STDOUT, APP/TASK/deploy)#
#2026 09 14 10:25:13.366#Z#DEBUG#16b25dd8-b026-11f1-940d-eeee0a931608.capm-service-db-deployer#flowable-async-job-executor-thread-1652#
[PollExecuteTaskStatusExecution] 070d8486-d915-4207-813d-4e7e9b8a0d10 [2026-09-14T10:24:57.508214] Adding "src/gen/raven.hr.LeaveRequests.hdbtable" for deploy... ok (0s 0ms) (STDOUT, APP/TASK/deploy)#
#2026 09 14 10:25:13.366#Z#DEBUG#16b25dd8-b026-11f1-940d-eeee0a931608.capm-service-db-deployer#flowable-async-job-executor-thread-1652#
[PollExecuteTaskStatusExecution] 070d8486-d915-4207-813d-4e7e9b8a0d10 [2026-09-14T10:24:57.508230] Adding "src/gen/raven.hr.LeaveTypes.hdbtable" for deploy... (STDOUT, APP/TASK/deploy)#
#2026 09 14 10:25:13.366#Z#DEBUG#16b25dd8-b026-11f1-940d-eeee0a931608.capm-service-db-deployer#flowable-async-job-executor-thread-1652#
[PollExecuteTaskStatusExecution] 070d8486-d915-4207-813d-4e7e9b8a0d10 [2026-09-14T10:24:57.508303] Adding "src/gen/raven.hr.LeaveTypes.hdbtable" for deploy... ok (0s 0ms) (STDOUT, APP/TASK/deploy)#
#2026 09 14 10:25:13.366#Z#DEBUG#16b25dd8-b026-11f1-940d-eeee0a931608.capm-service-db-deployer#flowable-async-job-executor-thread-1652#
[PollExecuteTaskStatusExecution] 070d8486-d915-4207-813d-4e7e9b8a0d10 [2026-09-14T10:24:57.508325] Adding "src/leaveRequestNumber.hdbsequence" for deploy... (STDOUT, APP/TASK/deploy)#
#2026 09 14 10:25:13.366#Z#DEBUG#16b25dd8-b026-11f1-940d-eeee0a931608.capm-service-db-deployer#flowable-async-job-executor-thread-1652#
[PollExecuteTaskStatusExecution] 070d8486-d915-4207-813d-4e7e9b8a0d10 [2026-09-14T10:24:57.508382] Adding "src/leaveRequestNumber.hdbsequence" for deploy... ok (0s 1ms) (STDOUT, APP/TASK/deploy)#
#2026 09 14 10:25:13.366#Z#DEBUG#16b25dd8-b026-11f1-940d-eeee0a931608.capm-service-db-deployer#flowable-async-job-executor-thread-1652#
[PollExecuteTaskStatusExecution] 070d8486-d915-4207-813d-4e7e9b8a0d10 [2026-09-14T10:24:57.508418] Adding "src/recalcLeaveBalance.hdbprocedure" for deploy... (STDOUT, APP/TASK/deploy)#
#2026 09 14 10:25:13.366#Z#DEBUG#16b25dd8-b026-11f1-940d-eeee0a931608.capm-service-db-deployer#flowable-async-job-executor-thread-1652#
[PollExecuteTaskStatusExecution] 070d8486-d915-4207-813d-4e7e9b8a0d10 [2026-09-14T10:24:57.508483] Adding "src/recalcLeaveBalance.hdbprocedure" for deploy... ok (0s 0ms) (STDOUT, APP/TASK/deploy)#
#2026 09 14 10:25:13.366#Z#DEBUG#16b25dd8-b026-11f1-940d-eeee0a931608.capm-service-db-deployer#flowable-async-job-executor-thread-1652#
[PollExecuteTaskStatusExecution] 070d8486-d915-4207-813d-4e7e9b8a0d10 [2026-09-14T10:24:57.508519] Preparing... ok (0s 946ms) (STDOUT, APP/TASK/deploy)#
#2026 09 14 10:25:13.366#Z#DEBUG#16b25dd8-b026-11f1-940d-eeee0a931608.capm-service-db-deployer#flowable-async-job-executor-thread-1652#
[PollExecuteTaskStatusExecution] 070d8486-d915-4207-813d-4e7e9b8a0d10 [2026-09-14T10:24:57.508627] Calculating dependencies... (STDOUT, APP/TASK/deploy)#
#2026 09 14 10:25:13.366#Z#DEBUG#16b25dd8-b026-11f1-940d-eeee0a931608.capm-service-db-deployer#flowable-async-job-executor-thread-1652#
[PollExecuteTaskStatusExecution] 070d8486-d915-4207-813d-4e7e9b8a0d10 [2026-09-14T10:24:57.508647] Expanding... (STDOUT, APP/TASK/deploy)#
#2026 09 14 10:25:13.366#Z#DEBUG#16b25dd8-b026-11f1-940d-eeee0a931608.capm-service-db-deployer#flowable-async-job-executor-thread-1652#
[PollExecuteTaskStatusExecution] 070d8486-d915-4207-813d-4e7e9b8a0d10 [2026-09-14T10:24:57.508658] Expanding "src/gen/HRService.LeaveRequestOverview.hdbview"... (STDOUT, APP/TASK/deploy)#
#2026 09 14 10:25:13.366#Z#DEBUG#16b25dd8-b026-11f1-940d-eeee0a931608.capm-service-db-deployer#flowable-async-job-executor-thread-1652#
[PollExecuteTaskStatusExecution] 070d8486-d915-4207-813d-4e7e9b8a0d10 [2026-09-14T10:24:57.508763] Expanding "src/gen/data/raven.hr-Departments.hdbtabledata"... (STDOUT, APP/TASK/deploy)#
#2026 09 14 10:25:13.366#Z#DEBUG#16b25dd8-b026-11f1-940d-eeee0a931608.capm-service-db-deployer#flowable-async-job-executor-thread-1652#
[PollExecuteTaskStatusExecution] 070d8486-d915-4207-813d-4e7e9b8a0d10 [2026-09-14T10:24:57.508795] Expanding "src/gen/data/raven.hr-Employees.hdbtabledata"... (STDOUT, APP/TASK/deploy)#
#2026 09 14 10:25:13.366#Z#DEBUG#16b25dd8-b026-11f1-940d-eeee0a931608.capm-service-db-deployer#flowable-async-job-executor-thread-1652#
[PollExecuteTaskStatusExecution] 070d8486-d915-4207-813d-4e7e9b8a0d10 [2026-09-14T10:24:57.508818] Expanding "src/gen/data/raven.hr-Departments.hdbtabledata"... ok (0s 4ms) (STDOUT, APP/TASK/deploy)#
#2026 09 14 10:25:13.366#Z#DEBUG#16b25dd8-b026-11f1-940d-eeee0a931608.capm-service-db-deployer#flowable-async-job-executor-thread-1652#
[PollExecuteTaskStatusExecution] 070d8486-d915-4207-813d-4e7e9b8a0d10 [2026-09-14T10:24:57.508863] Expanding "src/gen/data/raven.hr-Employees.hdbtabledata"... ok (0s 4ms) (STDOUT, APP/TASK/deploy)#
#2026 09 14 10:25:13.366#Z#DEBUG#16b25dd8-b026-11f1-940d-eeee0a931608.capm-service-db-deployer#flowable-async-job-executor-thread-1652#
[PollExecuteTaskStatusExecution] 070d8486-d915-4207-813d-4e7e9b8a0d10 [2026-09-14T10:24:57.508867] Expanding "src/gen/data/raven.hr-LeaveBalances.hdbtabledata"... (STDOUT, APP/TASK/deploy)#
#2026 09 14 10:25:13.366#Z#DEBUG#16b25dd8-b026-11f1-940d-eeee0a931608.capm-service-db-deployer#flowable-async-job-executor-thread-1652#
[PollExecuteTaskStatusExecution] 070d8486-d915-4207-813d-4e7e9b8a0d10 [2026-09-14T10:24:57.508925] Expanding "src/gen/data/raven.hr-LeaveRequests.hdbtabledata"... (STDOUT, APP/TASK/deploy)#
#2026 09 14 10:25:13.366#Z#DEBUG#16b25dd8-b026-11f1-940d-eeee0a931608.capm-service-db-deployer#flowable-async-job-executor-thread-1652#
[PollExecuteTaskStatusExecution] 070d8486-d915-4207-813d-4e7e9b8a0d10 [2026-09-14T10:24:57.508943] Expanding "src/gen/data/raven.hr-LeaveTypes.hdbtabledata"... (STDOUT, APP/TASK/deploy)#
#2026 09 14 10:25:13.366#Z#DEBUG#16b25dd8-b026-11f1-940d-eeee0a931608.capm-service-db-deployer#flowable-async-job-executor-thread-1652#
[PollExecuteTaskStatusExecution] 070d8486-d915-4207-813d-4e7e9b8a0d10 [2026-09-14T10:24:57.508965] Expanding "src/gen/data/raven.hr-LeaveRequests.hdbtabledata"... ok (0s 3ms) (STDOUT, APP/TASK/deploy)#
#2026 09 14 10:25:13.366#Z#DEBUG#16b25dd8-b026-11f1-940d-eeee0a931608.capm-service-db-deployer#flowable-async-job-executor-thread-1652#
[PollExecuteTaskStatusExecution] 070d8486-d915-4207-813d-4e7e9b8a0d10 [2026-09-14T10:24:57.508970] Expanding "src/gen/raven.hr.Departments.hdbtable"... (STDOUT, APP/TASK/deploy)#
#2026 09 14 10:25:13.366#Z#DEBUG#16b25dd8-b026-11f1-940d-eeee0a931608.capm-service-db-deployer#flowable-async-job-executor-thread-1652#
[PollExecuteTaskStatusExecution] 070d8486-d915-4207-813d-4e7e9b8a0d10 [2026-09-14T10:24:57.509028] Expanding "src/gen/data/raven.hr-LeaveTypes.hdbtabledata"... ok (0s 3ms) (STDOUT, APP/TASK/deploy)#
#2026 09 14 10:25:13.366#Z#DEBUG#16b25dd8-b026-11f1-940d-eeee0a931608.capm-service-db-deployer#flowable-async-job-executor-thread-1652#
[PollExecuteTaskStatusExecution] 070d8486-d915-4207-813d-4e7e9b8a0d10 [2026-09-14T10:24:57.509034] Expanding "src/gen/raven.hr.Employees.hdbtable"... (STDOUT, APP/TASK/deploy)#
#2026 09 14 10:25:13.366#Z#DEBUG#16b25dd8-b026-11f1-940d-eeee0a931608.capm-service-db-deployer#flowable-async-job-executor-thread-1652#
[PollExecuteTaskStatusExecution] 070d8486-d915-4207-813d-4e7e9b8a0d10 [2026-09-14T10:24:57.509045] Expanding "src/gen/data/raven.hr-LeaveBalances.hdbtabledata"... ok (0s 5ms) (STDOUT, APP/TASK/deploy)#
#2026 09 14 10:25:13.366#Z#DEBUG#16b25dd8-b026-11f1-940d-eeee0a931608.capm-service-db-deployer#flowable-async-job-executor-thread-1652#
[PollExecuteTaskStatusExecution] 070d8486-d915-4207-813d-4e7e9b8a0d10 [2026-09-14T10:24:57.509137] Expanding "src/gen/raven.hr.LeaveBalances.hdbtable"... (STDOUT, APP/TASK/deploy)#
#2026 09 14 10:25:13.366#Z#DEBUG#16b25dd8-b026-11f1-940d-eeee0a931608.capm-service-db-deployer#flowable-async-job-executor-thread-1652#
[PollExecuteTaskStatusExecution] 070d8486-d915-4207-813d-4e7e9b8a0d10 [2026-09-14T10:24:57.509192] Expanding "src/gen/raven.hr.Departments.hdbtable"... ok (0s 18ms) (STDOUT, APP/TASK/deploy)#
#2026 09 14 10:25:13.366#Z#DEBUG#16b25dd8-b026-11f1-940d-eeee0a931608.capm-service-db-deployer#flowable-async-job-executor-thread-1652#
[PollExecuteTaskStatusExecution] 070d8486-d915-4207-813d-4e7e9b8a0d10 [2026-09-14T10:24:57.509239] Expanding "src/gen/raven.hr.LeaveRequestAttachments.hdbtable"... (STDOUT, APP/TASK/deploy)#
#2026 09 14 10:25:13.366#Z#DEBUG#16b25dd8-b026-11f1-940d-eeee0a931608.capm-service-db-deployer#flowable-async-job-executor-thread-1652#
[PollExecuteTaskStatusExecution] 070d8486-d915-4207-813d-4e7e9b8a0d10 [2026-09-14T10:24:57.509292] Expanding "src/gen/HRService.LeaveRequestOverview.hdbview"... ok (0s 25ms) (STDOUT, APP/TASK/deploy)#
#2026 09 14 10:25:13.366#Z#DEBUG#16b25dd8-b026-11f1-940d-eeee0a931608.capm-service-db-deployer#flowable-async-job-executor-thread-1652#
[PollExecuteTaskStatusExecution] 070d8486-d915-4207-813d-4e7e9b8a0d10 [2026-09-14T10:24:57.509341] Expanding "src/gen/raven.hr.LeaveRequestOverview.hdbview"... (STDOUT, APP/TASK/deploy)#
#2026 09 14 10:25:13.366#Z#DEBUG#16b25dd8-b026-11f1-940d-eeee0a931608.capm-service-db-deployer#flowable-async-job-executor-thread-1652#
[PollExecuteTaskStatusExecution] 070d8486-d915-4207-813d-4e7e9b8a0d10 [2026-09-14T10:24:57.509392] Expanding "src/gen/raven.hr.LeaveBalances.hdbtable"... ok (0s 16ms) (STDOUT, APP/TASK/deploy)#
#2026 09 14 10:25:13.366#Z#DEBUG#16b25dd8-b026-11f1-940d-eeee0a931608.capm-service-db-deployer#flowable-async-job-executor-thread-1652#
[PollExecuteTaskStatusExecution] 070d8486-d915-4207-813d-4e7e9b8a0d10 [2026-09-14T10:24:57.509447] Expanding "src/gen/raven.hr.LeaveRequests.hdbtable"... (STDOUT, APP/TASK/deploy)#
#2026 09 14 10:25:13.366#Z#DEBUG#16b25dd8-b026-11f1-940d-eeee0a931608.capm-service-db-deployer#flowable-async-job-executor-thread-1652#
[PollExecuteTaskStatusExecution] 070d8486-d915-4207-813d-4e7e9b8a0d10 [2026-09-14T10:24:57.509508] Expanding "src/gen/raven.hr.Employees.hdbtable"... ok (0s 19ms) (STDOUT, APP/TASK/deploy)#
#2026 09 14 10:25:13.366#Z#DEBUG#16b25dd8-b026-11f1-940d-eeee0a931608.capm-service-db-deployer#flowable-async-job-executor-thread-1652#
[PollExecuteTaskStatusExecution] 070d8486-d915-4207-813d-4e7e9b8a0d10 [2026-09-14T10:24:57.509551] Expanding "src/gen/raven.hr.LeaveTypes.hdbtable"... (STDOUT, APP/TASK/deploy)#
#2026 09 14 10:25:13.366#Z#DEBUG#16b25dd8-b026-11f1-940d-eeee0a931608.capm-service-db-deployer#flowable-async-job-executor-thread-1652#
[PollExecuteTaskStatusExecution] 070d8486-d915-4207-813d-4e7e9b8a0d10 [2026-09-14T10:24:57.509606] Expanding "src/gen/raven.hr.LeaveRequests.hdbtable"... ok (0s 7ms) (STDOUT, APP/TASK/deploy)#
#2026 09 14 10:25:13.366#Z#DEBUG#16b25dd8-b026-11f1-940d-eeee0a931608.capm-service-db-deployer#flowable-async-job-executor-thread-1652#
[PollExecuteTaskStatusExecution] 070d8486-d915-4207-813d-4e7e9b8a0d10 [2026-09-14T10:24:57.509654] Expanding "src/gen/raven.hr.LeaveRequestAttachments.hdbtable"... ok (0s 8ms) (STDOUT, APP/TASK/deploy)#
#2026 09 14 10:25:13.366#Z#DEBUG#16b25dd8-b026-11f1-940d-eeee0a931608.capm-service-db-deployer#flowable-async-job-executor-thread-1652#
[PollExecuteTaskStatusExecution] 070d8486-d915-4207-813d-4e7e9b8a0d10 [2026-09-14T10:24:57.509708] Expanding "src/gen/raven.hr.LeaveRequestOverview.hdbview"... ok (0s 8ms) (STDOUT, APP/TASK/deploy)#
#2026 09 14 10:25:13.366#Z#DEBUG#16b25dd8-b026-11f1-940d-eeee0a931608.capm-service-db-deployer#flowable-async-job-executor-thread-1652#
[PollExecuteTaskStatusExecution] 070d8486-d915-4207-813d-4e7e9b8a0d10 [2026-09-14T10:24:57.509750] Expanding "src/gen/raven.hr.LeaveTypes.hdbtable"... ok (0s 8ms) (STDOUT, APP/TASK/deploy)#
#2026 09 14 10:25:13.366#Z#DEBUG#16b25dd8-b026-11f1-940d-eeee0a931608.capm-service-db-deployer#flowable-async-job-executor-thread-1652#
[PollExecuteTaskStatusExecution] 070d8486-d915-4207-813d-4e7e9b8a0d10 [2026-09-14T10:24:57.509805] Expanding... ok (0s 76ms) (STDOUT, APP/TASK/deploy)#
#2026 09 14 10:25:13.366#Z#DEBUG#16b25dd8-b026-11f1-940d-eeee0a931608.capm-service-db-deployer#flowable-async-job-executor-thread-1652#
[PollExecuteTaskStatusExecution] 070d8486-d915-4207-813d-4e7e9b8a0d10 [2026-09-14T10:24:57.509850] Precompiling... (STDOUT, APP/TASK/deploy)#
#2026 09 14 10:25:13.366#Z#DEBUG#16b25dd8-b026-11f1-940d-eeee0a931608.capm-service-db-deployer#flowable-async-job-executor-thread-1652#
[PollExecuteTaskStatusExecution] 070d8486-d915-4207-813d-4e7e9b8a0d10 [2026-09-14T10:24:57.596536] Precompiling "src/gen/HRService.LeaveRequestOverview.hdbview"... (STDOUT, APP/TASK/deploy)#
#2026 09 14 10:25:13.366#Z#DEBUG#16b25dd8-b026-11f1-940d-eeee0a931608.capm-service-db-deployer#flowable-async-job-executor-thread-1652#
[PollExecuteTaskStatusExecution] 070d8486-d915-4207-813d-4e7e9b8a0d10 [2026-09-14T10:24:57.596668] Precompiling "src/gen/data/raven.hr-Departments.csv"... (STDOUT, APP/TASK/deploy)#
#2026 09 14 10:25:13.366#Z#DEBUG#16b25dd8-b026-11f1-940d-eeee0a931608.capm-service-db-deployer#flowable-async-job-executor-thread-1652#
[PollExecuteTaskStatusExecution] 070d8486-d915-4207-813d-4e7e9b8a0d10 [2026-09-14T10:24:57.596736] Precompiling "src/gen/data/raven.hr-Departments.hdbtabledata"... (STDOUT, APP/TASK/deploy)#
#2026 09 14 10:25:13.366#Z#DEBUG#16b25dd8-b026-11f1-940d-eeee0a931608.capm-service-db-deployer#flowable-async-job-executor-thread-1652#
[PollExecuteTaskStatusExecution] 070d8486-d915-4207-813d-4e7e9b8a0d10 [2026-09-14T10:24:57.596828] Precompiling "src/gen/data/raven.hr-Departments.hdbtabledata"... ok (0s 0ms) (STDOUT, APP/TASK/deploy)#
#2026 09 14 10:25:13.366#Z#DEBUG#16b25dd8-b026-11f1-940d-eeee0a931608.capm-service-db-deployer#flowable-async-job-executor-thread-1652#
[PollExecuteTaskStatusExecution] 070d8486-d915-4207-813d-4e7e9b8a0d10 [2026-09-14T10:24:57.596870] Precompiling "src/gen/data/raven.hr-Departments.hdbtabledata$0.expand"... (STDOUT, APP/TASK/deploy)#
#2026 09 14 10:25:13.366#Z#DEBUG#16b25dd8-b026-11f1-940d-eeee0a931608.capm-service-db-deployer#flowable-async-job-executor-thread-1652#
[PollExecuteTaskStatusExecution] 070d8486-d915-4207-813d-4e7e9b8a0d10 [2026-09-14T10:24:57.596920] Expanded from "src/gen/data/raven.hr-Departments.hdbtabledata" (STDOUT, APP/TASK/deploy)#
#2026 09 14 10:25:13.366#Z#DEBUG#16b25dd8-b026-11f1-940d-eeee0a931608.capm-service-db-deployer#flowable-async-job-executor-thread-1652#
[PollExecuteTaskStatusExecution] 070d8486-d915-4207-813d-4e7e9b8a0d10 [2026-09-14T10:24:57.596966] Precompiling "src/gen/data/raven.hr-Departments.hdbtabledata$0.expand"... ok (0s 1ms) (STDOUT, APP/TASK/deploy)#
#2026 09 14 10:25:13.366#Z#DEBUG#16b25dd8-b026-11f1-940d-eeee0a931608.capm-service-db-deployer#flowable-async-job-executor-thread-1652#
[PollExecuteTaskStatusExecution] 070d8486-d915-4207-813d-4e7e9b8a0d10 [2026-09-14T10:24:57.597007] Precompiling "src/gen/data/raven.hr-Employees.csv"... (STDOUT, APP/TASK/deploy)#
#2026 09 14 10:25:13.366#Z#DEBUG#16b25dd8-b026-11f1-940d-eeee0a931608.capm-service-db-deployer#flowable-async-job-executor-thread-1652#
[PollExecuteTaskStatusExecution] 070d8486-d915-4207-813d-4e7e9b8a0d10 [2026-09-14T10:24:57.597041] Precompiling "src/gen/data/raven.hr-Employees.hdbtabledata"... (STDOUT, APP/TASK/deploy)#
#2026 09 14 10:25:13.366#Z#DEBUG#16b25dd8-b026-11f1-940d-eeee0a931608.capm-service-db-deployer#flowable-async-job-executor-thread-1652#
[PollExecuteTaskStatusExecution] 070d8486-d915-4207-813d-4e7e9b8a0d10 [2026-09-14T10:24:57.597093] Precompiling "src/gen/data/raven.hr-Employees.hdbtabledata"... ok (0s 0ms) (STDOUT, APP/TASK/deploy)#
#2026 09 14 10:25:13.366#Z#DEBUG#16b25dd8-b026-11f1-940d-eeee0a931608.capm-service-db-deployer#flowable-async-job-executor-thread-1652#
[PollExecuteTaskStatusExecution] 070d8486-d915-4207-813d-4e7e9b8a0d10 [2026-09-14T10:24:57.597133] Precompiling "src/gen/data/raven.hr-Employees.hdbtabledata$0.expand"... (STDOUT, APP/TASK/deploy)#
#2026 09 14 10:25:13.366#Z#DEBUG#16b25dd8-b026-11f1-940d-eeee0a931608.capm-service-db-deployer#flowable-async-job-executor-thread-1652#
[PollExecuteTaskStatusExecution] 070d8486-d915-4207-813d-4e7e9b8a0d10 [2026-09-14T10:24:57.597171] Expanded from "src/gen/data/raven.hr-Employees.hdbtabledata" (STDOUT, APP/TASK/deploy)#
#2026 09 14 10:25:13.366#Z#DEBUG#16b25dd8-b026-11f1-940d-eeee0a931608.capm-service-db-deployer#flowable-async-job-executor-thread-1652#
[PollExecuteTaskStatusExecution] 070d8486-d915-4207-813d-4e7e9b8a0d10 [2026-09-14T10:24:57.597209] Precompiling "src/gen/data/raven.hr-Departments.csv"... ok (0s 4ms) (STDOUT, APP/TASK/deploy)#
#2026 09 14 10:25:13.366#Z#DEBUG#16b25dd8-b026-11f1-940d-eeee0a931608.capm-service-db-deployer#flowable-async-job-executor-thread-1652#
[PollExecuteTaskStatusExecution] 070d8486-d915-4207-813d-4e7e9b8a0d10 [2026-09-14T10:24:57.597246] Precompiling "src/gen/data/raven.hr-LeaveBalances.csv"... (STDOUT, APP/TASK/deploy)#
#2026 09 14 10:25:13.366#Z#DEBUG#16b25dd8-b026-11f1-940d-eeee0a931608.capm-service-db-deployer#flowable-async-job-executor-thread-1652#
[PollExecuteTaskStatusExecution] 070d8486-d915-4207-813d-4e7e9b8a0d10 [2026-09-14T10:24:57.597280] Precompiling "src/gen/data/raven.hr-Employees.hdbtabledata$0.expand"... ok (0s 2ms) (STDOUT, APP/TASK/deploy)#
#2026 09 14 10:25:13.366#Z#DEBUG#16b25dd8-b026-11f1-940d-eeee0a931608.capm-service-db-deployer#flowable-async-job-executor-thread-1652#
[PollExecuteTaskStatusExecution] 070d8486-d915-4207-813d-4e7e9b8a0d10 [2026-09-14T10:24:57.597321] Precompiling "src/gen/data/raven.hr-LeaveBalances.hdbtabledata"... (STDOUT, APP/TASK/deploy)#
#2026 09 14 10:25:13.366#Z#DEBUG#16b25dd8-b026-11f1-940d-eeee0a931608.capm-service-db-deployer#flowable-async-job-executor-thread-1652#
[PollExecuteTaskStatusExecution] 070d8486-d915-4207-813d-4e7e9b8a0d10 [2026-09-14T10:24:57.597360] Precompiling "src/gen/data/raven.hr-LeaveBalances.hdbtabledata"... ok (0s 0ms) (STDOUT, APP/TASK/deploy)#
#2026 09 14 10:25:13.366#Z#DEBUG#16b25dd8-b026-11f1-940d-eeee0a931608.capm-service-db-deployer#flowable-async-job-executor-thread-1652#
[PollExecuteTaskStatusExecution] 070d8486-d915-4207-813d-4e7e9b8a0d10 [2026-09-14T10:24:57.597412] Precompiling "src/gen/data/raven.hr-LeaveBalances.csv"... ok (0s 2ms) (STDOUT, APP/TASK/deploy)#
#2026 09 14 10:25:13.366#Z#DEBUG#16b25dd8-b026-11f1-940d-eeee0a931608.capm-service-db-deployer#flowable-async-job-executor-thread-1652#
[PollExecuteTaskStatusExecution] 070d8486-d915-4207-813d-4e7e9b8a0d10 [2026-09-14T10:24:57.597466] Precompiling "src/gen/data/raven.hr-LeaveBalances.hdbtabledata$0.expand"... (STDOUT, APP/TASK/deploy)#
#2026 09 14 10:25:13.366#Z#DEBUG#16b25dd8-b026-11f1-940d-eeee0a931608.capm-service-db-deployer#flowable-async-job-executor-thread-1652#
[PollExecuteTaskStatusExecution] 070d8486-d915-4207-813d-4e7e9b8a0d10 [2026-09-14T10:24:57.597505] Expanded from "src/gen/data/raven.hr-LeaveBalances.hdbtabledata" (STDOUT, APP/TASK/deploy)#
#2026 09 14 10:25:13.366#Z#DEBUG#16b25dd8-b026-11f1-940d-eeee0a931608.capm-service-db-deployer#flowable-async-job-executor-thread-1652#
[PollExecuteTaskStatusExecution] 070d8486-d915-4207-813d-4e7e9b8a0d10 [2026-09-14T10:24:57.597542] Precompiling "src/gen/data/raven.hr-LeaveRequests.csv"... (STDOUT, APP/TASK/deploy)#
#2026 09 14 10:25:13.366#Z#DEBUG#16b25dd8-b026-11f1-940d-eeee0a931608.capm-service-db-deployer#flowable-async-job-executor-thread-1652#
[PollExecuteTaskStatusExecution] 070d8486-d915-4207-813d-4e7e9b8a0d10 [2026-09-14T10:24:57.597581] Precompiling "src/gen/data/raven.hr-Employees.csv"... ok (0s 4ms) (STDOUT, APP/TASK/deploy)#
#2026 09 14 10:25:13.366#Z#DEBUG#16b25dd8-b026-11f1-940d-eeee0a931608.capm-service-db-deployer#flowable-async-job-executor-thread-1652#
[PollExecuteTaskStatusExecution] 070d8486-d915-4207-813d-4e7e9b8a0d10 [2026-09-14T10:24:57.597619] Precompiling "src/gen/data/raven.hr-LeaveRequests.hdbtabledata"... (STDOUT, APP/TASK/deploy)#
#2026 09 14 10:25:13.366#Z#DEBUG#16b25dd8-b026-11f1-940d-eeee0a931608.capm-service-db-deployer#flowable-async-job-executor-thread-1652#
[PollExecuteTaskStatusExecution] 070d8486-d915-4207-813d-4e7e9b8a0d10 [2026-09-14T10:24:57.597658] Precompiling "src/gen/data/raven.hr-LeaveRequests.hdbtabledata"... ok (0s 0ms) (STDOUT, APP/TASK/deploy)#
#2026 09 14 10:25:13.366#Z#DEBUG#16b25dd8-b026-11f1-940d-eeee0a931608.capm-service-db-deployer#flowable-async-job-executor-thread-1652#
[PollExecuteTaskStatusExecution] 070d8486-d915-4207-813d-4e7e9b8a0d10 [2026-09-14T10:24:57.597702] Precompiling "src/gen/data/raven.hr-LeaveRequests.hdbtabledata$0.expand"... (STDOUT, APP/TASK/deploy)#
#2026 09 14 10:25:13.366#Z#DEBUG#16b25dd8-b026-11f1-940d-eeee0a931608.capm-service-db-deployer#flowable-async-job-executor-thread-1652#
[PollExecuteTaskStatusExecution] 070d8486-d915-4207-813d-4e7e9b8a0d10 [2026-09-14T10:24:57.598880] Expanded from "src/gen/data/raven.hr-LeaveRequests.hdbtabledata" (STDOUT, APP/TASK/deploy)#
#2026 09 14 10:25:13.366#Z#DEBUG#16b25dd8-b026-11f1-940d-eeee0a931608.capm-service-db-deployer#flowable-async-job-executor-thread-1652#
[PollExecuteTaskStatusExecution] 070d8486-d915-4207-813d-4e7e9b8a0d10 [2026-09-14T10:24:57.599089] Precompiling "src/gen/data/raven.hr-LeaveRequests.csv"... ok (0s 2ms) (STDOUT, APP/TASK/deploy)#
#2026 09 14 10:25:13.366#Z#DEBUG#16b25dd8-b026-11f1-940d-eeee0a931608.capm-service-db-deployer#flowable-async-job-executor-thread-1652#
[PollExecuteTaskStatusExecution] 070d8486-d915-4207-813d-4e7e9b8a0d10 [2026-09-14T10:24:57.599162] Precompiling "src/gen/data/raven.hr-LeaveTypes.csv"... (STDOUT, APP/TASK/deploy)#
#2026 09 14 10:25:13.366#Z#DEBUG#16b25dd8-b026-11f1-940d-eeee0a931608.capm-service-db-deployer#flowable-async-job-executor-thread-1652#
[PollExecuteTaskStatusExecution] 070d8486-d915-4207-813d-4e7e9b8a0d10 [2026-09-14T10:24:57.599202] Precompiling "src/gen/data/raven.hr-LeaveBalances.hdbtabledata$0.expand"... ok (0s 3ms) (STDOUT, APP/TASK/deploy)#
#2026 09 14 10:25:13.366#Z#DEBUG#16b25dd8-b026-11f1-940d-eeee0a931608.capm-service-db-deployer#flowable-async-job-executor-thread-1652#
[PollExecuteTaskStatusExecution] 070d8486-d915-4207-813d-4e7e9b8a0d10 [2026-09-14T10:24:57.599301] Precompiling "src/gen/data/raven.hr-LeaveTypes.hdbtabledata"... (STDOUT, APP/TASK/deploy)#
#2026 09 14 10:25:13.366#Z#DEBUG#16b25dd8-b026-11f1-940d-eeee0a931608.capm-service-db-deployer#flowable-async-job-executor-thread-1652#
[PollExecuteTaskStatusExecution] 070d8486-d915-4207-813d-4e7e9b8a0d10 [2026-09-14T10:24:57.599367] Precompiling "src/gen/data/raven.hr-LeaveTypes.hdbtabledata"... ok (0s 0ms) (STDOUT, APP/TASK/deploy)#
#2026 09 14 10:25:13.366#Z#DEBUG#16b25dd8-b026-11f1-940d-eeee0a931608.capm-service-db-deployer#flowable-async-job-executor-thread-1652#
[PollExecuteTaskStatusExecution] 070d8486-d915-4207-813d-4e7e9b8a0d10 [2026-09-14T10:24:57.599409] Precompiling "src/gen/data/raven.hr-LeaveTypes.hdbtabledata$0.expand"... (STDOUT, APP/TASK/deploy)#
#2026 09 14 10:25:13.366#Z#DEBUG#16b25dd8-b026-11f1-940d-eeee0a931608.capm-service-db-deployer#flowable-async-job-executor-thread-1652#
[PollExecuteTaskStatusExecution] 070d8486-d915-4207-813d-4e7e9b8a0d10 [2026-09-14T10:24:57.599444] Expanded from "src/gen/data/raven.hr-LeaveTypes.hdbtabledata" (STDOUT, APP/TASK/deploy)#
#2026 09 14 10:25:13.366#Z#DEBUG#16b25dd8-b026-11f1-940d-eeee0a931608.capm-service-db-deployer#flowable-async-job-executor-thread-1652#
[PollExecuteTaskStatusExecution] 070d8486-d915-4207-813d-4e7e9b8a0d10 [2026-09-14T10:24:57.599499] Precompiling "src/gen/data/raven.hr-LeaveTypes.csv"... ok (0s 1ms) (STDOUT, APP/TASK/deploy)#
#2026 09 14 10:25:13.366#Z#DEBUG#16b25dd8-b026-11f1-940d-eeee0a931608.capm-service-db-deployer#flowable-async-job-executor-thread-1652#
[PollExecuteTaskStatusExecution] 070d8486-d915-4207-813d-4e7e9b8a0d10 [2026-09-14T10:24:57.599538] Precompiling "src/gen/raven.hr.Departments.hdbtable"... (STDOUT, APP/TASK/deploy)#
#2026 09 14 10:25:13.366#Z#DEBUG#16b25dd8-b026-11f1-940d-eeee0a931608.capm-service-db-deployer#flowable-async-job-executor-thread-1652#
[PollExecuteTaskStatusExecution] 070d8486-d915-4207-813d-4e7e9b8a0d10 [2026-09-14T10:24:57.599576] Precompiling "src/gen/data/raven.hr-LeaveRequests.hdbtabledata$0.expand"... ok (0s 3ms) (STDOUT, APP/TASK/deploy)#
#2026 09 14 10:25:13.366#Z#DEBUG#16b25dd8-b026-11f1-940d-eeee0a931608.capm-service-db-deployer#flowable-async-job-executor-thread-1652#
[PollExecuteTaskStatusExecution] 070d8486-d915-4207-813d-4e7e9b8a0d10 [2026-09-14T10:24:57.599611] Precompiling "src/gen/raven.hr.Employees.hdbtable"... (STDOUT, APP/TASK/deploy)#
#2026 09 14 10:25:13.366#Z#DEBUG#16b25dd8-b026-11f1-940d-eeee0a931608.capm-service-db-deployer#flowable-async-job-executor-thread-1652#
[PollExecuteTaskStatusExecution] 070d8486-d915-4207-813d-4e7e9b8a0d10 [2026-09-14T10:24:57.599647] Precompiling "src/gen/data/raven.hr-LeaveTypes.hdbtabledata$0.expand"... ok (0s 1ms) (STDOUT, APP/TASK/deploy)#
#2026 09 14 10:25:13.366#Z#DEBUG#16b25dd8-b026-11f1-940d-eeee0a931608.capm-service-db-deployer#flowable-async-job-executor-thread-1652#
[PollExecuteTaskStatusExecution] 070d8486-d915-4207-813d-4e7e9b8a0d10 [2026-09-14T10:24:57.599689] Precompiling "src/gen/raven.hr.LeaveBalances.hdbtable"... (STDOUT, APP/TASK/deploy)#
#2026 09 14 10:25:13.366#Z#DEBUG#16b25dd8-b026-11f1-940d-eeee0a931608.capm-service-db-deployer#flowable-async-job-executor-thread-1652#
[PollExecuteTaskStatusExecution] 070d8486-d915-4207-813d-4e7e9b8a0d10 [2026-09-14T10:24:57.599728] Precompiling "src/gen/HRService.LeaveRequestOverview.hdbview"... ok (0s 14ms) (STDOUT, APP/TASK/deploy)#
#2026 09 14 10:25:13.366#Z#DEBUG#16b25dd8-b026-11f1-940d-eeee0a931608.capm-service-db-deployer#flowable-async-job-executor-thread-1652#
[PollExecuteTaskStatusExecution] 070d8486-d915-4207-813d-4e7e9b8a0d10 [2026-09-14T10:24:57.599766] Precompiling "src/gen/raven.hr.LeaveRequestAttachments.hdbtable"... (STDOUT, APP/TASK/deploy)#
#2026 09 14 10:25:13.366#Z#DEBUG#16b25dd8-b026-11f1-940d-eeee0a931608.capm-service-db-deployer#flowable-async-job-executor-thread-1652#
[PollExecuteTaskStatusExecution] 070d8486-d915-4207-813d-4e7e9b8a0d10 [2026-09-14T10:24:57.599805] Precompiling "src/gen/raven.hr.Employees.hdbtable"... ok (0s 9ms) (STDOUT, APP/TASK/deploy)#
#2026 09 14 10:25:13.366#Z#DEBUG#16b25dd8-b026-11f1-940d-eeee0a931608.capm-service-db-deployer#flowable-async-job-executor-thread-1652#
[PollExecuteTaskStatusExecution] 070d8486-d915-4207-813d-4e7e9b8a0d10 [2026-09-14T10:24:57.599841] Precompiling "src/gen/raven.hr.Departments.hdbtable"... ok (0s 10ms) (STDOUT, APP/TASK/deploy)#
#2026 09 14 10:25:13.366#Z#DEBUG#16b25dd8-b026-11f1-940d-eeee0a931608.capm-service-db-deployer#flowable-async-job-executor-thread-1652#
[PollExecuteTaskStatusExecution] 070d8486-d915-4207-813d-4e7e9b8a0d10 [2026-09-14T10:24:57.599883] Precompiling "src/gen/raven.hr.LeaveRequestOverview.hdbview"... (STDOUT, APP/TASK/deploy)#
#2026 09 14 10:25:13.366#Z#DEBUG#16b25dd8-b026-11f1-940d-eeee0a931608.capm-service-db-deployer#flowable-async-job-executor-thread-1652#
[PollExecuteTaskStatusExecution] 070d8486-d915-4207-813d-4e7e9b8a0d10 [2026-09-14T10:24:57.599933] Precompiling "src/gen/raven.hr.LeaveRequests.hdbtable"... (STDOUT, APP/TASK/deploy)#
#2026 09 14 10:25:13.366#Z#DEBUG#16b25dd8-b026-11f1-940d-eeee0a931608.capm-service-db-deployer#flowable-async-job-executor-thread-1652#
[PollExecuteTaskStatusExecution] 070d8486-d915-4207-813d-4e7e9b8a0d10 [2026-09-14T10:24:57.599973] Precompiling "src/gen/raven.hr.LeaveRequestAttachments.hdbtable"... ok (0s 9ms) (STDOUT, APP/TASK/deploy)#
#2026 09 14 10:25:13.366#Z#DEBUG#16b25dd8-b026-11f1-940d-eeee0a931608.capm-service-db-deployer#flowable-async-job-executor-thread-1652#
[PollExecuteTaskStatusExecution] 070d8486-d915-4207-813d-4e7e9b8a0d10 [2026-09-14T10:24:57.600013] Precompiling "src/gen/raven.hr.LeaveTypes.hdbtable"... (STDOUT, APP/TASK/deploy)#
#2026 09 14 10:25:13.366#Z#DEBUG#16b25dd8-b026-11f1-940d-eeee0a931608.capm-service-db-deployer#flowable-async-job-executor-thread-1652#
[PollExecuteTaskStatusExecution] 070d8486-d915-4207-813d-4e7e9b8a0d10 [2026-09-14T10:24:57.600052] Precompiling "src/gen/raven.hr.LeaveBalances.hdbtable"... ok (0s 15ms) (STDOUT, APP/TASK/deploy)#
#2026 09 14 10:25:13.366#Z#DEBUG#16b25dd8-b026-11f1-940d-eeee0a931608.capm-service-db-deployer#flowable-async-job-executor-thread-1652#
[PollExecuteTaskStatusExecution] 070d8486-d915-4207-813d-4e7e9b8a0d10 [2026-09-14T10:24:57.600093] Precompiling "src/leaveRequestNumber.hdbsequence"... (STDOUT, APP/TASK/deploy)#
#2026 09 14 10:25:13.366#Z#DEBUG#16b25dd8-b026-11f1-940d-eeee0a931608.capm-service-db-deployer#flowable-async-job-executor-thread-1652#
[PollExecuteTaskStatusExecution] 070d8486-d915-4207-813d-4e7e9b8a0d10 [2026-09-14T10:24:57.600226] Precompiling "src/gen/raven.hr.LeaveRequests.hdbtable"... ok (0s 9ms) (STDOUT, APP/TASK/deploy)#
#2026 09 14 10:25:13.366#Z#DEBUG#16b25dd8-b026-11f1-940d-eeee0a931608.capm-service-db-deployer#flowable-async-job-executor-thread-1652#
[PollExecuteTaskStatusExecution] 070d8486-d915-4207-813d-4e7e9b8a0d10 [2026-09-14T10:24:57.600328] Precompiling "src/recalcLeaveBalance.hdbprocedure"... (STDOUT, APP/TASK/deploy)#
#2026 09 14 10:25:13.366#Z#DEBUG#16b25dd8-b026-11f1-940d-eeee0a931608.capm-service-db-deployer#flowable-async-job-executor-thread-1652#
[PollExecuteTaskStatusExecution] 070d8486-d915-4207-813d-4e7e9b8a0d10 [2026-09-14T10:24:57.600424] Precompiling "src/gen/raven.hr.LeaveRequestOverview.hdbview"... ok (0s 11ms) (STDOUT, APP/TASK/deploy)#
#2026 09 14 10:25:13.366#Z#DEBUG#16b25dd8-b026-11f1-940d-eeee0a931608.capm-service-db-deployer#flowable-async-job-executor-thread-1652#
[PollExecuteTaskStatusExecution] 070d8486-d915-4207-813d-4e7e9b8a0d10 [2026-09-14T10:24:57.600534] Precompiling "src/gen/raven.hr.LeaveTypes.hdbtable"... ok (0s 8ms) (STDOUT, APP/TASK/deploy)#
#2026 09 14 10:25:13.366#Z#DEBUG#16b25dd8-b026-11f1-940d-eeee0a931608.capm-service-db-deployer#flowable-async-job-executor-thread-1652#
[PollExecuteTaskStatusExecution] 070d8486-d915-4207-813d-4e7e9b8a0d10 [2026-09-14T10:24:57.601160] Error: com.sap.hana.di.sequence: Syntax error: "incorrect syntax near ":"" [8250009] (STDERR, APP/TASK/deploy)#
#2026 09 14 10:25:13.366#Z#DEBUG#16b25dd8-b026-11f1-940d-eeee0a931608.capm-service-db-deployer#flowable-async-job-executor-thread-1652#
[PollExecuteTaskStatusExecution] 070d8486-d915-4207-813d-4e7e9b8a0d10 [2026-09-14T10:24:57.601238] at "src/leaveRequestNumber.hdbsequence" (1:7) (STDOUT, APP/TASK/deploy)#
#2026 09 14 10:25:13.366#Z#DEBUG#16b25dd8-b026-11f1-940d-eeee0a931608.capm-service-db-deployer#flowable-async-job-executor-thread-1652#
[PollExecuteTaskStatusExecution] 070d8486-d915-4207-813d-4e7e9b8a0d10 [2026-09-14T10:24:57.601358] Precompiling "src/recalcLeaveBalance.hdbprocedure"... ok (0s 7ms) (STDOUT, APP/TASK/deploy)#
#2026 09 14 10:25:13.366#Z#DEBUG#16b25dd8-b026-11f1-940d-eeee0a931608.capm-service-db-deployer#flowable-async-job-executor-thread-1652#
[PollExecuteTaskStatusExecution] 070d8486-d915-4207-813d-4e7e9b8a0d10 [2026-09-14T10:24:57.601541] Error: Precompiling... failed [8212133] (STDERR, APP/TASK/deploy)#
#2026 09 14 10:25:13.366#Z#DEBUG#16b25dd8-b026-11f1-940d-eeee0a931608.capm-service-db-deployer#flowable-async-job-executor-thread-1652#
[PollExecuteTaskStatusExecution] 070d8486-d915-4207-813d-4e7e9b8a0d10 [2026-09-14T10:24:57.601554] Error: Calculating dependencies... failed [8212108] (STDERR, APP/TASK/deploy)#
#2026 09 14 10:25:13.366#Z#DEBUG#16b25dd8-b026-11f1-940d-eeee0a931608.capm-service-db-deployer#flowable-async-job-executor-thread-1652#
[PollExecuteTaskStatusExecution] 070d8486-d915-4207-813d-4e7e9b8a0d10 [2026-09-14T10:24:57.601593] Make failed (5 errors, 0 warnings): tried to deploy 22 files, undeploy 0 files, redeploy 0 dependent files (STDOUT, APP/TASK/deploy)#
#2026 09 14 10:25:13.366#Z#DEBUG#16b25dd8-b026-11f1-940d-eeee0a931608.capm-service-db-deployer#flowable-async-job-executor-thread-1652#
[PollExecuteTaskStatusExecution] 070d8486-d915-4207-813d-4e7e9b8a0d10 [2026-09-14T10:24:57.601672] Error: Making... failed [8211605] (STDERR, APP/TASK/deploy)#
#2026 09 14 10:25:13.366#Z#DEBUG#16b25dd8-b026-11f1-940d-eeee0a931608.capm-service-db-deployer#flowable-async-job-executor-thread-1652#
[PollExecuteTaskStatusExecution] 070d8486-d915-4207-813d-4e7e9b8a0d10 [2026-09-14T10:24:57.601694] Error: Starting make in the container "6A5478B8D26E43D8A56BA48D201A9E69" with 22 files to deploy, 0 files to undeploy... failed [8214168] (STDERR, APP/TASK/deploy)#
#2026 09 14 10:25:13.366#Z#DEBUG#16b25dd8-b026-11f1-940d-eeee0a931608.capm-service-db-deployer#flowable-async-job-executor-thread-1652#
[PollExecuteTaskStatusExecution] 070d8486-d915-4207-813d-4e7e9b8a0d10 [2026-09-14T10:24:57.602307] Deployment to container 6A5478B8D26E43D8A56BA48D201A9E69 failed - error: HDI make failed [Deployment ID: none]. (STDERR, APP/TASK/deploy)#
#2026 09 14 10:25:13.366#Z#DEBUG#16b25dd8-b026-11f1-940d-eeee0a931608.capm-service-db-deployer#flowable-async-job-executor-thread-1652#
[PollExecuteTaskStatusExecution] 070d8486-d915-4207-813d-4e7e9b8a0d10 [2026-09-14T10:24:57.603516] Deployment ended at 2026-09-14 10:24:57 (STDOUT, APP/TASK/deploy)#
#2026 09 14 10:25:13.366#Z#DEBUG#16b25dd8-b026-11f1-940d-eeee0a931608.capm-service-db-deployer#flowable-async-job-executor-thread-1652#
[PollExecuteTaskStatusExecution] 070d8486-d915-4207-813d-4e7e9b8a0d10 [2026-09-14T10:24:57.603598] Error: HDI make failed (STDERR, APP/TASK/deploy)#
#2026 09 14 10:25:13.366#Z#DEBUG#16b25dd8-b026-11f1-940d-eeee0a931608.capm-service-db-deployer#flowable-async-job-executor-thread-1652#
[PollExecuteTaskStatusExecution] 070d8486-d915-4207-813d-4e7e9b8a0d10 [2026-09-14T10:24:57.606352] (6s 550ms) (STDOUT, APP/TASK/deploy)#
#2026 09 14 10:25:13.366#Z#DEBUG#16b25dd8-b026-11f1-940d-eeee0a931608.capm-service-db-deployer#flowable-async-job-executor-thread-1652#
[PollExecuteTaskStatusExecution] 070d8486-d915-4207-813d-4e7e9b8a0d10 [2026-09-14T10:24:57.628588] npm notice (STDERR, APP/TASK/deploy)#
#2026 09 14 10:25:13.366#Z#DEBUG#16b25dd8-b026-11f1-940d-eeee0a931608.capm-service-db-deployer#flowable-async-job-executor-thread-1652#
[PollExecuteTaskStatusExecution] 070d8486-d915-4207-813d-4e7e9b8a0d10 [2026-09-14T10:24:57.628602] npm notice New major version of npm available! 11.16.0 -> 12.0.2 (STDERR, APP/TASK/deploy)#
#2026 09 14 10:25:13.366#Z#DEBUG#16b25dd8-b026-11f1-940d-eeee0a931608.capm-service-db-deployer#flowable-async-job-executor-thread-1652#
[PollExecuteTaskStatusExecution] 070d8486-d915-4207-813d-4e7e9b8a0d10 [2026-09-14T10:24:57.628606] npm notice Changelog: https://github.com/npm/cli/releases/tag/v12.0.2 (STDERR, APP/TASK/deploy)#
#2026 09 14 10:25:13.366#Z#DEBUG#16b25dd8-b026-11f1-940d-eeee0a931608.capm-service-db-deployer#flowable-async-job-executor-thread-1652#
[PollExecuteTaskStatusExecution] 070d8486-d915-4207-813d-4e7e9b8a0d10 [2026-09-14T10:24:57.628609] npm notice To update run: npm install -g npm@12.0.2 (STDERR, APP/TASK/deploy)#
#2026 09 14 10:25:13.366#Z#DEBUG#16b25dd8-b026-11f1-940d-eeee0a931608.capm-service-db-deployer#flowable-async-job-executor-thread-1652#
[PollExecuteTaskStatusExecution] 070d8486-d915-4207-813d-4e7e9b8a0d10 [2026-09-14T10:24:57.628611] npm notice (STDERR, APP/TASK/deploy)#
#2026 09 14 10:25:13.366#Z#DEBUG#16b25dd8-b026-11f1-940d-eeee0a931608.capm-service-db-deployer#flowable-async-job-executor-thread-1652#
[PollExecuteTaskStatusExecution] 070d8486-d915-4207-813d-4e7e9b8a0d10 [2026-09-14T10:24:57.710844] Exit status 1 (STDOUT, APP/TASK/deploy)#
#2026 09 14 10:25:13.366#Z#DEBUG#16b25dd8-b026-11f1-940d-eeee0a931608.capm-service-db-deployer#flowable-async-job-executor-thread-1652#
[PollExecuteTaskStatusExecution] 070d8486-d915-4207-813d-4e7e9b8a0d10 [2026-09-14T10:24:58.442442] Cell 684caff8-89cd-492b-be01-b3d0835f1763 stopping instance 03beed85-1f9b-439a-9e1a-f916c3129f59 (STDOUT, CELL)#
#2026 09 14 10:25:13.366#Z#DEBUG#16b25dd8-b026-11f1-940d-eeee0a931608.capm-service-db-deployer#flowable-async-job-executor-thread-1652#
[PollExecuteTaskStatusExecution] 070d8486-d915-4207-813d-4e7e9b8a0d10 [2026-09-14T10:24:58.442496] Cell 684caff8-89cd-492b-be01-b3d0835f1763 destroying container for instance 03beed85-1f9b-439a-9e1a-f916c3129f59 (STDOUT, CELL)#
#2026 09 14 10:25:13.366#Z#DEBUG#16b25dd8-b026-11f1-940d-eeee0a931608.capm-service-db-deployer#flowable-async-job-executor-thread-1652#
[PollExecuteTaskStatusExecution] 070d8486-d915-4207-813d-4e7e9b8a0d10 [2026-09-14T10:25:01.391234] Cell 684caff8-89cd-492b-be01-b3d0835f1763 successfully destroyed container for instance 03beed85-1f9b-439a-9e1a-f916c3129f59 (STDOUT, CELL)#
#2026 09 14 10:25:13.366#Z#DEBUG#16b25dd8-b026-11f1-940d-eeee0a931608.capm-service-db-deployer#flowable-async-job-executor-thread-1652#
[PollExecuteTaskStatusExecution] 070d8486-d915-4207-813d-4e7e9b8a0d10 [2026-09-14T10:25:05.948281] Cell 684caff8-89cd-492b-be01-b3d0835f1763 creating container for instance 19030823-c385-493d-bda7-42ae75fb57bf (STDOUT, CELL)#
#2026 09 14 10:25:13.366#Z#DEBUG#16b25dd8-b026-11f1-940d-eeee0a931608.capm-service-db-deployer#flowable-async-job-executor-thread-1652#
[PollExecuteTaskStatusExecution] 070d8486-d915-4207-813d-4e7e9b8a0d10 [2026-09-14T10:25:06.787906] Security group rules were updated (STDOUT, CELL)#
#2026 09 14 10:25:13.366#Z#DEBUG#16b25dd8-b026-11f1-940d-eeee0a931608.capm-service-db-deployer#flowable-async-job-executor-thread-1652#
[PollExecuteTaskStatusExecution] 070d8486-d915-4207-813d-4e7e9b8a0d10 [2026-09-14T10:25:06.894593] Cell 684caff8-89cd-492b-be01-b3d0835f1763 successfully created container for instance 19030823-c385-493d-bda7-42ae75fb57bf (STDOUT, CELL)#
#2026 09 14 10:25:13.366#Z#DEBUG#16b25dd8-b026-11f1-940d-eeee0a931608.capm-service-db-deployer#flowable-async-job-executor-thread-1652#
[PollExecuteTaskStatusExecution] 070d8486-d915-4207-813d-4e7e9b8a0d10 [2026-09-14T10:25:12.445269] Invoking pre-start scripts. (STDOUT, APP/TASK/deploy)#
#2026 09 14 10:25:13.366#Z#DEBUG#16b25dd8-b026-11f1-940d-eeee0a931608.capm-service-db-deployer#flowable-async-job-executor-thread-1652#
[PollExecuteTaskStatusExecution] 070d8486-d915-4207-813d-4e7e9b8a0d10 [2026-09-14T10:25:12.691344] Invoking start command. (STDOUT, APP/TASK/deploy)#
#2026 09 14 10:25:23.474#Z#DEBUG#16b25dd8-b026-11f1-940d-eeee0a931608.capm-service-db-deployer#flowable-async-job-executor-thread-1656#
[PollExecuteTaskStatusExecution] 070d8486-d915-4207-813d-4e7e9b8a0d10 [2026-09-14T10:25:13.332112] > start (STDOUT, APP/TASK/deploy)#
#2026 09 14 10:25:23.474#Z#DEBUG#16b25dd8-b026-11f1-940d-eeee0a931608.capm-service-db-deployer#flowable-async-job-executor-thread-1656#
[PollExecuteTaskStatusExecution] 070d8486-d915-4207-813d-4e7e9b8a0d10 [2026-09-14T10:25:13.332152] > node node_modules/@sap/hdi-deploy/deploy.js --use-hdb --parameter com.sap.hana.di.table/try_fast_table_migration=true (STDOUT, APP/TASK/deploy)#
#2026 09 14 10:25:23.474#Z#DEBUG#16b25dd8-b026-11f1-940d-eeee0a931608.capm-service-db-deployer#flowable-async-job-executor-thread-1656#
[PollExecuteTaskStatusExecution] 070d8486-d915-4207-813d-4e7e9b8a0d10 [2026-09-14T10:25:13.544170] VCAP_SERVICES: (STDOUT, APP/TASK/deploy)#
#2026 09 14 10:25:23.474#Z#DEBUG#16b25dd8-b026-11f1-940d-eeee0a931608.capm-service-db-deployer#flowable-async-job-executor-thread-1656#
[PollExecuteTaskStatusExecution] 070d8486-d915-4207-813d-4e7e9b8a0d10 [2026-09-14T10:25:13.544855] { (STDOUT, APP/TASK/deploy)#
#2026 09 14 10:25:23.474#Z#DEBUG#16b25dd8-b026-11f1-940d-eeee0a931608.capm-service-db-deployer#flowable-async-job-executor-thread-1656#
[PollExecuteTaskStatusExecution] 070d8486-d915-4207-813d-4e7e9b8a0d10 [2026-09-14T10:25:13.544882] "hana": [ (STDOUT, APP/TASK/deploy)#
#2026 09 14 10:25:23.474#Z#DEBUG#16b25dd8-b026-11f1-940d-eeee0a931608.capm-service-db-deployer#flowable-async-job-executor-thread-1656#
[PollExecuteTaskStatusExecution] 070d8486-d915-4207-813d-4e7e9b8a0d10 [2026-09-14T10:25:13.544886] { (STDOUT, APP/TASK/deploy)#
#2026 09 14 10:25:23.474#Z#DEBUG#16b25dd8-b026-11f1-940d-eeee0a931608.capm-service-db-deployer#flowable-async-job-executor-thread-1656#
[PollExecuteTaskStatusExecution] 070d8486-d915-4207-813d-4e7e9b8a0d10 [2026-09-14T10:25:13.544890] "name": "capm-service-db", (STDOUT, APP/TASK/deploy)#
#2026 09 14 10:25:23.474#Z#DEBUG#16b25dd8-b026-11f1-940d-eeee0a931608.capm-service-db-deployer#flowable-async-job-executor-thread-1656#
[PollExecuteTaskStatusExecution] 070d8486-d915-4207-813d-4e7e9b8a0d10 [2026-09-14T10:25:13.544895] "label": "hana", (STDOUT, APP/TASK/deploy)#
#2026 09 14 10:25:23.474#Z#DEBUG#16b25dd8-b026-11f1-940d-eeee0a931608.capm-service-db-deployer#flowable-async-job-executor-thread-1656#
[PollExecuteTaskStatusExecution] 070d8486-d915-4207-813d-4e7e9b8a0d10 [2026-09-14T10:25:13.544897] "plan": "hdi-shared", (STDOUT, APP/TASK/deploy)#
#2026 09 14 10:25:23.474#Z#DEBUG#16b25dd8-b026-11f1-940d-eeee0a931608.capm-service-db-deployer#flowable-async-job-executor-thread-1656#
[PollExecuteTaskStatusExecution] 070d8486-d915-4207-813d-4e7e9b8a0d10 [2026-09-14T10:25:13.544900] "credentials": { (STDOUT, APP/TASK/deploy)#
#2026 09 14 10:25:23.474#Z#DEBUG#16b25dd8-b026-11f1-940d-eeee0a931608.capm-service-db-deployer#flowable-async-job-executor-thread-1656#
[PollExecuteTaskStatusExecution] 070d8486-d915-4207-813d-4e7e9b8a0d10 [2026-09-14T10:25:13.544904] "schema": "6A5478B8D26E43D8A56BA48D201A9E69", (STDOUT, APP/TASK/deploy)#
#2026 09 14 10:25:23.474#Z#DEBUG#16b25dd8-b026-11f1-940d-eeee0a931608.capm-service-db-deployer#flowable-async-job-executor-thread-1656#
[PollExecuteTaskStatusExecution] 070d8486-d915-4207-813d-4e7e9b8a0d10 [2026-09-14T10:25:13.544907] "database_id": "221ad0bc-2da6-46e8-8162-1eebb6fdd039", (STDOUT, APP/TASK/deploy)#
#2026 09 14 10:25:23.474#Z#DEBUG#16b25dd8-b026-11f1-940d-eeee0a931608.capm-service-db-deployer#flowable-async-job-executor-thread-1656#
[PollExecuteTaskStatusExecution] 070d8486-d915-4207-813d-4e7e9b8a0d10 [2026-09-14T10:25:13.544911] "user": "6A5478B8D26E43D8A56BA48D201A9E69_0A5QTHQO93V752I1NIUZEL1CU_RT", (STDOUT, APP/TASK/deploy)#
#2026 09 14 10:25:23.474#Z#DEBUG#16b25dd8-b026-11f1-940d-eeee0a931608.capm-service-db-deployer#flowable-async-job-executor-thread-1656#
[PollExecuteTaskStatusExecution] 070d8486-d915-4207-813d-4e7e9b8a0d10 [2026-09-14T10:25:13.544917] "hdi_user": "6A5478B8D26E43D8A56BA48D201A9E69_0A5QTHQO93V752I1NIUZEL1CU_DT" (STDOUT, APP/TASK/deploy)#
#2026 09 14 10:25:23.474#Z#DEBUG#16b25dd8-b026-11f1-940d-eeee0a931608.capm-service-db-deployer#flowable-async-job-executor-thread-1656#
[PollExecuteTaskStatusExecution] 070d8486-d915-4207-813d-4e7e9b8a0d10 [2026-09-14T10:25:13.544922] }, (STDOUT, APP/TASK/deploy)#
#2026 09 14 10:25:23.474#Z#DEBUG#16b25dd8-b026-11f1-940d-eeee0a931608.capm-service-db-deployer#flowable-async-job-executor-thread-1656#
[PollExecuteTaskStatusExecution] 070d8486-d915-4207-813d-4e7e9b8a0d10 [2026-09-14T10:25:13.544925] "tags": [ (STDOUT, APP/TASK/deploy)#
#2026 09 14 10:25:23.474#Z#DEBUG#16b25dd8-b026-11f1-940d-eeee0a931608.capm-service-db-deployer#flowable-async-job-executor-thread-1656#
[PollExecuteTaskStatusExecution] 070d8486-d915-4207-813d-4e7e9b8a0d10 [2026-09-14T10:25:13.544927] "hana", (STDOUT, APP/TASK/deploy)#
#2026 09 14 10:25:23.474#Z#DEBUG#16b25dd8-b026-11f1-940d-eeee0a931608.capm-service-db-deployer#flowable-async-job-executor-thread-1656#
[PollExecuteTaskStatusExecution] 070d8486-d915-4207-813d-4e7e9b8a0d10 [2026-09-14T10:25:13.544929] "database", (STDOUT, APP/TASK/deploy)#
#2026 09 14 10:25:23.474#Z#DEBUG#16b25dd8-b026-11f1-940d-eeee0a931608.capm-service-db-deployer#flowable-async-job-executor-thread-1656#
[PollExecuteTaskStatusExecution] 070d8486-d915-4207-813d-4e7e9b8a0d10 [2026-09-14T10:25:13.544932] "relational" (STDOUT, APP/TASK/deploy)#
#2026 09 14 10:25:23.474#Z#DEBUG#16b25dd8-b026-11f1-940d-eeee0a931608.capm-service-db-deployer#flowable-async-job-executor-thread-1656#
[PollExecuteTaskStatusExecution] 070d8486-d915-4207-813d-4e7e9b8a0d10 [2026-09-14T10:25:13.544934] ] (STDOUT, APP/TASK/deploy)#
#2026 09 14 10:25:23.474#Z#DEBUG#16b25dd8-b026-11f1-940d-eeee0a931608.capm-service-db-deployer#flowable-async-job-executor-thread-1656#
[PollExecuteTaskStatusExecution] 070d8486-d915-4207-813d-4e7e9b8a0d10 [2026-09-14T10:25:13.544937] } (STDOUT, APP/TASK/deploy)#
#2026 09 14 10:25:23.474#Z#DEBUG#16b25dd8-b026-11f1-940d-eeee0a931608.capm-service-db-deployer#flowable-async-job-executor-thread-1656#
[PollExecuteTaskStatusExecution] 070d8486-d915-4207-813d-4e7e9b8a0d10 [2026-09-14T10:25:13.544939] ] (STDOUT, APP/TASK/deploy)#
#2026 09 14 10:25:23.474#Z#DEBUG#16b25dd8-b026-11f1-940d-eeee0a931608.capm-service-db-deployer#flowable-async-job-executor-thread-1656#
[PollExecuteTaskStatusExecution] 070d8486-d915-4207-813d-4e7e9b8a0d10 [2026-09-14T10:25:13.544942] } (STDOUT, APP/TASK/deploy)#
#2026 09 14 10:25:23.474#Z#DEBUG#16b25dd8-b026-11f1-940d-eeee0a931608.capm-service-db-deployer#flowable-async-job-executor-thread-1656#
[PollExecuteTaskStatusExecution] 070d8486-d915-4207-813d-4e7e9b8a0d10 [2026-09-14T10:25:14.049894] @sap/hdi-deploy, version 5.7.0 (mode default), server version 4.00.000.00.1787043349 (4.0.0.0), cloud version 2026.14.16, node version 24.18.0, HDI version 1016, container API version 1007 (STDOUT, APP/TASK/deploy)#
#2026 09 14 10:25:23.474#Z#DEBUG#16b25dd8-b026-11f1-940d-eeee0a931608.capm-service-db-deployer#flowable-async-job-executor-thread-1656#
[PollExecuteTaskStatusExecution] 070d8486-d915-4207-813d-4e7e9b8a0d10 [2026-09-14T10:25:14.050015] Deployment started at 2026-09-14 10:25:14 (STDOUT, APP/TASK/deploy)#
#2026 09 14 10:25:23.474#Z#DEBUG#16b25dd8-b026-11f1-940d-eeee0a931608.capm-service-db-deployer#flowable-async-job-executor-thread-1656#
[PollExecuteTaskStatusExecution] 070d8486-d915-4207-813d-4e7e9b8a0d10 [2026-09-14T10:25:14.050527] Using hdb@2.29.6 for connection (STDOUT, APP/TASK/deploy)#
#2026 09 14 10:25:23.474#Z#DEBUG#16b25dd8-b026-11f1-940d-eeee0a931608.capm-service-db-deployer#flowable-async-job-executor-thread-1656#
[PollExecuteTaskStatusExecution] 070d8486-d915-4207-813d-4e7e9b8a0d10 [2026-09-14T10:25:14.074485] No ignore file at /home/vcap/app/.hdiignore. (STDOUT, APP/TASK/deploy)#
#2026 09 14 10:25:23.474#Z#DEBUG#16b25dd8-b026-11f1-940d-eeee0a931608.capm-service-db-deployer#flowable-async-job-executor-thread-1656#
[PollExecuteTaskStatusExecution] 070d8486-d915-4207-813d-4e7e9b8a0d10 [2026-09-14T10:25:14.075873] Collecting files... (STDOUT, APP/TASK/deploy)#
#2026 09 14 10:25:23.474#Z#DEBUG#16b25dd8-b026-11f1-940d-eeee0a931608.capm-service-db-deployer#flowable-async-job-executor-thread-1656#
[PollExecuteTaskStatusExecution] 070d8486-d915-4207-813d-4e7e9b8a0d10 [2026-09-14T10:25:14.080593] Collecting files... ok (0s 5ms) (STDOUT, APP/TASK/deploy)#
#2026 09 14 10:25:23.474#Z#DEBUG#16b25dd8-b026-11f1-940d-eeee0a931608.capm-service-db-deployer#flowable-async-job-executor-thread-1656#
[PollExecuteTaskStatusExecution] 070d8486-d915-4207-813d-4e7e9b8a0d10 [2026-09-14T10:25:14.080907] 3 directories collected (STDOUT, APP/TASK/deploy)#
#2026 09 14 10:25:23.474#Z#DEBUG#16b25dd8-b026-11f1-940d-eeee0a931608.capm-service-db-deployer#flowable-async-job-executor-thread-1656#
[PollExecuteTaskStatusExecution] 070d8486-d915-4207-813d-4e7e9b8a0d10 [2026-09-14T10:25:14.081017] 30 files collected (STDOUT, APP/TASK/deploy)#
#2026 09 14 10:25:23.474#Z#DEBUG#16b25dd8-b026-11f1-940d-eeee0a931608.capm-service-db-deployer#flowable-async-job-executor-thread-1656#
[PollExecuteTaskStatusExecution] 070d8486-d915-4207-813d-4e7e9b8a0d10 [2026-09-14T10:25:14.081117] 0 reusable modules collected (STDOUT, APP/TASK/deploy)#
#2026 09 14 10:25:23.474#Z#DEBUG#16b25dd8-b026-11f1-940d-eeee0a931608.capm-service-db-deployer#flowable-async-job-executor-thread-1656#
[PollExecuteTaskStatusExecution] 070d8486-d915-4207-813d-4e7e9b8a0d10 [2026-09-14T10:25:14.081266] Target service: capm-service-db (STDOUT, APP/TASK/deploy)#
#2026 09 14 10:25:23.474#Z#DEBUG#16b25dd8-b026-11f1-940d-eeee0a931608.capm-service-db-deployer#flowable-async-job-executor-thread-1656#
[PollExecuteTaskStatusExecution] 070d8486-d915-4207-813d-4e7e9b8a0d10 [2026-09-14T10:25:14.280617] Previous build with request ID 458 finished at 2026-09-14T10:24:57.533 with status Canceled and message: Make failed (5 errors, 0 warnings): tried to deploy 22 files, undeploy 0 files, redeploy 0 dependent files. (STDOUT, APP/TASK/deploy)#
#2026 09 14 10:25:23.474#Z#DEBUG#16b25dd8-b026-11f1-940d-eeee0a931608.capm-service-db-deployer#flowable-async-job-executor-thread-1656#
[PollExecuteTaskStatusExecution] 070d8486-d915-4207-813d-4e7e9b8a0d10 [2026-09-14T10:25:14.280772] Processing revoke files... (STDOUT, APP/TASK/deploy)#
#2026 09 14 10:25:23.474#Z#DEBUG#16b25dd8-b026-11f1-940d-eeee0a931608.capm-service-db-deployer#flowable-async-job-executor-thread-1656#
[PollExecuteTaskStatusExecution] 070d8486-d915-4207-813d-4e7e9b8a0d10 [2026-09-14T10:25:14.280970] Processing revoke files... ok (0s 0ms) (STDOUT, APP/TASK/deploy)#
#2026 09 14 10:25:23.474#Z#DEBUG#16b25dd8-b026-11f1-940d-eeee0a931608.capm-service-db-deployer#flowable-async-job-executor-thread-1656#
[PollExecuteTaskStatusExecution] 070d8486-d915-4207-813d-4e7e9b8a0d10 [2026-09-14T10:25:14.281204] Processing grants files... (STDOUT, APP/TASK/deploy)#
#2026 09 14 10:25:23.474#Z#DEBUG#16b25dd8-b026-11f1-940d-eeee0a931608.capm-service-db-deployer#flowable-async-job-executor-thread-1656#
[PollExecuteTaskStatusExecution] 070d8486-d915-4207-813d-4e7e9b8a0d10 [2026-09-14T10:25:14.281408] Processing grants files... ok (0s 0ms) (STDOUT, APP/TASK/deploy)#
#2026 09 14 10:25:23.474#Z#DEBUG#16b25dd8-b026-11f1-940d-eeee0a931608.capm-service-db-deployer#flowable-async-job-executor-thread-1656#
[PollExecuteTaskStatusExecution] 070d8486-d915-4207-813d-4e7e9b8a0d10 [2026-09-14T10:25:14.284294] Preprocessing files... (STDOUT, APP/TASK/deploy)#
#2026 09 14 10:25:23.474#Z#DEBUG#16b25dd8-b026-11f1-940d-eeee0a931608.capm-service-db-deployer#flowable-async-job-executor-thread-1656#
[PollExecuteTaskStatusExecution] 070d8486-d915-4207-813d-4e7e9b8a0d10 [2026-09-14T10:25:14.284923] Preprocessing files... ok (0s 0ms) (STDOUT, APP/TASK/deploy)#
#2026 09 14 10:25:23.474#Z#DEBUG#16b25dd8-b026-11f1-940d-eeee0a931608.capm-service-db-deployer#flowable-async-job-executor-thread-1656#
[PollExecuteTaskStatusExecution] 070d8486-d915-4207-813d-4e7e9b8a0d10 [2026-09-14T10:25:14.285104] Connecting to the container "6A5478B8D26E43D8A56BA48D201A9E69"... (STDOUT, APP/TASK/deploy)#
#2026 09 14 10:25:23.474#Z#DEBUG#16b25dd8-b026-11f1-940d-eeee0a931608.capm-service-db-deployer#flowable-async-job-executor-thread-1656#
[PollExecuteTaskStatusExecution] 070d8486-d915-4207-813d-4e7e9b8a0d10 [2026-09-14T10:25:14.365739] Connecting to the container "6A5478B8D26E43D8A56BA48D201A9E69"... ok (0s 80ms) (STDOUT, APP/TASK/deploy)#
#2026 09 14 10:25:23.474#Z#DEBUG#16b25dd8-b026-11f1-940d-eeee0a931608.capm-service-db-deployer#flowable-async-job-executor-thread-1656#
[PollExecuteTaskStatusExecution] 070d8486-d915-4207-813d-4e7e9b8a0d10 [2026-09-14T10:25:14.365838] Locking the container "6A5478B8D26E43D8A56BA48D201A9E69"... (STDOUT, APP/TASK/deploy)#
#2026 09 14 10:25:23.474#Z#DEBUG#16b25dd8-b026-11f1-940d-eeee0a931608.capm-service-db-deployer#flowable-async-job-executor-thread-1656#
[PollExecuteTaskStatusExecution] 070d8486-d915-4207-813d-4e7e9b8a0d10 [2026-09-14T10:25:14.546443] Locking the container "6A5478B8D26E43D8A56BA48D201A9E69"... ok (0s 181ms) (STDOUT, APP/TASK/deploy)#
#2026 09 14 10:25:23.474#Z#DEBUG#16b25dd8-b026-11f1-940d-eeee0a931608.capm-service-db-deployer#flowable-async-job-executor-thread-1656#
[PollExecuteTaskStatusExecution] 070d8486-d915-4207-813d-4e7e9b8a0d10 [2026-09-14T10:25:14.546482] Synchronizing files with the container "6A5478B8D26E43D8A56BA48D201A9E69"... (STDOUT, APP/TASK/deploy)#
#2026 09 14 10:25:23.474#Z#DEBUG#16b25dd8-b026-11f1-940d-eeee0a931608.capm-service-db-deployer#flowable-async-job-executor-thread-1656#
[PollExecuteTaskStatusExecution] 070d8486-d915-4207-813d-4e7e9b8a0d10 [2026-09-14T10:25:14.765854] Deleting files... (STDOUT, APP/TASK/deploy)#
#2026 09 14 10:25:23.474#Z#DEBUG#16b25dd8-b026-11f1-940d-eeee0a931608.capm-service-db-deployer#flowable-async-job-executor-thread-1656#
[PollExecuteTaskStatusExecution] 070d8486-d915-4207-813d-4e7e9b8a0d10 [2026-09-14T10:25:14.896219] Deleting files... ok (STDOUT, APP/TASK/deploy)#
#2026 09 14 10:25:23.474#Z#DEBUG#16b25dd8-b026-11f1-940d-eeee0a931608.capm-service-db-deployer#flowable-async-job-executor-thread-1656#
[PollExecuteTaskStatusExecution] 070d8486-d915-4207-813d-4e7e9b8a0d10 [2026-09-14T10:25:14.896301] Writing files... (STDOUT, APP/TASK/deploy)#
#2026 09 14 10:25:23.474#Z#DEBUG#16b25dd8-b026-11f1-940d-eeee0a931608.capm-service-db-deployer#flowable-async-job-executor-thread-1656#
[PollExecuteTaskStatusExecution] 070d8486-d915-4207-813d-4e7e9b8a0d10 [2026-09-14T10:25:14.896629] Writing 25 items (STDOUT, APP/TASK/deploy)#
#2026 09 14 10:25:23.474#Z#DEBUG#16b25dd8-b026-11f1-940d-eeee0a931608.capm-service-db-deployer#flowable-async-job-executor-thread-1656#
[PollExecuteTaskStatusExecution] 070d8486-d915-4207-813d-4e7e9b8a0d10 [2026-09-14T10:25:15.219147] Writing files... ok (STDOUT, APP/TASK/deploy)#
#2026 09 14 10:25:23.474#Z#DEBUG#16b25dd8-b026-11f1-940d-eeee0a931608.capm-service-db-deployer#flowable-async-job-executor-thread-1656#
[PollExecuteTaskStatusExecution] 070d8486-d915-4207-813d-4e7e9b8a0d10 [2026-09-14T10:25:15.219186] Synchronizing files with the container "6A5478B8D26E43D8A56BA48D201A9E69"... ok (0s 673ms) (STDOUT, APP/TASK/deploy)#
#2026 09 14 10:25:23.474#Z#DEBUG#16b25dd8-b026-11f1-940d-eeee0a931608.capm-service-db-deployer#flowable-async-job-executor-thread-1656#
[PollExecuteTaskStatusExecution] 070d8486-d915-4207-813d-4e7e9b8a0d10 [2026-09-14T10:25:15.220256] added files: [ (STDOUT, APP/TASK/deploy)#
#2026 09 14 10:25:23.474#Z#DEBUG#16b25dd8-b026-11f1-940d-eeee0a931608.capm-service-db-deployer#flowable-async-job-executor-thread-1656#
[PollExecuteTaskStatusExecution] 070d8486-d915-4207-813d-4e7e9b8a0d10 [2026-09-14T10:25:15.220283] "src/gen/data/raven.hr-Departments.csv", (STDOUT, APP/TASK/deploy)#
#2026 09 14 10:25:23.474#Z#DEBUG#16b25dd8-b026-11f1-940d-eeee0a931608.capm-service-db-deployer#flowable-async-job-executor-thread-1656#
[PollExecuteTaskStatusExecution] 070d8486-d915-4207-813d-4e7e9b8a0d10 [2026-09-14T10:25:15.220292] "src/gen/data/raven.hr-Departments.hdbtabledata", (STDOUT, APP/TASK/deploy)#
#2026 09 14 10:25:23.474#Z#DEBUG#16b25dd8-b026-11f1-940d-eeee0a931608.capm-service-db-deployer#flowable-async-job-executor-thread-1656#
[PollExecuteTaskStatusExecution] 070d8486-d915-4207-813d-4e7e9b8a0d10 [2026-09-14T10:25:15.220295] "src/gen/data/raven.hr-Employees.csv", (STDOUT, APP/TASK/deploy)#
#2026 09 14 10:25:23.474#Z#DEBUG#16b25dd8-b026-11f1-940d-eeee0a931608.capm-service-db-deployer#flowable-async-job-executor-thread-1656#
[PollExecuteTaskStatusExecution] 070d8486-d915-4207-813d-4e7e9b8a0d10 [2026-09-14T10:25:15.220298] "src/gen/data/raven.hr-Employees.hdbtabledata", (STDOUT, APP/TASK/deploy)#
#2026 09 14 10:25:23.474#Z#DEBUG#16b25dd8-b026-11f1-940d-eeee0a931608.capm-service-db-deployer#flowable-async-job-executor-thread-1656#
[PollExecuteTaskStatusExecution] 070d8486-d915-4207-813d-4e7e9b8a0d10 [2026-09-14T10:25:15.220300] "src/gen/data/raven.hr-LeaveBalances.csv", (STDOUT, APP/TASK/deploy)#
#2026 09 14 10:25:23.474#Z#DEBUG#16b25dd8-b026-11f1-940d-eeee0a931608.capm-service-db-deployer#flowable-async-job-executor-thread-1656#
[PollExecuteTaskStatusExecution] 070d8486-d915-4207-813d-4e7e9b8a0d10 [2026-09-14T10:25:15.220303] "src/gen/data/raven.hr-LeaveBalances.hdbtabledata", (STDOUT, APP/TASK/deploy)#
#2026 09 14 10:25:23.474#Z#DEBUG#16b25dd8-b026-11f1-940d-eeee0a931608.capm-service-db-deployer#flowable-async-job-executor-thread-1656#
[PollExecuteTaskStatusExecution] 070d8486-d915-4207-813d-4e7e9b8a0d10 [2026-09-14T10:25:15.220306] "src/gen/data/raven.hr-LeaveRequests.csv", (STDOUT, APP/TASK/deploy)#
#2026 09 14 10:25:23.474#Z#DEBUG#16b25dd8-b026-11f1-940d-eeee0a931608.capm-service-db-deployer#flowable-async-job-executor-thread-1656#
[PollExecuteTaskStatusExecution] 070d8486-d915-4207-813d-4e7e9b8a0d10 [2026-09-14T10:25:15.220308] "src/gen/data/raven.hr-LeaveRequests.hdbtabledata", (STDOUT, APP/TASK/deploy)#
#2026 09 14 10:25:23.474#Z#DEBUG#16b25dd8-b026-11f1-940d-eeee0a931608.capm-service-db-deployer#flowable-async-job-executor-thread-1656#
[PollExecuteTaskStatusExecution] 070d8486-d915-4207-813d-4e7e9b8a0d10 [2026-09-14T10:25:15.220310] "src/gen/data/raven.hr-LeaveTypes.csv", (STDOUT, APP/TASK/deploy)#
#2026 09 14 10:25:23.474#Z#DEBUG#16b25dd8-b026-11f1-940d-eeee0a931608.capm-service-db-deployer#flowable-async-job-executor-thread-1656#
[PollExecuteTaskStatusExecution] 070d8486-d915-4207-813d-4e7e9b8a0d10 [2026-09-14T10:25:15.220312] "src/gen/data/raven.hr-LeaveTypes.hdbtabledata" (STDOUT, APP/TASK/deploy)#
#2026 09 14 10:25:23.474#Z#DEBUG#16b25dd8-b026-11f1-940d-eeee0a931608.capm-service-db-deployer#flowable-async-job-executor-thread-1656#
[PollExecuteTaskStatusExecution] 070d8486-d915-4207-813d-4e7e9b8a0d10 [2026-09-14T10:25:15.220313] ] (STDOUT, APP/TASK/deploy)#
#2026 09 14 10:25:23.474#Z#DEBUG#16b25dd8-b026-11f1-940d-eeee0a931608.capm-service-db-deployer#flowable-async-job-executor-thread-1656#
[PollExecuteTaskStatusExecution] 070d8486-d915-4207-813d-4e7e9b8a0d10 [2026-09-14T10:25:15.220317] modified files: [ (STDOUT, APP/TASK/deploy)#
#2026 09 14 10:25:23.474#Z#DEBUG#16b25dd8-b026-11f1-940d-eeee0a931608.capm-service-db-deployer#flowable-async-job-executor-thread-1656#
[PollExecuteTaskStatusExecution] 070d8486-d915-4207-813d-4e7e9b8a0d10 [2026-09-14T10:25:15.220319] "src/.hdiconfig", (STDOUT, APP/TASK/deploy)#
#2026 09 14 10:25:23.474#Z#DEBUG#16b25dd8-b026-11f1-940d-eeee0a931608.capm-service-db-deployer#flowable-async-job-executor-thread-1656#
[PollExecuteTaskStatusExecution] 070d8486-d915-4207-813d-4e7e9b8a0d10 [2026-09-14T10:25:15.220325] "src/gen/.hdiconfig", (STDOUT, APP/TASK/deploy)#
#2026 09 14 10:25:23.474#Z#DEBUG#16b25dd8-b026-11f1-940d-eeee0a931608.capm-service-db-deployer#flowable-async-job-executor-thread-1656#
[PollExecuteTaskStatusExecution] 070d8486-d915-4207-813d-4e7e9b8a0d10 [2026-09-14T10:25:15.220329] "src/gen/HRService.LeaveRequestOverview.hdbview", (STDOUT, APP/TASK/deploy)#
#2026 09 14 10:25:23.474#Z#DEBUG#16b25dd8-b026-11f1-940d-eeee0a931608.capm-service-db-deployer#flowable-async-job-executor-thread-1656#
[PollExecuteTaskStatusExecution] 070d8486-d915-4207-813d-4e7e9b8a0d10 [2026-09-14T10:25:15.220330] "src/gen/raven.hr.Departments.hdbtable", (STDOUT, APP/TASK/deploy)#
#2026 09 14 10:25:23.474#Z#DEBUG#16b25dd8-b026-11f1-940d-eeee0a931608.capm-service-db-deployer#flowable-async-job-executor-thread-1656#
[PollExecuteTaskStatusExecution] 070d8486-d915-4207-813d-4e7e9b8a0d10 [2026-09-14T10:25:15.220333] "src/gen/raven.hr.Employees.hdbtable", (STDOUT, APP/TASK/deploy)#
#2026 09 14 10:25:23.474#Z#DEBUG#16b25dd8-b026-11f1-940d-eeee0a931608.capm-service-db-deployer#flowable-async-job-executor-thread-1656#
[PollExecuteTaskStatusExecution] 070d8486-d915-4207-813d-4e7e9b8a0d10 [2026-09-14T10:25:15.220335] "src/gen/raven.hr.LeaveBalances.hdbtable", (STDOUT, APP/TASK/deploy)#
#2026 09 14 10:25:23.474#Z#DEBUG#16b25dd8-b026-11f1-940d-eeee0a931608.capm-service-db-deployer#flowable-async-job-executor-thread-1656#
[PollExecuteTaskStatusExecution] 070d8486-d915-4207-813d-4e7e9b8a0d10 [2026-09-14T10:25:15.220337] "src/gen/raven.hr.LeaveRequestAttachments.hdbtable", (STDOUT, APP/TASK/deploy)#
#2026 09 14 10:25:23.474#Z#DEBUG#16b25dd8-b026-11f1-940d-eeee0a931608.capm-service-db-deployer#flowable-async-job-executor-thread-1656#
[PollExecuteTaskStatusExecution] 070d8486-d915-4207-813d-4e7e9b8a0d10 [2026-09-14T10:25:15.220339] "src/gen/raven.hr.LeaveRequestOverview.hdbview", (STDOUT, APP/TASK/deploy)#
#2026 09 14 10:25:23.474#Z#DEBUG#16b25dd8-b026-11f1-940d-eeee0a931608.capm-service-db-deployer#flowable-async-job-executor-thread-1656#
[PollExecuteTaskStatusExecution] 070d8486-d915-4207-813d-4e7e9b8a0d10 [2026-09-14T10:25:15.220344] "src/gen/raven.hr.LeaveRequests.hdbtable", (STDOUT, APP/TASK/deploy)#
#2026 09 14 10:25:23.474#Z#DEBUG#16b25dd8-b026-11f1-940d-eeee0a931608.capm-service-db-deployer#flowable-async-job-executor-thread-1656#
[PollExecuteTaskStatusExecution] 070d8486-d915-4207-813d-4e7e9b8a0d10 [2026-09-14T10:25:15.220346] "src/gen/raven.hr.LeaveTypes.hdbtable", (STDOUT, APP/TASK/deploy)#
#2026 09 14 10:25:23.474#Z#DEBUG#16b25dd8-b026-11f1-940d-eeee0a931608.capm-service-db-deployer#flowable-async-job-executor-thread-1656#
[PollExecuteTaskStatusExecution] 070d8486-d915-4207-813d-4e7e9b8a0d10 [2026-09-14T10:25:15.220348] "src/leaveRequestNumber.hdbsequence", (STDOUT, APP/TASK/deploy)#
#2026 09 14 10:25:23.474#Z#DEBUG#16b25dd8-b026-11f1-940d-eeee0a931608.capm-service-db-deployer#flowable-async-job-executor-thread-1656#
[PollExecuteTaskStatusExecution] 070d8486-d915-4207-813d-4e7e9b8a0d10 [2026-09-14T10:25:15.220350] "src/recalcLeaveBalance.hdbprocedure" (STDOUT, APP/TASK/deploy)#
#2026 09 14 10:25:23.474#Z#DEBUG#16b25dd8-b026-11f1-940d-eeee0a931608.capm-service-db-deployer#flowable-async-job-executor-thread-1656#
[PollExecuteTaskStatusExecution] 070d8486-d915-4207-813d-4e7e9b8a0d10 [2026-09-14T10:25:15.220351] ] (STDOUT, APP/TASK/deploy)#
#2026 09 14 10:25:23.474#Z#DEBUG#16b25dd8-b026-11f1-940d-eeee0a931608.capm-service-db-deployer#flowable-async-job-executor-thread-1656#
[PollExecuteTaskStatusExecution] 070d8486-d915-4207-813d-4e7e9b8a0d10 [2026-09-14T10:25:15.220371] deleted files: [] (STDOUT, APP/TASK/deploy)#
#2026 09 14 10:25:23.474#Z#DEBUG#16b25dd8-b026-11f1-940d-eeee0a931608.capm-service-db-deployer#flowable-async-job-executor-thread-1656#
[PollExecuteTaskStatusExecution] 070d8486-d915-4207-813d-4e7e9b8a0d10 [2026-09-14T10:25:15.220504] 22 modified or added files are scheduled for deploy based on delta detection (STDOUT, APP/TASK/deploy)#
#2026 09 14 10:25:23.474#Z#DEBUG#16b25dd8-b026-11f1-940d-eeee0a931608.capm-service-db-deployer#flowable-async-job-executor-thread-1656#
[PollExecuteTaskStatusExecution] 070d8486-d915-4207-813d-4e7e9b8a0d10 [2026-09-14T10:25:15.220766] 0 deleted files are scheduled for undeploy based on delta detection (filtered by undeploy allowlist) (STDOUT, APP/TASK/deploy)#
#2026 09 14 10:25:23.474#Z#DEBUG#16b25dd8-b026-11f1-940d-eeee0a931608.capm-service-db-deployer#flowable-async-job-executor-thread-1656#
[PollExecuteTaskStatusExecution] 070d8486-d915-4207-813d-4e7e9b8a0d10 [2026-09-14T10:25:15.220981] 0 files are scheduled for deploy based on explicit specification (STDOUT, APP/TASK/deploy)#
#2026 09 14 10:25:23.474#Z#DEBUG#16b25dd8-b026-11f1-940d-eeee0a931608.capm-service-db-deployer#flowable-async-job-executor-thread-1656#
[PollExecuteTaskStatusExecution] 070d8486-d915-4207-813d-4e7e9b8a0d10 [2026-09-14T10:25:15.221006] 0 files are scheduled for undeploy based on explicit specification (STDOUT, APP/TASK/deploy)#
#2026 09 14 10:25:23.474#Z#DEBUG#16b25dd8-b026-11f1-940d-eeee0a931608.capm-service-db-deployer#flowable-async-job-executor-thread-1656#
[PollExecuteTaskStatusExecution] 070d8486-d915-4207-813d-4e7e9b8a0d10 [2026-09-14T10:25:15.221374] Deploying to the container "6A5478B8D26E43D8A56BA48D201A9E69"... (STDOUT, APP/TASK/deploy)#
#2026 09 14 10:25:23.474#Z#DEBUG#16b25dd8-b026-11f1-940d-eeee0a931608.capm-service-db-deployer#flowable-async-job-executor-thread-1656#
[PollExecuteTaskStatusExecution] 070d8486-d915-4207-813d-4e7e9b8a0d10 [2026-09-14T10:25:15.726443] Starting make in the container "6A5478B8D26E43D8A56BA48D201A9E69" with 22 files to deploy, 0 files to undeploy... (STDOUT, APP/TASK/deploy)#
#2026 09 14 10:25:23.474#Z#DEBUG#16b25dd8-b026-11f1-940d-eeee0a931608.capm-service-db-deployer#flowable-async-job-executor-thread-1656#
[PollExecuteTaskStatusExecution] 070d8486-d915-4207-813d-4e7e9b8a0d10 [2026-09-14T10:25:15.726567] Disabling table replication for the container schema "6A5478B8D26E43D8A56BA48D201A9E69"... (STDOUT, APP/TASK/deploy)#
#2026 09 14 10:25:23.474#Z#DEBUG#16b25dd8-b026-11f1-940d-eeee0a931608.capm-service-db-deployer#flowable-async-job-executor-thread-1656#
[PollExecuteTaskStatusExecution] 070d8486-d915-4207-813d-4e7e9b8a0d10 [2026-09-14T10:25:15.726666] Disabling table replication for the container schema "6A5478B8D26E43D8A56BA48D201A9E69"... ok (0s 9ms) (STDOUT, APP/TASK/deploy)#
#2026 09 14 10:25:23.474#Z#DEBUG#16b25dd8-b026-11f1-940d-eeee0a931608.capm-service-db-deployer#flowable-async-job-executor-thread-1656#
[PollExecuteTaskStatusExecution] 070d8486-d915-4207-813d-4e7e9b8a0d10 [2026-09-14T10:25:15.726723] Migrating libraries... (STDOUT, APP/TASK/deploy)#
#2026 09 14 10:25:23.475#Z#DEBUG#16b25dd8-b026-11f1-940d-eeee0a931608.capm-service-db-deployer#flowable-async-job-executor-thread-1656#
[PollExecuteTaskStatusExecution] 070d8486-d915-4207-813d-4e7e9b8a0d10 [2026-09-14T10:25:15.726775] Migrating libraries... ok (0s 8ms) (STDOUT, APP/TASK/deploy)#
#2026 09 14 10:25:23.475#Z#DEBUG#16b25dd8-b026-11f1-940d-eeee0a931608.capm-service-db-deployer#flowable-async-job-executor-thread-1656#
[PollExecuteTaskStatusExecution] 070d8486-d915-4207-813d-4e7e9b8a0d10 [2026-09-14T10:25:15.726829] Making... (STDOUT, APP/TASK/deploy)#
#2026 09 14 10:25:23.475#Z#DEBUG#16b25dd8-b026-11f1-940d-eeee0a931608.capm-service-db-deployer#flowable-async-job-executor-thread-1656#
[PollExecuteTaskStatusExecution] 070d8486-d915-4207-813d-4e7e9b8a0d10 [2026-09-14T10:25:15.726877] Preparing... (STDOUT, APP/TASK/deploy)#
#2026 09 14 10:25:23.475#Z#DEBUG#16b25dd8-b026-11f1-940d-eeee0a931608.capm-service-db-deployer#flowable-async-job-executor-thread-1656#
[PollExecuteTaskStatusExecution] 070d8486-d915-4207-813d-4e7e9b8a0d10 [2026-09-14T10:25:15.726923] Preparing the make transaction... (STDOUT, APP/TASK/deploy)#
#2026 09 14 10:25:23.475#Z#DEBUG#16b25dd8-b026-11f1-940d-eeee0a931608.capm-service-db-deployer#flowable-async-job-executor-thread-1656#
[PollExecuteTaskStatusExecution] 070d8486-d915-4207-813d-4e7e9b8a0d10 [2026-09-14T10:25:15.726965] Deploying the configuration file "src/.hdiconfig"... (STDOUT, APP/TASK/deploy)#
#2026 09 14 10:25:23.475#Z#DEBUG#16b25dd8-b026-11f1-940d-eeee0a931608.capm-service-db-deployer#flowable-async-job-executor-thread-1656#
[PollExecuteTaskStatusExecution] 070d8486-d915-4207-813d-4e7e9b8a0d10 [2026-09-14T10:25:15.727010] Preparing the make transaction... ok (0s 19ms) (STDOUT, APP/TASK/deploy)#
#2026 09 14 10:25:23.475#Z#DEBUG#16b25dd8-b026-11f1-940d-eeee0a931608.capm-service-db-deployer#flowable-async-job-executor-thread-1656#
[PollExecuteTaskStatusExecution] 070d8486-d915-4207-813d-4e7e9b8a0d10 [2026-09-14T10:25:15.727052] Deploying the configuration file "src/.hdiconfig"... ok (0s 9ms) (STDOUT, APP/TASK/deploy)#
#2026 09 14 10:25:23.475#Z#DEBUG#16b25dd8-b026-11f1-940d-eeee0a931608.capm-service-db-deployer#flowable-async-job-executor-thread-1656#
[PollExecuteTaskStatusExecution] 070d8486-d915-4207-813d-4e7e9b8a0d10 [2026-09-14T10:25:15.727097] Deploying the configuration file "src/gen/.hdiconfig"... (STDOUT, APP/TASK/deploy)#
#2026 09 14 10:25:23.475#Z#DEBUG#16b25dd8-b026-11f1-940d-eeee0a931608.capm-service-db-deployer#flowable-async-job-executor-thread-1656#
[PollExecuteTaskStatusExecution] 070d8486-d915-4207-813d-4e7e9b8a0d10 [2026-09-14T10:25:15.727143] Deploying the configuration file "src/gen/.hdiconfig"... ok (0s 5ms) (STDOUT, APP/TASK/deploy)#
#2026 09 14 10:25:23.475#Z#DEBUG#16b25dd8-b026-11f1-940d-eeee0a931608.capm-service-db-deployer#flowable-async-job-executor-thread-1656#
[PollExecuteTaskStatusExecution] 070d8486-d915-4207-813d-4e7e9b8a0d10 [2026-09-14T10:25:15.727190] Adding "src/gen/HRService.LeaveRequestOverview.hdbview" for deploy... (STDOUT, APP/TASK/deploy)#
#2026 09 14 10:25:23.475#Z#DEBUG#16b25dd8-b026-11f1-940d-eeee0a931608.capm-service-db-deployer#flowable-async-job-executor-thread-1656#
[PollExecuteTaskStatusExecution] 070d8486-d915-4207-813d-4e7e9b8a0d10 [2026-09-14T10:25:15.727236] Adding "src/gen/HRService.LeaveRequestOverview.hdbview" for deploy... ok (0s 2ms) (STDOUT, APP/TASK/deploy)#
#2026 09 14 10:25:23.475#Z#DEBUG#16b25dd8-b026-11f1-940d-eeee0a931608.capm-service-db-deployer#flowable-async-job-executor-thread-1656#
[PollExecuteTaskStatusExecution] 070d8486-d915-4207-813d-4e7e9b8a0d10 [2026-09-14T10:25:15.727279] Adding "src/gen/data/raven.hr-Departments.csv" for deploy... (STDOUT, APP/TASK/deploy)#
#2026 09 14 10:25:23.475#Z#DEBUG#16b25dd8-b026-11f1-940d-eeee0a931608.capm-service-db-deployer#flowable-async-job-executor-thread-1656#
[PollExecuteTaskStatusExecution] 070d8486-d915-4207-813d-4e7e9b8a0d10 [2026-09-14T10:25:15.727324] Adding "src/gen/data/raven.hr-Departments.csv" for deploy... ok (0s 4ms) (STDOUT, APP/TASK/deploy)#
#2026 09 14 10:25:23.475#Z#DEBUG#16b25dd8-b026-11f1-940d-eeee0a931608.capm-service-db-deployer#flowable-async-job-executor-thread-1656#
[PollExecuteTaskStatusExecution] 070d8486-d915-4207-813d-4e7e9b8a0d10 [2026-09-14T10:25:15.727373] Adding "src/gen/data/raven.hr-Departments.hdbtabledata" for deploy... (STDOUT, APP/TASK/deploy)#
#2026 09 14 10:25:23.475#Z#DEBUG#16b25dd8-b026-11f1-940d-eeee0a931608.capm-service-db-deployer#flowable-async-job-executor-thread-1656#
[PollExecuteTaskStatusExecution] 070d8486-d915-4207-813d-4e7e9b8a0d10 [2026-09-14T10:25:15.727417] Adding "src/gen/data/raven.hr-Departments.hdbtabledata" for deploy... ok (0s 0ms) (STDOUT, APP/TASK/deploy)#
#2026 09 14 10:25:23.475#Z#DEBUG#16b25dd8-b026-11f1-940d-eeee0a931608.capm-service-db-deployer#flowable-async-job-executor-thread-1656#
[PollExecuteTaskStatusExecution] 070d8486-d915-4207-813d-4e7e9b8a0d10 [2026-09-14T10:25:15.727459] Adding "src/gen/data/raven.hr-Employees.csv" for deploy... (STDOUT, APP/TASK/deploy)#
#2026 09 14 10:25:23.475#Z#DEBUG#16b25dd8-b026-11f1-940d-eeee0a931608.capm-service-db-deployer#flowable-async-job-executor-thread-1656#
[PollExecuteTaskStatusExecution] 070d8486-d915-4207-813d-4e7e9b8a0d10 [2026-09-14T10:25:15.727503] Adding "src/gen/data/raven.hr-Employees.csv" for deploy... ok (0s 0ms) (STDOUT, APP/TASK/deploy)#
#2026 09 14 10:25:23.475#Z#DEBUG#16b25dd8-b026-11f1-940d-eeee0a931608.capm-service-db-deployer#flowable-async-job-executor-thread-1656#
[PollExecuteTaskStatusExecution] 070d8486-d915-4207-813d-4e7e9b8a0d10 [2026-09-14T10:25:15.727545] Adding "src/gen/data/raven.hr-Employees.hdbtabledata" for deploy... (STDOUT, APP/TASK/deploy)#
#2026 09 14 10:25:23.475#Z#DEBUG#16b25dd8-b026-11f1-940d-eeee0a931608.capm-service-db-deployer#flowable-async-job-executor-thread-1656#
[PollExecuteTaskStatusExecution] 070d8486-d915-4207-813d-4e7e9b8a0d10 [2026-09-14T10:25:15.727586] Adding "src/gen/data/raven.hr-Employees.hdbtabledata" for deploy... ok (0s 0ms) (STDOUT, APP/TASK/deploy)#
#2026 09 14 10:25:23.475#Z#DEBUG#16b25dd8-b026-11f1-940d-eeee0a931608.capm-service-db-deployer#flowable-async-job-executor-thread-1656#
[PollExecuteTaskStatusExecution] 070d8486-d915-4207-813d-4e7e9b8a0d10 [2026-09-14T10:25:15.727633] Adding "src/gen/data/raven.hr-LeaveBalances.csv" for deploy... (STDOUT, APP/TASK/deploy)#
#2026 09 14 10:25:23.475#Z#DEBUG#16b25dd8-b026-11f1-940d-eeee0a931608.capm-service-db-deployer#flowable-async-job-executor-thread-1656#
[PollExecuteTaskStatusExecution] 070d8486-d915-4207-813d-4e7e9b8a0d10 [2026-09-14T10:25:15.727678] Adding "src/gen/data/raven.hr-LeaveBalances.csv" for deploy... ok (0s 0ms) (STDOUT, APP/TASK/deploy)#
#2026 09 14 10:25:23.475#Z#DEBUG#16b25dd8-b026-11f1-940d-eeee0a931608.capm-service-db-deployer#flowable-async-job-executor-thread-1656#
[PollExecuteTaskStatusExecution] 070d8486-d915-4207-813d-4e7e9b8a0d10 [2026-09-14T10:25:15.727722] Adding "src/gen/data/raven.hr-LeaveBalances.hdbtabledata" for deploy... (STDOUT, APP/TASK/deploy)#
#2026 09 14 10:25:23.475#Z#DEBUG#16b25dd8-b026-11f1-940d-eeee0a931608.capm-service-db-deployer#flowable-async-job-executor-thread-1656#
[PollExecuteTaskStatusExecution] 070d8486-d915-4207-813d-4e7e9b8a0d10 [2026-09-14T10:25:15.727766] Adding "src/gen/data/raven.hr-LeaveBalances.hdbtabledata" for deploy... ok (0s 0ms) (STDOUT, APP/TASK/deploy)#
#2026 09 14 10:25:23.475#Z#DEBUG#16b25dd8-b026-11f1-940d-eeee0a931608.capm-service-db-deployer#flowable-async-job-executor-thread-1656#
[PollExecuteTaskStatusExecution] 070d8486-d915-4207-813d-4e7e9b8a0d10 [2026-09-14T10:25:15.727809] Adding "src/gen/data/raven.hr-LeaveRequests.csv" for deploy... (STDOUT, APP/TASK/deploy)#
#2026 09 14 10:25:23.475#Z#DEBUG#16b25dd8-b026-11f1-940d-eeee0a931608.capm-service-db-deployer#flowable-async-job-executor-thread-1656#
[PollExecuteTaskStatusExecution] 070d8486-d915-4207-813d-4e7e9b8a0d10 [2026-09-14T10:25:15.727853] Adding "src/gen/data/raven.hr-LeaveRequests.csv" for deploy... ok (0s 0ms) (STDOUT, APP/TASK/deploy)#
#2026 09 14 10:25:23.475#Z#DEBUG#16b25dd8-b026-11f1-940d-eeee0a931608.capm-service-db-deployer#flowable-async-job-executor-thread-1656#
[PollExecuteTaskStatusExecution] 070d8486-d915-4207-813d-4e7e9b8a0d10 [2026-09-14T10:25:15.727892] Adding "src/gen/data/raven.hr-LeaveRequests.hdbtabledata" for deploy... (STDOUT, APP/TASK/deploy)#
#2026 09 14 10:25:23.475#Z#DEBUG#16b25dd8-b026-11f1-940d-eeee0a931608.capm-service-db-deployer#flowable-async-job-executor-thread-1656#
[PollExecuteTaskStatusExecution] 070d8486-d915-4207-813d-4e7e9b8a0d10 [2026-09-14T10:25:15.727943] Adding "src/gen/data/raven.hr-LeaveRequests.hdbtabledata" for deploy... ok (0s 0ms) (STDOUT, APP/TASK/deploy)#
#2026 09 14 10:25:23.475#Z#DEBUG#16b25dd8-b026-11f1-940d-eeee0a931608.capm-service-db-deployer#flowable-async-job-executor-thread-1656#
[PollExecuteTaskStatusExecution] 070d8486-d915-4207-813d-4e7e9b8a0d10 [2026-09-14T10:25:15.727989] Adding "src/gen/data/raven.hr-LeaveTypes.csv" for deploy... (STDOUT, APP/TASK/deploy)#
#2026 09 14 10:25:23.475#Z#DEBUG#16b25dd8-b026-11f1-940d-eeee0a931608.capm-service-db-deployer#flowable-async-job-executor-thread-1656#
[PollExecuteTaskStatusExecution] 070d8486-d915-4207-813d-4e7e9b8a0d10 [2026-09-14T10:25:15.728037] Adding "src/gen/data/raven.hr-LeaveTypes.csv" for deploy... ok (0s 0ms) (STDOUT, APP/TASK/deploy)#
#2026 09 14 10:25:23.475#Z#DEBUG#16b25dd8-b026-11f1-940d-eeee0a931608.capm-service-db-deployer#flowable-async-job-executor-thread-1656#
[PollExecuteTaskStatusExecution] 070d8486-d915-4207-813d-4e7e9b8a0d10 [2026-09-14T10:25:15.728081] Adding "src/gen/data/raven.hr-LeaveTypes.hdbtabledata" for deploy... (STDOUT, APP/TASK/deploy)#
#2026 09 14 10:25:23.475#Z#DEBUG#16b25dd8-b026-11f1-940d-eeee0a931608.capm-service-db-deployer#flowable-async-job-executor-thread-1656#
[PollExecuteTaskStatusExecution] 070d8486-d915-4207-813d-4e7e9b8a0d10 [2026-09-14T10:25:15.728126] Adding "src/gen/data/raven.hr-LeaveTypes.hdbtabledata" for deploy... ok (0s 0ms) (STDOUT, APP/TASK/deploy)#
#2026 09 14 10:25:23.475#Z#DEBUG#16b25dd8-b026-11f1-940d-eeee0a931608.capm-service-db-deployer#flowable-async-job-executor-thread-1656#
[PollExecuteTaskStatusExecution] 070d8486-d915-4207-813d-4e7e9b8a0d10 [2026-09-14T10:25:15.728171] Adding "src/gen/raven.hr.Departments.hdbtable" for deploy... (STDOUT, APP/TASK/deploy)#
#2026 09 14 10:25:23.475#Z#DEBUG#16b25dd8-b026-11f1-940d-eeee0a931608.capm-service-db-deployer#flowable-async-job-executor-thread-1656#
[PollExecuteTaskStatusExecution] 070d8486-d915-4207-813d-4e7e9b8a0d10 [2026-09-14T10:25:15.728217] Adding "src/gen/raven.hr.Departments.hdbtable" for deploy... ok (0s 0ms) (STDOUT, APP/TASK/deploy)#
#2026 09 14 10:25:23.475#Z#DEBUG#16b25dd8-b026-11f1-940d-eeee0a931608.capm-service-db-deployer#flowable-async-job-executor-thread-1656#
[PollExecuteTaskStatusExecution] 070d8486-d915-4207-813d-4e7e9b8a0d10 [2026-09-14T10:25:15.728261] Adding "src/gen/raven.hr.Employees.hdbtable" for deploy... (STDOUT, APP/TASK/deploy)#
#2026 09 14 10:25:23.475#Z#DEBUG#16b25dd8-b026-11f1-940d-eeee0a931608.capm-service-db-deployer#flowable-async-job-executor-thread-1656#
[PollExecuteTaskStatusExecution] 070d8486-d915-4207-813d-4e7e9b8a0d10 [2026-09-14T10:25:15.728305] Adding "src/gen/raven.hr.Employees.hdbtable" for deploy... ok (0s 0ms) (STDOUT, APP/TASK/deploy)#
#2026 09 14 10:25:23.475#Z#DEBUG#16b25dd8-b026-11f1-940d-eeee0a931608.capm-service-db-deployer#flowable-async-job-executor-thread-1656#
[PollExecuteTaskStatusExecution] 070d8486-d915-4207-813d-4e7e9b8a0d10 [2026-09-14T10:25:15.728353] Adding "src/gen/raven.hr.LeaveBalances.hdbtable" for deploy... (STDOUT, APP/TASK/deploy)#
#2026 09 14 10:25:23.475#Z#DEBUG#16b25dd8-b026-11f1-940d-eeee0a931608.capm-service-db-deployer#flowable-async-job-executor-thread-1656#
[PollExecuteTaskStatusExecution] 070d8486-d915-4207-813d-4e7e9b8a0d10 [2026-09-14T10:25:15.728396] Adding "src/gen/raven.hr.LeaveBalances.hdbtable" for deploy... ok (0s 0ms) (STDOUT, APP/TASK/deploy)#
#2026 09 14 10:25:23.475#Z#DEBUG#16b25dd8-b026-11f1-940d-eeee0a931608.capm-service-db-deployer#flowable-async-job-executor-thread-1656#
[PollExecuteTaskStatusExecution] 070d8486-d915-4207-813d-4e7e9b8a0d10 [2026-09-14T10:25:15.728440] Adding "src/gen/raven.hr.LeaveRequestAttachments.hdbtable" for deploy... (STDOUT, APP/TASK/deploy)#
#2026 09 14 10:25:23.475#Z#DEBUG#16b25dd8-b026-11f1-940d-eeee0a931608.capm-service-db-deployer#flowable-async-job-executor-thread-1656#
[PollExecuteTaskStatusExecution] 070d8486-d915-4207-813d-4e7e9b8a0d10 [2026-09-14T10:25:15.728484] Adding "src/gen/raven.hr.LeaveRequestAttachments.hdbtable" for deploy... ok (0s 0ms) (STDOUT, APP/TASK/deploy)#
#2026 09 14 10:25:23.475#Z#DEBUG#16b25dd8-b026-11f1-940d-eeee0a931608.capm-service-db-deployer#flowable-async-job-executor-thread-1656#
[PollExecuteTaskStatusExecution] 070d8486-d915-4207-813d-4e7e9b8a0d10 [2026-09-14T10:25:15.728527] Adding "src/gen/raven.hr.LeaveRequestOverview.hdbview" for deploy... (STDOUT, APP/TASK/deploy)#
#2026 09 14 10:25:23.475#Z#DEBUG#16b25dd8-b026-11f1-940d-eeee0a931608.capm-service-db-deployer#flowable-async-job-executor-thread-1656#
[PollExecuteTaskStatusExecution] 070d8486-d915-4207-813d-4e7e9b8a0d10 [2026-09-14T10:25:15.728570] Adding "src/gen/raven.hr.LeaveRequestOverview.hdbview" for deploy... ok (0s 1ms) (STDOUT, APP/TASK/deploy)#
#2026 09 14 10:25:23.475#Z#DEBUG#16b25dd8-b026-11f1-940d-eeee0a931608.capm-service-db-deployer#flowable-async-job-executor-thread-1656#
[PollExecuteTaskStatusExecution] 070d8486-d915-4207-813d-4e7e9b8a0d10 [2026-09-14T10:25:15.728616] Adding "src/gen/raven.hr.LeaveRequests.hdbtable" for deploy... (STDOUT, APP/TASK/deploy)#
#2026 09 14 10:25:23.475#Z#DEBUG#16b25dd8-b026-11f1-940d-eeee0a931608.capm-service-db-deployer#flowable-async-job-executor-thread-1656#
[PollExecuteTaskStatusExecution] 070d8486-d915-4207-813d-4e7e9b8a0d10 [2026-09-14T10:25:15.728658] Adding "src/gen/raven.hr.LeaveRequests.hdbtable" for deploy... ok (0s 0ms) (STDOUT, APP/TASK/deploy)#
#2026 09 14 10:25:23.475#Z#DEBUG#16b25dd8-b026-11f1-940d-eeee0a931608.capm-service-db-deployer#flowable-async-job-executor-thread-1656#
[PollExecuteTaskStatusExecution] 070d8486-d915-4207-813d-4e7e9b8a0d10 [2026-09-14T10:25:15.728736] Adding "src/gen/raven.hr.LeaveTypes.hdbtable" for deploy... (STDOUT, APP/TASK/deploy)#
#2026 09 14 10:25:23.475#Z#DEBUG#16b25dd8-b026-11f1-940d-eeee0a931608.capm-service-db-deployer#flowable-async-job-executor-thread-1656#
[PollExecuteTaskStatusExecution] 070d8486-d915-4207-813d-4e7e9b8a0d10 [2026-09-14T10:25:15.728785] Adding "src/gen/raven.hr.LeaveTypes.hdbtable" for deploy... ok (0s 0ms) (STDOUT, APP/TASK/deploy)#
#2026 09 14 10:25:23.475#Z#DEBUG#16b25dd8-b026-11f1-940d-eeee0a931608.capm-service-db-deployer#flowable-async-job-executor-thread-1656#
[PollExecuteTaskStatusExecution] 070d8486-d915-4207-813d-4e7e9b8a0d10 [2026-09-14T10:25:15.728832] Adding "src/leaveRequestNumber.hdbsequence" for deploy... (STDOUT, APP/TASK/deploy)#
#2026 09 14 10:25:23.475#Z#DEBUG#16b25dd8-b026-11f1-940d-eeee0a931608.capm-service-db-deployer#flowable-async-job-executor-thread-1656#
[PollExecuteTaskStatusExecution] 070d8486-d915-4207-813d-4e7e9b8a0d10 [2026-09-14T10:25:15.728873] Adding "src/leaveRequestNumber.hdbsequence" for deploy... ok (0s 0ms) (STDOUT, APP/TASK/deploy)#
#2026 09 14 10:25:23.475#Z#DEBUG#16b25dd8-b026-11f1-940d-eeee0a931608.capm-service-db-deployer#flowable-async-job-executor-thread-1656#
[PollExecuteTaskStatusExecution] 070d8486-d915-4207-813d-4e7e9b8a0d10 [2026-09-14T10:25:15.728917] Adding "src/recalcLeaveBalance.hdbprocedure" for deploy... (STDOUT, APP/TASK/deploy)#
#2026 09 14 10:25:23.475#Z#DEBUG#16b25dd8-b026-11f1-940d-eeee0a931608.capm-service-db-deployer#flowable-async-job-executor-thread-1656#
[PollExecuteTaskStatusExecution] 070d8486-d915-4207-813d-4e7e9b8a0d10 [2026-09-14T10:25:15.728957] Adding "src/recalcLeaveBalance.hdbprocedure" for deploy... ok (0s 1ms) (STDOUT, APP/TASK/deploy)#
#2026 09 14 10:25:23.475#Z#DEBUG#16b25dd8-b026-11f1-940d-eeee0a931608.capm-service-db-deployer#flowable-async-job-executor-thread-1656#
[PollExecuteTaskStatusExecution] 070d8486-d915-4207-813d-4e7e9b8a0d10 [2026-09-14T10:25:15.729] Preparing... ok (0s 74ms) (STDOUT, APP/TASK/deploy)#
#2026 09 14 10:25:23.475#Z#DEBUG#16b25dd8-b026-11f1-940d-eeee0a931608.capm-service-db-deployer#flowable-async-job-executor-thread-1656#
[PollExecuteTaskStatusExecution] 070d8486-d915-4207-813d-4e7e9b8a0d10 [2026-09-14T10:25:15.729043] Calculating dependencies... (STDOUT, APP/TASK/deploy)#
#2026 09 14 10:25:23.475#Z#DEBUG#16b25dd8-b026-11f1-940d-eeee0a931608.capm-service-db-deployer#flowable-async-job-executor-thread-1656#
[PollExecuteTaskStatusExecution] 070d8486-d915-4207-813d-4e7e9b8a0d10 [2026-09-14T10:25:15.729089] Expanding... (STDOUT, APP/TASK/deploy)#
#2026 09 14 10:25:23.475#Z#DEBUG#16b25dd8-b026-11f1-940d-eeee0a931608.capm-service-db-deployer#flowable-async-job-executor-thread-1656#
[PollExecuteTaskStatusExecution] 070d8486-d915-4207-813d-4e7e9b8a0d10 [2026-09-14T10:25:15.729133] Expanding "src/gen/HRService.LeaveRequestOverview.hdbview"... (STDOUT, APP/TASK/deploy)#
#2026 09 14 10:25:23.475#Z#DEBUG#16b25dd8-b026-11f1-940d-eeee0a931608.capm-service-db-deployer#flowable-async-job-executor-thread-1656#
[PollExecuteTaskStatusExecution] 070d8486-d915-4207-813d-4e7e9b8a0d10 [2026-09-14T10:25:15.729175] Expanding "src/gen/data/raven.hr-Departments.hdbtabledata"... (STDOUT, APP/TASK/deploy)#
#2026 09 14 10:25:23.475#Z#DEBUG#16b25dd8-b026-11f1-940d-eeee0a931608.capm-service-db-deployer#flowable-async-job-executor-thread-1656#
[PollExecuteTaskStatusExecution] 070d8486-d915-4207-813d-4e7e9b8a0d10 [2026-09-14T10:25:15.729220] Expanding "src/gen/data/raven.hr-Employees.hdbtabledata"... (STDOUT, APP/TASK/deploy)#
#2026 09 14 10:25:23.475#Z#DEBUG#16b25dd8-b026-11f1-940d-eeee0a931608.capm-service-db-deployer#flowable-async-job-executor-thread-1656#
[PollExecuteTaskStatusExecution] 070d8486-d915-4207-813d-4e7e9b8a0d10 [2026-09-14T10:25:15.729259] Expanding "src/gen/data/raven.hr-LeaveBalances.hdbtabledata"... (STDOUT, APP/TASK/deploy)#
#2026 09 14 10:25:23.475#Z#DEBUG#16b25dd8-b026-11f1-940d-eeee0a931608.capm-service-db-deployer#flowable-async-job-executor-thread-1656#
[PollExecuteTaskStatusExecution] 070d8486-d915-4207-813d-4e7e9b8a0d10 [2026-09-14T10:25:15.729303] Expanding "src/gen/data/raven.hr-Employees.hdbtabledata"... ok (0s 4ms) (STDOUT, APP/TASK/deploy)#
#2026 09 14 10:25:23.475#Z#DEBUG#16b25dd8-b026-11f1-940d-eeee0a931608.capm-service-db-deployer#flowable-async-job-executor-thread-1656#
[PollExecuteTaskStatusExecution] 070d8486-d915-4207-813d-4e7e9b8a0d10 [2026-09-14T10:25:15.729347] Expanding "src/gen/data/raven.hr-LeaveRequests.hdbtabledata"... (STDOUT, APP/TASK/deploy)#
#2026 09 14 10:25:23.475#Z#DEBUG#16b25dd8-b026-11f1-940d-eeee0a931608.capm-service-db-deployer#flowable-async-job-executor-thread-1656#
[PollExecuteTaskStatusExecution] 070d8486-d915-4207-813d-4e7e9b8a0d10 [2026-09-14T10:25:15.729387] Expanding "src/gen/data/raven.hr-Departments.hdbtabledata"... ok (0s 6ms) (STDOUT, APP/TASK/deploy)#
#2026 09 14 10:25:23.475#Z#DEBUG#16b25dd8-b026-11f1-940d-eeee0a931608.capm-service-db-deployer#flowable-async-job-executor-thread-1656#
[PollExecuteTaskStatusExecution] 070d8486-d915-4207-813d-4e7e9b8a0d10 [2026-09-14T10:25:15.729431] Expanding "src/gen/data/raven.hr-LeaveTypes.hdbtabledata"... (STDOUT, APP/TASK/deploy)#
#2026 09 14 10:25:23.475#Z#DEBUG#16b25dd8-b026-11f1-940d-eeee0a931608.capm-service-db-deployer#flowable-async-job-executor-thread-1656#
[PollExecuteTaskStatusExecution] 070d8486-d915-4207-813d-4e7e9b8a0d10 [2026-09-14T10:25:15.729499] Expanding "src/gen/data/raven.hr-LeaveBalances.hdbtabledata"... ok (0s 4ms) (STDOUT, APP/TASK/deploy)#
#2026 09 14 10:25:23.475#Z#DEBUG#16b25dd8-b026-11f1-940d-eeee0a931608.capm-service-db-deployer#flowable-async-job-executor-thread-1656#
[PollExecuteTaskStatusExecution] 070d8486-d915-4207-813d-4e7e9b8a0d10 [2026-09-14T10:25:15.729539] Expanding "src/gen/raven.hr.Departments.hdbtable"... (STDOUT, APP/TASK/deploy)#
#2026 09 14 10:25:23.475#Z#DEBUG#16b25dd8-b026-11f1-940d-eeee0a931608.capm-service-db-deployer#flowable-async-job-executor-thread-1656#
[PollExecuteTaskStatusExecution] 070d8486-d915-4207-813d-4e7e9b8a0d10 [2026-09-14T10:25:15.729582] Expanding "src/gen/data/raven.hr-LeaveRequests.hdbtabledata"... ok (0s 4ms) (STDOUT, APP/TASK/deploy)#
#2026 09 14 10:25:23.475#Z#DEBUG#16b25dd8-b026-11f1-940d-eeee0a931608.capm-service-db-deployer#flowable-async-job-executor-thread-1656#
[PollExecuteTaskStatusExecution] 070d8486-d915-4207-813d-4e7e9b8a0d10 [2026-09-14T10:25:15.729625] Expanding "src/gen/raven.hr.Employees.hdbtable"... (STDOUT, APP/TASK/deploy)#
#2026 09 14 10:25:23.475#Z#DEBUG#16b25dd8-b026-11f1-940d-eeee0a931608.capm-service-db-deployer#flowable-async-job-executor-thread-1656#
[PollExecuteTaskStatusExecution] 070d8486-d915-4207-813d-4e7e9b8a0d10 [2026-09-14T10:25:15.729667] Expanding "src/gen/data/raven.hr-LeaveTypes.hdbtabledata"... ok (0s 3ms) (STDOUT, APP/TASK/deploy)#
#2026 09 14 10:25:23.475#Z#DEBUG#16b25dd8-b026-11f1-940d-eeee0a931608.capm-service-db-deployer#flowable-async-job-executor-thread-1656#
[PollExecuteTaskStatusExecution] 070d8486-d915-4207-813d-4e7e9b8a0d10 [2026-09-14T10:25:15.729709] Expanding "src/gen/raven.hr.LeaveBalances.hdbtable"... (STDOUT, APP/TASK/deploy)#
#2026 09 14 10:25:23.475#Z#DEBUG#16b25dd8-b026-11f1-940d-eeee0a931608.capm-service-db-deployer#flowable-async-job-executor-thread-1656#
[PollExecuteTaskStatusExecution] 070d8486-d915-4207-813d-4e7e9b8a0d10 [2026-09-14T10:25:15.729753] Expanding "src/gen/HRService.LeaveRequestOverview.hdbview"... ok (0s 12ms) (STDOUT, APP/TASK/deploy)#
#2026 09 14 10:25:23.475#Z#DEBUG#16b25dd8-b026-11f1-940d-eeee0a931608.capm-service-db-deployer#flowable-async-job-executor-thread-1656#
[PollExecuteTaskStatusExecution] 070d8486-d915-4207-813d-4e7e9b8a0d10 [2026-09-14T10:25:15.729797] Expanding "src/gen/raven.hr.LeaveRequestAttachments.hdbtable"... (STDOUT, APP/TASK/deploy)#
#2026 09 14 10:25:23.475#Z#DEBUG#16b25dd8-b026-11f1-940d-eeee0a931608.capm-service-db-deployer#flowable-async-job-executor-thread-1656#
[PollExecuteTaskStatusExecution] 070d8486-d915-4207-813d-4e7e9b8a0d10 [2026-09-14T10:25:15.729839] Expanding "src/gen/raven.hr.Departments.hdbtable"... ok (0s 9ms) (STDOUT, APP/TASK/deploy)#
#2026 09 14 10:25:23.475#Z#DEBUG#16b25dd8-b026-11f1-940d-eeee0a931608.capm-service-db-deployer#flowable-async-job-executor-thread-1656#
[PollExecuteTaskStatusExecution] 070d8486-d915-4207-813d-4e7e9b8a0d10 [2026-09-14T10:25:15.729881] Expanding "src/gen/raven.hr.LeaveRequestOverview.hdbview"... (STDOUT, APP/TASK/deploy)#
#2026 09 14 10:25:23.475#Z#DEBUG#16b25dd8-b026-11f1-940d-eeee0a931608.capm-service-db-deployer#flowable-async-job-executor-thread-1656#
[PollExecuteTaskStatusExecution] 070d8486-d915-4207-813d-4e7e9b8a0d10 [2026-09-14T10:25:15.729923] Expanding "src/gen/raven.hr.Employees.hdbtable"... ok (0s 9ms) (STDOUT, APP/TASK/deploy)#
#2026 09 14 10:25:23.475#Z#DEBUG#16b25dd8-b026-11f1-940d-eeee0a931608.capm-service-db-deployer#flowable-async-job-executor-thread-1656#
[PollExecuteTaskStatusExecution] 070d8486-d915-4207-813d-4e7e9b8a0d10 [2026-09-14T10:25:15.729968] Expanding "src/gen/raven.hr.LeaveRequests.hdbtable"... (STDOUT, APP/TASK/deploy)#
#2026 09 14 10:25:23.475#Z#DEBUG#16b25dd8-b026-11f1-940d-eeee0a931608.capm-service-db-deployer#flowable-async-job-executor-thread-1656#
[PollExecuteTaskStatusExecution] 070d8486-d915-4207-813d-4e7e9b8a0d10 [2026-09-14T10:25:15.730011] Expanding "src/gen/raven.hr.LeaveBalances.hdbtable"... ok (0s 9ms) (STDOUT, APP/TASK/deploy)#
#2026 09 14 10:25:23.475#Z#DEBUG#16b25dd8-b026-11f1-940d-eeee0a931608.capm-service-db-deployer#flowable-async-job-executor-thread-1656#
[PollExecuteTaskStatusExecution] 070d8486-d915-4207-813d-4e7e9b8a0d10 [2026-09-14T10:25:15.730053] Expanding "src/gen/raven.hr.LeaveTypes.hdbtable"... (STDOUT, APP/TASK/deploy)#
#2026 09 14 10:25:23.475#Z#DEBUG#16b25dd8-b026-11f1-940d-eeee0a931608.capm-service-db-deployer#flowable-async-job-executor-thread-1656#
[PollExecuteTaskStatusExecution] 070d8486-d915-4207-813d-4e7e9b8a0d10 [2026-09-14T10:25:15.730094] Expanding "src/gen/raven.hr.LeaveRequestAttachments.hdbtable"... ok (0s 9ms) (STDOUT, APP/TASK/deploy)#
#2026 09 14 10:25:23.475#Z#DEBUG#16b25dd8-b026-11f1-940d-eeee0a931608.capm-service-db-deployer#flowable-async-job-executor-thread-1656#
[PollExecuteTaskStatusExecution] 070d8486-d915-4207-813d-4e7e9b8a0d10 [2026-09-14T10:25:15.730139] Expanding "src/gen/raven.hr.LeaveRequests.hdbtable"... ok (0s 7ms) (STDOUT, APP/TASK/deploy)#
#2026 09 14 10:25:23.475#Z#DEBUG#16b25dd8-b026-11f1-940d-eeee0a931608.capm-service-db-deployer#flowable-async-job-executor-thread-1656#
[PollExecuteTaskStatusExecution] 070d8486-d915-4207-813d-4e7e9b8a0d10 [2026-09-14T10:25:15.730182] Expanding "src/gen/raven.hr.LeaveRequestOverview.hdbview"... ok (0s 8ms) (STDOUT, APP/TASK/deploy)#
#2026 09 14 10:25:23.475#Z#DEBUG#16b25dd8-b026-11f1-940d-eeee0a931608.capm-service-db-deployer#flowable-async-job-executor-thread-1656#
[PollExecuteTaskStatusExecution] 070d8486-d915-4207-813d-4e7e9b8a0d10 [2026-09-14T10:25:15.730224] Expanding "src/gen/raven.hr.LeaveTypes.hdbtable"... ok (0s 6ms) (STDOUT, APP/TASK/deploy)#
#2026 09 14 10:25:23.475#Z#DEBUG#16b25dd8-b026-11f1-940d-eeee0a931608.capm-service-db-deployer#flowable-async-job-executor-thread-1656#
[PollExecuteTaskStatusExecution] 070d8486-d915-4207-813d-4e7e9b8a0d10 [2026-09-14T10:25:15.730268] Expanding... ok (0s 54ms) (STDOUT, APP/TASK/deploy)#
#2026 09 14 10:25:23.475#Z#DEBUG#16b25dd8-b026-11f1-940d-eeee0a931608.capm-service-db-deployer#flowable-async-job-executor-thread-1656#
[PollExecuteTaskStatusExecution] 070d8486-d915-4207-813d-4e7e9b8a0d10 [2026-09-14T10:25:15.730307] Precompiling... (STDOUT, APP/TASK/deploy)#
#2026 09 14 10:25:23.475#Z#DEBUG#16b25dd8-b026-11f1-940d-eeee0a931608.capm-service-db-deployer#flowable-async-job-executor-thread-1656#
[PollExecuteTaskStatusExecution] 070d8486-d915-4207-813d-4e7e9b8a0d10 [2026-09-14T10:25:15.730352] Precompiling "src/gen/HRService.LeaveRequestOverview.hdbview"... (STDOUT, APP/TASK/deploy)#
#2026 09 14 10:25:23.475#Z#DEBUG#16b25dd8-b026-11f1-940d-eeee0a931608.capm-service-db-deployer#flowable-async-job-executor-thread-1656#
[PollExecuteTaskStatusExecution] 070d8486-d915-4207-813d-4e7e9b8a0d10 [2026-09-14T10:25:15.730399] Precompiling "src/gen/data/raven.hr-Departments.csv"... (STDOUT, APP/TASK/deploy)#
#2026 09 14 10:25:23.475#Z#DEBUG#16b25dd8-b026-11f1-940d-eeee0a931608.capm-service-db-deployer#flowable-async-job-executor-thread-1656#
[PollExecuteTaskStatusExecution] 070d8486-d915-4207-813d-4e7e9b8a0d10 [2026-09-14T10:25:15.730438] Precompiling "src/gen/data/raven.hr-Departments.hdbtabledata"... (STDOUT, APP/TASK/deploy)#
#2026 09 14 10:25:23.475#Z#DEBUG#16b25dd8-b026-11f1-940d-eeee0a931608.capm-service-db-deployer#flowable-async-job-executor-thread-1656#
[PollExecuteTaskStatusExecution] 070d8486-d915-4207-813d-4e7e9b8a0d10 [2026-09-14T10:25:15.730483] Precompiling "src/gen/data/raven.hr-Departments.hdbtabledata"... ok (0s 0ms) (STDOUT, APP/TASK/deploy)#
#2026 09 14 10:25:23.475#Z#DEBUG#16b25dd8-b026-11f1-940d-eeee0a931608.capm-service-db-deployer#flowable-async-job-executor-thread-1656#
[PollExecuteTaskStatusExecution] 070d8486-d915-4207-813d-4e7e9b8a0d10 [2026-09-14T10:25:15.730523] Precompiling "src/gen/data/raven.hr-Departments.hdbtabledata$0.expand"... (STDOUT, APP/TASK/deploy)#
#2026 09 14 10:25:23.475#Z#DEBUG#16b25dd8-b026-11f1-940d-eeee0a931608.capm-service-db-deployer#flowable-async-job-executor-thread-1656#
[PollExecuteTaskStatusExecution] 070d8486-d915-4207-813d-4e7e9b8a0d10 [2026-09-14T10:25:15.730568] Expanded from "src/gen/data/raven.hr-Departments.hdbtabledata" (STDOUT, APP/TASK/deploy)#
#2026 09 14 10:25:23.475#Z#DEBUG#16b25dd8-b026-11f1-940d-eeee0a931608.capm-service-db-deployer#flowable-async-job-executor-thread-1656#
[PollExecuteTaskStatusExecution] 070d8486-d915-4207-813d-4e7e9b8a0d10 [2026-09-14T10:25:15.730606] Precompiling "src/gen/data/raven.hr-Employees.csv"... (STDOUT, APP/TASK/deploy)#
#2026 09 14 10:25:23.475#Z#DEBUG#16b25dd8-b026-11f1-940d-eeee0a931608.capm-service-db-deployer#flowable-async-job-executor-thread-1656#
[PollExecuteTaskStatusExecution] 070d8486-d915-4207-813d-4e7e9b8a0d10 [2026-09-14T10:25:15.730650] Precompiling "src/gen/data/raven.hr-Departments.hdbtabledata$0.expand"... ok (0s 1ms) (STDOUT, APP/TASK/deploy)#
#2026 09 14 10:25:23.475#Z#DEBUG#16b25dd8-b026-11f1-940d-eeee0a931608.capm-service-db-deployer#flowable-async-job-executor-thread-1656#
[PollExecuteTaskStatusExecution] 070d8486-d915-4207-813d-4e7e9b8a0d10 [2026-09-14T10:25:15.730688] Precompiling "src/gen/data/raven.hr-Employees.hdbtabledata"... (STDOUT, APP/TASK/deploy)#
#2026 09 14 10:25:23.475#Z#DEBUG#16b25dd8-b026-11f1-940d-eeee0a931608.capm-service-db-deployer#flowable-async-job-executor-thread-1656#
[PollExecuteTaskStatusExecution] 070d8486-d915-4207-813d-4e7e9b8a0d10 [2026-09-14T10:25:15.730727] Precompiling "src/gen/data/raven.hr-Employees.hdbtabledata"... ok (0s 0ms) (STDOUT, APP/TASK/deploy)#
#2026 09 14 10:25:23.475#Z#DEBUG#16b25dd8-b026-11f1-940d-eeee0a931608.capm-service-db-deployer#flowable-async-job-executor-thread-1656#
[PollExecuteTaskStatusExecution] 070d8486-d915-4207-813d-4e7e9b8a0d10 [2026-09-14T10:25:15.730771] Precompiling "src/gen/data/raven.hr-Employees.hdbtabledata$0.expand"... (STDOUT, APP/TASK/deploy)#
#2026 09 14 10:25:23.475#Z#DEBUG#16b25dd8-b026-11f1-940d-eeee0a931608.capm-service-db-deployer#flowable-async-job-executor-thread-1656#
[PollExecuteTaskStatusExecution] 070d8486-d915-4207-813d-4e7e9b8a0d10 [2026-09-14T10:25:15.730814] Expanded from "src/gen/data/raven.hr-Employees.hdbtabledata" (STDOUT, APP/TASK/deploy)#
#2026 09 14 10:25:23.475#Z#DEBUG#16b25dd8-b026-11f1-940d-eeee0a931608.capm-service-db-deployer#flowable-async-job-executor-thread-1656#
[PollExecuteTaskStatusExecution] 070d8486-d915-4207-813d-4e7e9b8a0d10 [2026-09-14T10:25:15.730857] Precompiling "src/gen/data/raven.hr-Departments.csv"... ok (0s 2ms) (STDOUT, APP/TASK/deploy)#
#2026 09 14 10:25:23.475#Z#DEBUG#16b25dd8-b026-11f1-940d-eeee0a931608.capm-service-db-deployer#flowable-async-job-executor-thread-1656#
[PollExecuteTaskStatusExecution] 070d8486-d915-4207-813d-4e7e9b8a0d10 [2026-09-14T10:25:15.730901] Precompiling "src/gen/data/raven.hr-LeaveBalances.csv"... (STDOUT, APP/TASK/deploy)#
#2026 09 14 10:25:23.475#Z#DEBUG#16b25dd8-b026-11f1-940d-eeee0a931608.capm-service-db-deployer#flowable-async-job-executor-thread-1656#
[PollExecuteTaskStatusExecution] 070d8486-d915-4207-813d-4e7e9b8a0d10 [2026-09-14T10:25:15.730943] Precompiling "src/gen/data/raven.hr-Employees.hdbtabledata$0.expand"... ok (0s 1ms) (STDOUT, APP/TASK/deploy)#
#2026 09 14 10:25:23.475#Z#DEBUG#16b25dd8-b026-11f1-940d-eeee0a931608.capm-service-db-deployer#flowable-async-job-executor-thread-1656#
[PollExecuteTaskStatusExecution] 070d8486-d915-4207-813d-4e7e9b8a0d10 [2026-09-14T10:25:15.731360] Error: com.sap.hana.di.sequence: Syntax error: "incorrect syntax near ":"" [8250009] (STDERR, APP/TASK/deploy)#
#2026 09 14 10:25:23.475#Z#DEBUG#16b25dd8-b026-11f1-940d-eeee0a931608.capm-service-db-deployer#flowable-async-job-executor-thread-1656#
[PollExecuteTaskStatusExecution] 070d8486-d915-4207-813d-4e7e9b8a0d10 [2026-09-14T10:25:15.731606] Error: Precompiling... failed [8212133] (STDERR, APP/TASK/deploy)#
#2026 09 14 10:25:23.475#Z#DEBUG#16b25dd8-b026-11f1-940d-eeee0a931608.capm-service-db-deployer#flowable-async-job-executor-thread-1656#
[PollExecuteTaskStatusExecution] 070d8486-d915-4207-813d-4e7e9b8a0d10 [2026-09-14T10:25:15.731611] Error: Calculating dependencies... failed [8212108] (STDERR, APP/TASK/deploy)#
#2026 09 14 10:25:23.475#Z#DEBUG#16b25dd8-b026-11f1-940d-eeee0a931608.capm-service-db-deployer#flowable-async-job-executor-thread-1656#
[PollExecuteTaskStatusExecution] 070d8486-d915-4207-813d-4e7e9b8a0d10 [2026-09-14T10:25:15.731747] Error: Making... failed [8211605] (STDERR, APP/TASK/deploy)#
#2026 09 14 10:25:23.475#Z#DEBUG#16b25dd8-b026-11f1-940d-eeee0a931608.capm-service-db-deployer#flowable-async-job-executor-thread-1656#
[PollExecuteTaskStatusExecution] 070d8486-d915-4207-813d-4e7e9b8a0d10 [2026-09-14T10:25:15.731752] Error: Starting make in the container "6A5478B8D26E43D8A56BA48D201A9E69" with 22 files to deploy, 0 files to undeploy... failed [8214168] (STDERR, APP/TASK/deploy)#
#2026 09 14 10:25:23.475#Z#DEBUG#16b25dd8-b026-11f1-940d-eeee0a931608.capm-service-db-deployer#flowable-async-job-executor-thread-1656#
[PollExecuteTaskStatusExecution] 070d8486-d915-4207-813d-4e7e9b8a0d10 [2026-09-14T10:25:15.732900] Precompiling "src/gen/data/raven.hr-LeaveBalances.hdbtabledata"... (STDOUT, APP/TASK/deploy)#
#2026 09 14 10:25:23.475#Z#DEBUG#16b25dd8-b026-11f1-940d-eeee0a931608.capm-service-db-deployer#flowable-async-job-executor-thread-1656#
[PollExecuteTaskStatusExecution] 070d8486-d915-4207-813d-4e7e9b8a0d10 [2026-09-14T10:25:15.732933] Precompiling "src/gen/data/raven.hr-LeaveBalances.hdbtabledata"... ok (0s 0ms) (STDOUT, APP/TASK/deploy)#
#2026 09 14 10:25:23.475#Z#DEBUG#16b25dd8-b026-11f1-940d-eeee0a931608.capm-service-db-deployer#flowable-async-job-executor-thread-1656#
[PollExecuteTaskStatusExecution] 070d8486-d915-4207-813d-4e7e9b8a0d10 [2026-09-14T10:25:15.732937] Precompiling "src/gen/data/raven.hr-LeaveBalances.hdbtabledata$0.expand"... (STDOUT, APP/TASK/deploy)#
#2026 09 14 10:25:23.475#Z#DEBUG#16b25dd8-b026-11f1-940d-eeee0a931608.capm-service-db-deployer#flowable-async-job-executor-thread-1656#
[PollExecuteTaskStatusExecution] 070d8486-d915-4207-813d-4e7e9b8a0d10 [2026-09-14T10:25:15.732943] Expanded from "src/gen/data/raven.hr-LeaveBalances.hdbtabledata" (STDOUT, APP/TASK/deploy)#
#2026 09 14 10:25:23.475#Z#DEBUG#16b25dd8-b026-11f1-940d-eeee0a931608.capm-service-db-deployer#flowable-async-job-executor-thread-1656#
[PollExecuteTaskStatusExecution] 070d8486-d915-4207-813d-4e7e9b8a0d10 [2026-09-14T10:25:15.732946] Precompiling "src/gen/data/raven.hr-Employees.csv"... ok (0s 3ms) (STDOUT, APP/TASK/deploy)#
#2026 09 14 10:25:23.475#Z#DEBUG#16b25dd8-b026-11f1-940d-eeee0a931608.capm-service-db-deployer#flowable-async-job-executor-thread-1656#
[PollExecuteTaskStatusExecution] 070d8486-d915-4207-813d-4e7e9b8a0d10 [2026-09-14T10:25:15.732950] Precompiling "src/gen/data/raven.hr-LeaveRequests.csv"... (STDOUT, APP/TASK/deploy)#
#2026 09 14 10:25:23.475#Z#DEBUG#16b25dd8-b026-11f1-940d-eeee0a931608.capm-service-db-deployer#flowable-async-job-executor-thread-1656#
[PollExecuteTaskStatusExecution] 070d8486-d915-4207-813d-4e7e9b8a0d10 [2026-09-14T10:25:15.732953] Precompiling "src/gen/data/raven.hr-LeaveBalances.csv"... ok (0s 1ms) (STDOUT, APP/TASK/deploy)#
#2026 09 14 10:25:23.475#Z#DEBUG#16b25dd8-b026-11f1-940d-eeee0a931608.capm-service-db-deployer#flowable-async-job-executor-thread-1656#
[PollExecuteTaskStatusExecution] 070d8486-d915-4207-813d-4e7e9b8a0d10 [2026-09-14T10:25:15.732955] Precompiling "src/gen/data/raven.hr-LeaveRequests.hdbtabledata"... (STDOUT, APP/TASK/deploy)#
#2026 09 14 10:25:23.475#Z#DEBUG#16b25dd8-b026-11f1-940d-eeee0a931608.capm-service-db-deployer#flowable-async-job-executor-thread-1656#
[PollExecuteTaskStatusExecution] 070d8486-d915-4207-813d-4e7e9b8a0d10 [2026-09-14T10:25:15.732958] Precompiling "src/gen/data/raven.hr-LeaveRequests.hdbtabledata"... ok (0s 0ms) (STDOUT, APP/TASK/deploy)#
#2026 09 14 10:25:23.475#Z#DEBUG#16b25dd8-b026-11f1-940d-eeee0a931608.capm-service-db-deployer#flowable-async-job-executor-thread-1656#
[PollExecuteTaskStatusExecution] 070d8486-d915-4207-813d-4e7e9b8a0d10 [2026-09-14T10:25:15.732961] Precompiling "src/gen/data/raven.hr-LeaveRequests.hdbtabledata$0.expand"... (STDOUT, APP/TASK/deploy)#
#2026 09 14 10:25:23.475#Z#DEBUG#16b25dd8-b026-11f1-940d-eeee0a931608.capm-service-db-deployer#flowable-async-job-executor-thread-1656#
[PollExecuteTaskStatusExecution] 070d8486-d915-4207-813d-4e7e9b8a0d10 [2026-09-14T10:25:15.732963] Expanded from "src/gen/data/raven.hr-LeaveRequests.hdbtabledata" (STDOUT, APP/TASK/deploy)#
#2026 09 14 10:25:23.475#Z#DEBUG#16b25dd8-b026-11f1-940d-eeee0a931608.capm-service-db-deployer#flowable-async-job-executor-thread-1656#
[PollExecuteTaskStatusExecution] 070d8486-d915-4207-813d-4e7e9b8a0d10 [2026-09-14T10:25:15.732966] Precompiling "src/gen/data/raven.hr-LeaveBalances.hdbtabledata$0.expand"... ok (0s 2ms) (STDOUT, APP/TASK/deploy)#
#2026 09 14 10:25:23.475#Z#DEBUG#16b25dd8-b026-11f1-940d-eeee0a931608.capm-service-db-deployer#flowable-async-job-executor-thread-1656#
[PollExecuteTaskStatusExecution] 070d8486-d915-4207-813d-4e7e9b8a0d10 [2026-09-14T10:25:15.732967] Precompiling "src/gen/data/raven.hr-LeaveTypes.csv"... (STDOUT, APP/TASK/deploy)#
#2026 09 14 10:25:23.475#Z#DEBUG#16b25dd8-b026-11f1-940d-eeee0a931608.capm-service-db-deployer#flowable-async-job-executor-thread-1656#
[PollExecuteTaskStatusExecution] 070d8486-d915-4207-813d-4e7e9b8a0d10 [2026-09-14T10:25:15.732970] Precompiling "src/gen/data/raven.hr-LeaveRequests.csv"... ok (0s 1ms) (STDOUT, APP/TASK/deploy)#
#2026 09 14 10:25:23.475#Z#DEBUG#16b25dd8-b026-11f1-940d-eeee0a931608.capm-service-db-deployer#flowable-async-job-executor-thread-1656#
[PollExecuteTaskStatusExecution] 070d8486-d915-4207-813d-4e7e9b8a0d10 [2026-09-14T10:25:15.732974] Precompiling "src/gen/data/raven.hr-LeaveTypes.hdbtabledata"... (STDOUT, APP/TASK/deploy)#
#2026 09 14 10:25:23.475#Z#DEBUG#16b25dd8-b026-11f1-940d-eeee0a931608.capm-service-db-deployer#flowable-async-job-executor-thread-1656#
[PollExecuteTaskStatusExecution] 070d8486-d915-4207-813d-4e7e9b8a0d10 [2026-09-14T10:25:15.732977] Precompiling "src/gen/data/raven.hr-LeaveTypes.hdbtabledata"... ok (0s 0ms) (STDOUT, APP/TASK/deploy)#
#2026 09 14 10:25:23.475#Z#DEBUG#16b25dd8-b026-11f1-940d-eeee0a931608.capm-service-db-deployer#flowable-async-job-executor-thread-1656#
[PollExecuteTaskStatusExecution] 070d8486-d915-4207-813d-4e7e9b8a0d10 [2026-09-14T10:25:15.732979] Precompiling "src/gen/data/raven.hr-LeaveTypes.hdbtabledata$0.expand"... (STDOUT, APP/TASK/deploy)#
#2026 09 14 10:25:23.475#Z#DEBUG#16b25dd8-b026-11f1-940d-eeee0a931608.capm-service-db-deployer#flowable-async-job-executor-thread-1656#
[PollExecuteTaskStatusExecution] 070d8486-d915-4207-813d-4e7e9b8a0d10 [2026-09-14T10:25:15.732982] Expanded from "src/gen/data/raven.hr-LeaveTypes.hdbtabledata" (STDOUT, APP/TASK/deploy)#
#2026 09 14 10:25:23.475#Z#DEBUG#16b25dd8-b026-11f1-940d-eeee0a931608.capm-service-db-deployer#flowable-async-job-executor-thread-1656#
[PollExecuteTaskStatusExecution] 070d8486-d915-4207-813d-4e7e9b8a0d10 [2026-09-14T10:25:15.732984] Precompiling "src/gen/data/raven.hr-LeaveRequests.hdbtabledata$0.expand"... ok (0s 2ms) (STDOUT, APP/TASK/deploy)#
#2026 09 14 10:25:23.475#Z#DEBUG#16b25dd8-b026-11f1-940d-eeee0a931608.capm-service-db-deployer#flowable-async-job-executor-thread-1656#
[PollExecuteTaskStatusExecution] 070d8486-d915-4207-813d-4e7e9b8a0d10 [2026-09-14T10:25:15.732986] Precompiling "src/gen/raven.hr.Departments.hdbtable"... (STDOUT, APP/TASK/deploy)#
#2026 09 14 10:25:23.475#Z#DEBUG#16b25dd8-b026-11f1-940d-eeee0a931608.capm-service-db-deployer#flowable-async-job-executor-thread-1656#
[PollExecuteTaskStatusExecution] 070d8486-d915-4207-813d-4e7e9b8a0d10 [2026-09-14T10:25:15.732989] Precompiling "src/gen/data/raven.hr-LeaveTypes.hdbtabledata$0.expand"... ok (0s 2ms) (STDOUT, APP/TASK/deploy)#
#2026 09 14 10:25:23.475#Z#DEBUG#16b25dd8-b026-11f1-940d-eeee0a931608.capm-service-db-deployer#flowable-async-job-executor-thread-1656#
[PollExecuteTaskStatusExecution] 070d8486-d915-4207-813d-4e7e9b8a0d10 [2026-09-14T10:25:15.732991] Precompiling "src/gen/raven.hr.Employees.hdbtable"... (STDOUT, APP/TASK/deploy)#
#2026 09 14 10:25:23.475#Z#DEBUG#16b25dd8-b026-11f1-940d-eeee0a931608.capm-service-db-deployer#flowable-async-job-executor-thread-1656#
[PollExecuteTaskStatusExecution] 070d8486-d915-4207-813d-4e7e9b8a0d10 [2026-09-14T10:25:15.732993] Precompiling "src/gen/data/raven.hr-LeaveTypes.csv"... ok (0s 2ms) (STDOUT, APP/TASK/deploy)#
#2026 09 14 10:25:23.475#Z#DEBUG#16b25dd8-b026-11f1-940d-eeee0a931608.capm-service-db-deployer#flowable-async-job-executor-thread-1656#
[PollExecuteTaskStatusExecution] 070d8486-d915-4207-813d-4e7e9b8a0d10 [2026-09-14T10:25:15.732996] Precompiling "src/gen/raven.hr.LeaveBalances.hdbtable"... (STDOUT, APP/TASK/deploy)#
#2026 09 14 10:25:23.475#Z#DEBUG#16b25dd8-b026-11f1-940d-eeee0a931608.capm-service-db-deployer#flowable-async-job-executor-thread-1656#
[PollExecuteTaskStatusExecution] 070d8486-d915-4207-813d-4e7e9b8a0d10 [2026-09-14T10:25:15.732999] Precompiling "src/gen/HRService.LeaveRequestOverview.hdbview"... ok (0s 10ms) (STDOUT, APP/TASK/deploy)#
#2026 09 14 10:25:23.475#Z#DEBUG#16b25dd8-b026-11f1-940d-eeee0a931608.capm-service-db-deployer#flowable-async-job-executor-thread-1656#
[PollExecuteTaskStatusExecution] 070d8486-d915-4207-813d-4e7e9b8a0d10 [2026-09-14T10:25:15.733033] Precompiling "src/gen/raven.hr.LeaveRequestAttachments.hdbtable"... (STDOUT, APP/TASK/deploy)#
#2026 09 14 10:25:23.475#Z#DEBUG#16b25dd8-b026-11f1-940d-eeee0a931608.capm-service-db-deployer#flowable-async-job-executor-thread-1656#
[PollExecuteTaskStatusExecution] 070d8486-d915-4207-813d-4e7e9b8a0d10 [2026-09-14T10:25:15.733035] Precompiling "src/gen/raven.hr.Employees.hdbtable"... ok (0s 9ms) (STDOUT, APP/TASK/deploy)#
#2026 09 14 10:25:23.475#Z#DEBUG#16b25dd8-b026-11f1-940d-eeee0a931608.capm-service-db-deployer#flowable-async-job-executor-thread-1656#
[PollExecuteTaskStatusExecution] 070d8486-d915-4207-813d-4e7e9b8a0d10 [2026-09-14T10:25:15.733041] Precompiling "src/gen/raven.hr.LeaveRequestOverview.hdbview"... (STDOUT, APP/TASK/deploy)#
#2026 09 14 10:25:23.475#Z#DEBUG#16b25dd8-b026-11f1-940d-eeee0a931608.capm-service-db-deployer#flowable-async-job-executor-thread-1656#
[PollExecuteTaskStatusExecution] 070d8486-d915-4207-813d-4e7e9b8a0d10 [2026-09-14T10:25:15.733044] Precompiling "src/gen/raven.hr.Departments.hdbtable"... ok (0s 9ms) (STDOUT, APP/TASK/deploy)#
#2026 09 14 10:25:23.475#Z#DEBUG#16b25dd8-b026-11f1-940d-eeee0a931608.capm-service-db-deployer#flowable-async-job-executor-thread-1656#
[PollExecuteTaskStatusExecution] 070d8486-d915-4207-813d-4e7e9b8a0d10 [2026-09-14T10:25:15.733049] Precompiling "src/gen/raven.hr.LeaveRequests.hdbtable"... (STDOUT, APP/TASK/deploy)#
#2026 09 14 10:25:23.475#Z#DEBUG#16b25dd8-b026-11f1-940d-eeee0a931608.capm-service-db-deployer#flowable-async-job-executor-thread-1656#
[PollExecuteTaskStatusExecution] 070d8486-d915-4207-813d-4e7e9b8a0d10 [2026-09-14T10:25:15.733058] Precompiling "src/gen/raven.hr.LeaveBalances.hdbtable"... ok (0s 10ms) (STDOUT, APP/TASK/deploy)#
#2026 09 14 10:25:23.475#Z#DEBUG#16b25dd8-b026-11f1-940d-eeee0a931608.capm-service-db-deployer#flowable-async-job-executor-thread-1656#
[PollExecuteTaskStatusExecution] 070d8486-d915-4207-813d-4e7e9b8a0d10 [2026-09-14T10:25:15.733062] Precompiling "src/gen/raven.hr.LeaveTypes.hdbtable"... (STDOUT, APP/TASK/deploy)#
#2026 09 14 10:25:23.475#Z#DEBUG#16b25dd8-b026-11f1-940d-eeee0a931608.capm-service-db-deployer#flowable-async-job-executor-thread-1656#
[PollExecuteTaskStatusExecution] 070d8486-d915-4207-813d-4e7e9b8a0d10 [2026-09-14T10:25:15.733065] Precompiling "src/gen/raven.hr.LeaveRequestAttachments.hdbtable"... ok (0s 9ms) (STDOUT, APP/TASK/deploy)#
#2026 09 14 10:25:23.475#Z#DEBUG#16b25dd8-b026-11f1-940d-eeee0a931608.capm-service-db-deployer#flowable-async-job-executor-thread-1656#
[PollExecuteTaskStatusExecution] 070d8486-d915-4207-813d-4e7e9b8a0d10 [2026-09-14T10:25:15.733069] Precompiling "src/leaveRequestNumber.hdbsequence"... (STDOUT, APP/TASK/deploy)#
#2026 09 14 10:25:23.475#Z#DEBUG#16b25dd8-b026-11f1-940d-eeee0a931608.capm-service-db-deployer#flowable-async-job-executor-thread-1656#
[PollExecuteTaskStatusExecution] 070d8486-d915-4207-813d-4e7e9b8a0d10 [2026-09-14T10:25:15.733071] at "src/leaveRequestNumber.hdbsequence" (1:7) (STDOUT, APP/TASK/deploy)#
#2026 09 14 10:25:23.475#Z#DEBUG#16b25dd8-b026-11f1-940d-eeee0a931608.capm-service-db-deployer#flowable-async-job-executor-thread-1656#
[PollExecuteTaskStatusExecution] 070d8486-d915-4207-813d-4e7e9b8a0d10 [2026-09-14T10:25:15.733074] Precompiling "src/recalcLeaveBalance.hdbprocedure"... (STDOUT, APP/TASK/deploy)#
#2026 09 14 10:25:23.475#Z#DEBUG#16b25dd8-b026-11f1-940d-eeee0a931608.capm-service-db-deployer#flowable-async-job-executor-thread-1656#
[PollExecuteTaskStatusExecution] 070d8486-d915-4207-813d-4e7e9b8a0d10 [2026-09-14T10:25:15.733077] Precompiling "src/gen/raven.hr.LeaveRequests.hdbtable"... ok (0s 9ms) (STDOUT, APP/TASK/deploy)#
#2026 09 14 10:25:23.475#Z#DEBUG#16b25dd8-b026-11f1-940d-eeee0a931608.capm-service-db-deployer#flowable-async-job-executor-thread-1656#
[PollExecuteTaskStatusExecution] 070d8486-d915-4207-813d-4e7e9b8a0d10 [2026-09-14T10:25:15.733081] Precompiling "src/gen/raven.hr.LeaveTypes.hdbtable"... ok (0s 8ms) (STDOUT, APP/TASK/deploy)#
#2026 09 14 10:25:23.475#Z#DEBUG#16b25dd8-b026-11f1-940d-eeee0a931608.capm-service-db-deployer#flowable-async-job-executor-thread-1656#
[PollExecuteTaskStatusExecution] 070d8486-d915-4207-813d-4e7e9b8a0d10 [2026-09-14T10:25:15.733084] Precompiling "src/gen/raven.hr.LeaveRequestOverview.hdbview"... ok (0s 9ms) (STDOUT, APP/TASK/deploy)#
#2026 09 14 10:25:23.475#Z#DEBUG#16b25dd8-b026-11f1-940d-eeee0a931608.capm-service-db-deployer#flowable-async-job-executor-thread-1656#
[PollExecuteTaskStatusExecution] 070d8486-d915-4207-813d-4e7e9b8a0d10 [2026-09-14T10:25:15.733090] Precompiling "src/recalcLeaveBalance.hdbprocedure"... ok (0s 6ms) (STDOUT, APP/TASK/deploy)#
#2026 09 14 10:25:23.475#Z#DEBUG#16b25dd8-b026-11f1-940d-eeee0a931608.capm-service-db-deployer#flowable-async-job-executor-thread-1656#
[PollExecuteTaskStatusExecution] 070d8486-d915-4207-813d-4e7e9b8a0d10 [2026-09-14T10:25:15.733094] Make failed (5 errors, 0 warnings): tried to deploy 22 files, undeploy 0 files, redeploy 0 dependent files (STDOUT, APP/TASK/deploy)#
#2026 09 14 10:25:23.475#Z#DEBUG#16b25dd8-b026-11f1-940d-eeee0a931608.capm-service-db-deployer#flowable-async-job-executor-thread-1656#
[PollExecuteTaskStatusExecution] 070d8486-d915-4207-813d-4e7e9b8a0d10 [2026-09-14T10:25:15.733150] Deployment to container 6A5478B8D26E43D8A56BA48D201A9E69 failed - error: HDI make failed [Deployment ID: none]. (STDERR, APP/TASK/deploy)#
#2026 09 14 10:25:23.475#Z#DEBUG#16b25dd8-b026-11f1-940d-eeee0a931608.capm-service-db-deployer#flowable-async-job-executor-thread-1656#
[PollExecuteTaskStatusExecution] 070d8486-d915-4207-813d-4e7e9b8a0d10 [2026-09-14T10:25:15.734487] Deployment ended at 2026-09-14 10:25:15 (STDOUT, APP/TASK/deploy)#
#2026 09 14 10:25:23.475#Z#DEBUG#16b25dd8-b026-11f1-940d-eeee0a931608.capm-service-db-deployer#flowable-async-job-executor-thread-1656#
[PollExecuteTaskStatusExecution] 070d8486-d915-4207-813d-4e7e9b8a0d10 [2026-09-14T10:25:15.734613] Error: HDI make failed (STDERR, APP/TASK/deploy)#
#2026 09 14 10:25:23.475#Z#DEBUG#16b25dd8-b026-11f1-940d-eeee0a931608.capm-service-db-deployer#flowable-async-job-executor-thread-1656#
[PollExecuteTaskStatusExecution] 070d8486-d915-4207-813d-4e7e9b8a0d10 [2026-09-14T10:25:15.736691] (2s 345ms) (STDOUT, APP/TASK/deploy)#
#2026 09 14 10:25:23.475#Z#DEBUG#16b25dd8-b026-11f1-940d-eeee0a931608.capm-service-db-deployer#flowable-async-job-executor-thread-1656#
[PollExecuteTaskStatusExecution] 070d8486-d915-4207-813d-4e7e9b8a0d10 [2026-09-14T10:25:15.760120] npm notice (STDERR, APP/TASK/deploy)#
#2026 09 14 10:25:23.475#Z#DEBUG#16b25dd8-b026-11f1-940d-eeee0a931608.capm-service-db-deployer#flowable-async-job-executor-thread-1656#
[PollExecuteTaskStatusExecution] 070d8486-d915-4207-813d-4e7e9b8a0d10 [2026-09-14T10:25:15.760159] npm notice New major version of npm available! 11.16.0 -> 12.0.2 (STDERR, APP/TASK/deploy)#
#2026 09 14 10:25:23.475#Z#DEBUG#16b25dd8-b026-11f1-940d-eeee0a931608.capm-service-db-deployer#flowable-async-job-executor-thread-1656#
[PollExecuteTaskStatusExecution] 070d8486-d915-4207-813d-4e7e9b8a0d10 [2026-09-14T10:25:15.760163] npm notice Changelog: https://github.com/npm/cli/releases/tag/v12.0.2 (STDERR, APP/TASK/deploy)#
#2026 09 14 10:25:23.475#Z#DEBUG#16b25dd8-b026-11f1-940d-eeee0a931608.capm-service-db-deployer#flowable-async-job-executor-thread-1656#
[PollExecuteTaskStatusExecution] 070d8486-d915-4207-813d-4e7e9b8a0d10 [2026-09-14T10:25:15.760166] npm notice To update run: npm install -g npm@12.0.2 (STDERR, APP/TASK/deploy)#
#2026 09 14 10:25:23.475#Z#DEBUG#16b25dd8-b026-11f1-940d-eeee0a931608.capm-service-db-deployer#flowable-async-job-executor-thread-1656#
[PollExecuteTaskStatusExecution] 070d8486-d915-4207-813d-4e7e9b8a0d10 [2026-09-14T10:25:15.760169] npm notice (STDERR, APP/TASK/deploy)#
#2026 09 14 10:25:23.475#Z#DEBUG#16b25dd8-b026-11f1-940d-eeee0a931608.capm-service-db-deployer#flowable-async-job-executor-thread-1656#
[PollExecuteTaskStatusExecution] 070d8486-d915-4207-813d-4e7e9b8a0d10 [2026-09-14T10:25:15.842468] Exit status 1 (STDOUT, APP/TASK/deploy)#
#2026 09 14 10:25:23.475#Z#DEBUG#16b25dd8-b026-11f1-940d-eeee0a931608.capm-service-db-deployer#flowable-async-job-executor-thread-1656#
[PollExecuteTaskStatusExecution] 070d8486-d915-4207-813d-4e7e9b8a0d10 [2026-09-14T10:25:17.453856] Cell 684caff8-89cd-492b-be01-b3d0835f1763 stopping instance 19030823-c385-493d-bda7-42ae75fb57bf (STDOUT, CELL)#
#2026 09 14 10:25:23.475#Z#DEBUG#16b25dd8-b026-11f1-940d-eeee0a931608.capm-service-db-deployer#flowable-async-job-executor-thread-1656#
[PollExecuteTaskStatusExecution] 070d8486-d915-4207-813d-4e7e9b8a0d10 [2026-09-14T10:25:17.453899] Cell 684caff8-89cd-492b-be01-b3d0835f1763 destroying container for instance 19030823-c385-493d-bda7-42ae75fb57bf (STDOUT, CELL)#
#2026 09 14 10:25:23.475#Z#DEBUG#16b25dd8-b026-11f1-940d-eeee0a931608.capm-service-db-deployer#flowable-async-job-executor-thread-1656#
[PollExecuteTaskStatusExecution] 070d8486-d915-4207-813d-4e7e9b8a0d10 [2026-09-14T10:25:20.466412] Cell 684caff8-89cd-492b-be01-b3d0835f1763 successfully destroyed container for instance 19030823-c385-493d-bda7-42ae75fb57bf (STDOUT, CELL)#
#2026 09 14 10:25:33.528#Z#DEBUG#16b25dd8-b026-11f1-940d-eeee0a931608.capm-service-db-deployer#flowable-async-job-executor-thread-1667#
[PollExecuteTaskStatusExecution] 070d8486-d915-4207-813d-4e7e9b8a0d10 [2026-09-14T10:25:13.332112] > start (STDOUT, APP/TASK/deploy)#
#2026 09 14 10:25:33.528#Z#DEBUG#16b25dd8-b026-11f1-940d-eeee0a931608.capm-service-db-deployer#flowable-async-job-executor-thread-1667#
[PollExecuteTaskStatusExecution] 070d8486-d915-4207-813d-4e7e9b8a0d10 [2026-09-14T10:25:13.332152] > node node_modules/@sap/hdi-deploy/deploy.js --use-hdb --parameter com.sap.hana.di.table/try_fast_table_migration=true (STDOUT, APP/TASK/deploy)#
#2026 09 14 10:25:33.528#Z#DEBUG#16b25dd8-b026-11f1-940d-eeee0a931608.capm-service-db-deployer#flowable-async-job-executor-thread-1667#
[PollExecuteTaskStatusExecution] 070d8486-d915-4207-813d-4e7e9b8a0d10 [2026-09-14T10:25:13.544170] VCAP_SERVICES: (STDOUT, APP/TASK/deploy)#
#2026 09 14 10:25:33.528#Z#DEBUG#16b25dd8-b026-11f1-940d-eeee0a931608.capm-service-db-deployer#flowable-async-job-executor-thread-1667#
[PollExecuteTaskStatusExecution] 070d8486-d915-4207-813d-4e7e9b8a0d10 [2026-09-14T10:25:13.544855] { (STDOUT, APP/TASK/deploy)#
#2026 09 14 10:25:33.528#Z#DEBUG#16b25dd8-b026-11f1-940d-eeee0a931608.capm-service-db-deployer#flowable-async-job-executor-thread-1667#
[PollExecuteTaskStatusExecution] 070d8486-d915-4207-813d-4e7e9b8a0d10 [2026-09-14T10:25:13.544882] "hana": [ (STDOUT, APP/TASK/deploy)#
#2026 09 14 10:25:33.528#Z#DEBUG#16b25dd8-b026-11f1-940d-eeee0a931608.capm-service-db-deployer#flowable-async-job-executor-thread-1667#
[PollExecuteTaskStatusExecution] 070d8486-d915-4207-813d-4e7e9b8a0d10 [2026-09-14T10:25:13.544886] { (STDOUT, APP/TASK/deploy)#
#2026 09 14 10:25:33.528#Z#DEBUG#16b25dd8-b026-11f1-940d-eeee0a931608.capm-service-db-deployer#flowable-async-job-executor-thread-1667#
[PollExecuteTaskStatusExecution] 070d8486-d915-4207-813d-4e7e9b8a0d10 [2026-09-14T10:25:13.544890] "name": "capm-service-db", (STDOUT, APP/TASK/deploy)#
#2026 09 14 10:25:33.528#Z#DEBUG#16b25dd8-b026-11f1-940d-eeee0a931608.capm-service-db-deployer#flowable-async-job-executor-thread-1667#
[PollExecuteTaskStatusExecution] 070d8486-d915-4207-813d-4e7e9b8a0d10 [2026-09-14T10:25:13.544895] "label": "hana", (STDOUT, APP/TASK/deploy)#
#2026 09 14 10:25:33.528#Z#DEBUG#16b25dd8-b026-11f1-940d-eeee0a931608.capm-service-db-deployer#flowable-async-job-executor-thread-1667#
[PollExecuteTaskStatusExecution] 070d8486-d915-4207-813d-4e7e9b8a0d10 [2026-09-14T10:25:13.544897] "plan": "hdi-shared", (STDOUT, APP/TASK/deploy)#
#2026 09 14 10:25:33.528#Z#DEBUG#16b25dd8-b026-11f1-940d-eeee0a931608.capm-service-db-deployer#flowable-async-job-executor-thread-1667#
[PollExecuteTaskStatusExecution] 070d8486-d915-4207-813d-4e7e9b8a0d10 [2026-09-14T10:25:13.544900] "credentials": { (STDOUT, APP/TASK/deploy)#
#2026 09 14 10:25:33.528#Z#DEBUG#16b25dd8-b026-11f1-940d-eeee0a931608.capm-service-db-deployer#flowable-async-job-executor-thread-1667#
[PollExecuteTaskStatusExecution] 070d8486-d915-4207-813d-4e7e9b8a0d10 [2026-09-14T10:25:13.544904] "schema": "6A5478B8D26E43D8A56BA48D201A9E69", (STDOUT, APP/TASK/deploy)#
#2026 09 14 10:25:33.528#Z#DEBUG#16b25dd8-b026-11f1-940d-eeee0a931608.capm-service-db-deployer#flowable-async-job-executor-thread-1667#
[PollExecuteTaskStatusExecution] 070d8486-d915-4207-813d-4e7e9b8a0d10 [2026-09-14T10:25:13.544907] "database_id": "221ad0bc-2da6-46e8-8162-1eebb6fdd039", (STDOUT, APP/TASK/deploy)#
#2026 09 14 10:25:33.528#Z#DEBUG#16b25dd8-b026-11f1-940d-eeee0a931608.capm-service-db-deployer#flowable-async-job-executor-thread-1667#
[PollExecuteTaskStatusExecution] 070d8486-d915-4207-813d-4e7e9b8a0d10 [2026-09-14T10:25:13.544911] "user": "6A5478B8D26E43D8A56BA48D201A9E69_0A5QTHQO93V752I1NIUZEL1CU_RT", (STDOUT, APP/TASK/deploy)#
#2026 09 14 10:25:33.528#Z#DEBUG#16b25dd8-b026-11f1-940d-eeee0a931608.capm-service-db-deployer#flowable-async-job-executor-thread-1667#
[PollExecuteTaskStatusExecution] 070d8486-d915-4207-813d-4e7e9b8a0d10 [2026-09-14T10:25:13.544917] "hdi_user": "6A5478B8D26E43D8A56BA48D201A9E69_0A5QTHQO93V752I1NIUZEL1CU_DT" (STDOUT, APP/TASK/deploy)#
#2026 09 14 10:25:33.528#Z#DEBUG#16b25dd8-b026-11f1-940d-eeee0a931608.capm-service-db-deployer#flowable-async-job-executor-thread-1667#
[PollExecuteTaskStatusExecution] 070d8486-d915-4207-813d-4e7e9b8a0d10 [2026-09-14T10:25:13.544922] }, (STDOUT, APP/TASK/deploy)#
#2026 09 14 10:25:33.528#Z#DEBUG#16b25dd8-b026-11f1-940d-eeee0a931608.capm-service-db-deployer#flowable-async-job-executor-thread-1667#
[PollExecuteTaskStatusExecution] 070d8486-d915-4207-813d-4e7e9b8a0d10 [2026-09-14T10:25:13.544925] "tags": [ (STDOUT, APP/TASK/deploy)#
#2026 09 14 10:25:33.528#Z#DEBUG#16b25dd8-b026-11f1-940d-eeee0a931608.capm-service-db-deployer#flowable-async-job-executor-thread-1667#
[PollExecuteTaskStatusExecution] 070d8486-d915-4207-813d-4e7e9b8a0d10 [2026-09-14T10:25:13.544927] "hana", (STDOUT, APP/TASK/deploy)#
#2026 09 14 10:25:33.528#Z#DEBUG#16b25dd8-b026-11f1-940d-eeee0a931608.capm-service-db-deployer#flowable-async-job-executor-thread-1667#
[PollExecuteTaskStatusExecution] 070d8486-d915-4207-813d-4e7e9b8a0d10 [2026-09-14T10:25:13.544929] "database", (STDOUT, APP/TASK/deploy)#
#2026 09 14 10:25:33.528#Z#DEBUG#16b25dd8-b026-11f1-940d-eeee0a931608.capm-service-db-deployer#flowable-async-job-executor-thread-1667#
[PollExecuteTaskStatusExecution] 070d8486-d915-4207-813d-4e7e9b8a0d10 [2026-09-14T10:25:13.544932] "relational" (STDOUT, APP/TASK/deploy)#
#2026 09 14 10:25:33.528#Z#DEBUG#16b25dd8-b026-11f1-940d-eeee0a931608.capm-service-db-deployer#flowable-async-job-executor-thread-1667#
[PollExecuteTaskStatusExecution] 070d8486-d915-4207-813d-4e7e9b8a0d10 [2026-09-14T10:25:13.544934] ] (STDOUT, APP/TASK/deploy)#
#2026 09 14 10:25:33.528#Z#DEBUG#16b25dd8-b026-11f1-940d-eeee0a931608.capm-service-db-deployer#flowable-async-job-executor-thread-1667#
[PollExecuteTaskStatusExecution] 070d8486-d915-4207-813d-4e7e9b8a0d10 [2026-09-14T10:25:13.544937] } (STDOUT, APP/TASK/deploy)#
#2026 09 14 10:25:33.528#Z#DEBUG#16b25dd8-b026-11f1-940d-eeee0a931608.capm-service-db-deployer#flowable-async-job-executor-thread-1667#
[PollExecuteTaskStatusExecution] 070d8486-d915-4207-813d-4e7e9b8a0d10 [2026-09-14T10:25:13.544939] ] (STDOUT, APP/TASK/deploy)#
#2026 09 14 10:25:33.528#Z#DEBUG#16b25dd8-b026-11f1-940d-eeee0a931608.capm-service-db-deployer#flowable-async-job-executor-thread-1667#
[PollExecuteTaskStatusExecution] 070d8486-d915-4207-813d-4e7e9b8a0d10 [2026-09-14T10:25:13.544942] } (STDOUT, APP/TASK/deploy)#
#2026 09 14 10:25:33.528#Z#DEBUG#16b25dd8-b026-11f1-940d-eeee0a931608.capm-service-db-deployer#flowable-async-job-executor-thread-1667#
[PollExecuteTaskStatusExecution] 070d8486-d915-4207-813d-4e7e9b8a0d10 [2026-09-14T10:25:14.049894] @sap/hdi-deploy, version 5.7.0 (mode default), server version 4.00.000.00.1787043349 (4.0.0.0), cloud version 2026.14.16, node version 24.18.0, HDI version 1016, container API version 1007 (STDOUT, APP/TASK/deploy)#
#2026 09 14 10:25:33.528#Z#DEBUG#16b25dd8-b026-11f1-940d-eeee0a931608.capm-service-db-deployer#flowable-async-job-executor-thread-1667#
[PollExecuteTaskStatusExecution] 070d8486-d915-4207-813d-4e7e9b8a0d10 [2026-09-14T10:25:14.050015] Deployment started at 2026-09-14 10:25:14 (STDOUT, APP/TASK/deploy)#
#2026 09 14 10:25:33.528#Z#DEBUG#16b25dd8-b026-11f1-940d-eeee0a931608.capm-service-db-deployer#flowable-async-job-executor-thread-1667#
[PollExecuteTaskStatusExecution] 070d8486-d915-4207-813d-4e7e9b8a0d10 [2026-09-14T10:25:14.050527] Using hdb@2.29.6 for connection (STDOUT, APP/TASK/deploy)#
#2026 09 14 10:25:33.528#Z#DEBUG#16b25dd8-b026-11f1-940d-eeee0a931608.capm-service-db-deployer#flowable-async-job-executor-thread-1667#
[PollExecuteTaskStatusExecution] 070d8486-d915-4207-813d-4e7e9b8a0d10 [2026-09-14T10:25:14.074485] No ignore file at /home/vcap/app/.hdiignore. (STDOUT, APP/TASK/deploy)#
#2026 09 14 10:25:33.528#Z#DEBUG#16b25dd8-b026-11f1-940d-eeee0a931608.capm-service-db-deployer#flowable-async-job-executor-thread-1667#
[PollExecuteTaskStatusExecution] 070d8486-d915-4207-813d-4e7e9b8a0d10 [2026-09-14T10:25:14.075873] Collecting files... (STDOUT, APP/TASK/deploy)#
#2026 09 14 10:25:33.528#Z#DEBUG#16b25dd8-b026-11f1-940d-eeee0a931608.capm-service-db-deployer#flowable-async-job-executor-thread-1667#
[PollExecuteTaskStatusExecution] 070d8486-d915-4207-813d-4e7e9b8a0d10 [2026-09-14T10:25:14.080593] Collecting files... ok (0s 5ms) (STDOUT, APP/TASK/deploy)#
#2026 09 14 10:25:33.528#Z#DEBUG#16b25dd8-b026-11f1-940d-eeee0a931608.capm-service-db-deployer#flowable-async-job-executor-thread-1667#
[PollExecuteTaskStatusExecution] 070d8486-d915-4207-813d-4e7e9b8a0d10 [2026-09-14T10:25:14.080907] 3 directories collected (STDOUT, APP/TASK/deploy)#
#2026 09 14 10:25:33.528#Z#DEBUG#16b25dd8-b026-11f1-940d-eeee0a931608.capm-service-db-deployer#flowable-async-job-executor-thread-1667#
[PollExecuteTaskStatusExecution] 070d8486-d915-4207-813d-4e7e9b8a0d10 [2026-09-14T10:25:14.081017] 30 files collected (STDOUT, APP/TASK/deploy)#
#2026 09 14 10:25:33.528#Z#DEBUG#16b25dd8-b026-11f1-940d-eeee0a931608.capm-service-db-deployer#flowable-async-job-executor-thread-1667#
[PollExecuteTaskStatusExecution] 070d8486-d915-4207-813d-4e7e9b8a0d10 [2026-09-14T10:25:14.081117] 0 reusable modules collected (STDOUT, APP/TASK/deploy)#
#2026 09 14 10:25:33.528#Z#DEBUG#16b25dd8-b026-11f1-940d-eeee0a931608.capm-service-db-deployer#flowable-async-job-executor-thread-1667#
[PollExecuteTaskStatusExecution] 070d8486-d915-4207-813d-4e7e9b8a0d10 [2026-09-14T10:25:14.081266] Target service: capm-service-db (STDOUT, APP/TASK/deploy)#
#2026 09 14 10:25:33.528#Z#DEBUG#16b25dd8-b026-11f1-940d-eeee0a931608.capm-service-db-deployer#flowable-async-job-executor-thread-1667#
[PollExecuteTaskStatusExecution] 070d8486-d915-4207-813d-4e7e9b8a0d10 [2026-09-14T10:25:14.280617] Previous build with request ID 458 finished at 2026-09-14T10:24:57.533 with status Canceled and message: Make failed (5 errors, 0 warnings): tried to deploy 22 files, undeploy 0 files, redeploy 0 dependent files. (STDOUT, APP/TASK/deploy)#
#2026 09 14 10:25:33.528#Z#DEBUG#16b25dd8-b026-11f1-940d-eeee0a931608.capm-service-db-deployer#flowable-async-job-executor-thread-1667#
[PollExecuteTaskStatusExecution] 070d8486-d915-4207-813d-4e7e9b8a0d10 [2026-09-14T10:25:14.280772] Processing revoke files... (STDOUT, APP/TASK/deploy)#
#2026 09 14 10:25:33.528#Z#DEBUG#16b25dd8-b026-11f1-940d-eeee0a931608.capm-service-db-deployer#flowable-async-job-executor-thread-1667#
[PollExecuteTaskStatusExecution] 070d8486-d915-4207-813d-4e7e9b8a0d10 [2026-09-14T10:25:14.280970] Processing revoke files... ok (0s 0ms) (STDOUT, APP/TASK/deploy)#
#2026 09 14 10:25:33.528#Z#DEBUG#16b25dd8-b026-11f1-940d-eeee0a931608.capm-service-db-deployer#flowable-async-job-executor-thread-1667#
[PollExecuteTaskStatusExecution] 070d8486-d915-4207-813d-4e7e9b8a0d10 [2026-09-14T10:25:14.281204] Processing grants files... (STDOUT, APP/TASK/deploy)#
#2026 09 14 10:25:33.528#Z#DEBUG#16b25dd8-b026-11f1-940d-eeee0a931608.capm-service-db-deployer#flowable-async-job-executor-thread-1667#
[PollExecuteTaskStatusExecution] 070d8486-d915-4207-813d-4e7e9b8a0d10 [2026-09-14T10:25:14.281408] Processing grants files... ok (0s 0ms) (STDOUT, APP/TASK/deploy)#
#2026 09 14 10:25:33.528#Z#DEBUG#16b25dd8-b026-11f1-940d-eeee0a931608.capm-service-db-deployer#flowable-async-job-executor-thread-1667#
[PollExecuteTaskStatusExecution] 070d8486-d915-4207-813d-4e7e9b8a0d10 [2026-09-14T10:25:14.284294] Preprocessing files... (STDOUT, APP/TASK/deploy)#
#2026 09 14 10:25:33.528#Z#DEBUG#16b25dd8-b026-11f1-940d-eeee0a931608.capm-service-db-deployer#flowable-async-job-executor-thread-1667#
[PollExecuteTaskStatusExecution] 070d8486-d915-4207-813d-4e7e9b8a0d10 [2026-09-14T10:25:14.284923] Preprocessing files... ok (0s 0ms) (STDOUT, APP/TASK/deploy)#
#2026 09 14 10:25:33.528#Z#DEBUG#16b25dd8-b026-11f1-940d-eeee0a931608.capm-service-db-deployer#flowable-async-job-executor-thread-1667#
[PollExecuteTaskStatusExecution] 070d8486-d915-4207-813d-4e7e9b8a0d10 [2026-09-14T10:25:14.285104] Connecting to the container "6A5478B8D26E43D8A56BA48D201A9E69"... (STDOUT, APP/TASK/deploy)#
#2026 09 14 10:25:33.528#Z#DEBUG#16b25dd8-b026-11f1-940d-eeee0a931608.capm-service-db-deployer#flowable-async-job-executor-thread-1667#
[PollExecuteTaskStatusExecution] 070d8486-d915-4207-813d-4e7e9b8a0d10 [2026-09-14T10:25:14.365739] Connecting to the container "6A5478B8D26E43D8A56BA48D201A9E69"... ok (0s 80ms) (STDOUT, APP/TASK/deploy)#
#2026 09 14 10:25:33.528#Z#DEBUG#16b25dd8-b026-11f1-940d-eeee0a931608.capm-service-db-deployer#flowable-async-job-executor-thread-1667#
[PollExecuteTaskStatusExecution] 070d8486-d915-4207-813d-4e7e9b8a0d10 [2026-09-14T10:25:14.365838] Locking the container "6A5478B8D26E43D8A56BA48D201A9E69"... (STDOUT, APP/TASK/deploy)#
#2026 09 14 10:25:33.528#Z#DEBUG#16b25dd8-b026-11f1-940d-eeee0a931608.capm-service-db-deployer#flowable-async-job-executor-thread-1667#
[PollExecuteTaskStatusExecution] 070d8486-d915-4207-813d-4e7e9b8a0d10 [2026-09-14T10:25:14.546443] Locking the container "6A5478B8D26E43D8A56BA48D201A9E69"... ok (0s 181ms) (STDOUT, APP/TASK/deploy)#
#2026 09 14 10:25:33.528#Z#DEBUG#16b25dd8-b026-11f1-940d-eeee0a931608.capm-service-db-deployer#flowable-async-job-executor-thread-1667#
[PollExecuteTaskStatusExecution] 070d8486-d915-4207-813d-4e7e9b8a0d10 [2026-09-14T10:25:14.546482] Synchronizing files with the container "6A5478B8D26E43D8A56BA48D201A9E69"... (STDOUT, APP/TASK/deploy)#
#2026 09 14 10:25:33.528#Z#DEBUG#16b25dd8-b026-11f1-940d-eeee0a931608.capm-service-db-deployer#flowable-async-job-executor-thread-1667#
[PollExecuteTaskStatusExecution] 070d8486-d915-4207-813d-4e7e9b8a0d10 [2026-09-14T10:25:14.765854] Deleting files... (STDOUT, APP/TASK/deploy)#
#2026 09 14 10:25:33.528#Z#DEBUG#16b25dd8-b026-11f1-940d-eeee0a931608.capm-service-db-deployer#flowable-async-job-executor-thread-1667#
[PollExecuteTaskStatusExecution] 070d8486-d915-4207-813d-4e7e9b8a0d10 [2026-09-14T10:25:14.896219] Deleting files... ok (STDOUT, APP/TASK/deploy)#
#2026 09 14 10:25:33.528#Z#DEBUG#16b25dd8-b026-11f1-940d-eeee0a931608.capm-service-db-deployer#flowable-async-job-executor-thread-1667#
[PollExecuteTaskStatusExecution] 070d8486-d915-4207-813d-4e7e9b8a0d10 [2026-09-14T10:25:14.896301] Writing files... (STDOUT, APP/TASK/deploy)#
#2026 09 14 10:25:33.528#Z#DEBUG#16b25dd8-b026-11f1-940d-eeee0a931608.capm-service-db-deployer#flowable-async-job-executor-thread-1667#
[PollExecuteTaskStatusExecution] 070d8486-d915-4207-813d-4e7e9b8a0d10 [2026-09-14T10:25:14.896629] Writing 25 items (STDOUT, APP/TASK/deploy)#
#2026 09 14 10:25:33.528#Z#DEBUG#16b25dd8-b026-11f1-940d-eeee0a931608.capm-service-db-deployer#flowable-async-job-executor-thread-1667#
[PollExecuteTaskStatusExecution] 070d8486-d915-4207-813d-4e7e9b8a0d10 [2026-09-14T10:25:15.219147] Writing files... ok (STDOUT, APP/TASK/deploy)#
#2026 09 14 10:25:33.528#Z#DEBUG#16b25dd8-b026-11f1-940d-eeee0a931608.capm-service-db-deployer#flowable-async-job-executor-thread-1667#
[PollExecuteTaskStatusExecution] 070d8486-d915-4207-813d-4e7e9b8a0d10 [2026-09-14T10:25:15.219186] Synchronizing files with the container "6A5478B8D26E43D8A56BA48D201A9E69"... ok (0s 673ms) (STDOUT, APP/TASK/deploy)#
#2026 09 14 10:25:33.528#Z#DEBUG#16b25dd8-b026-11f1-940d-eeee0a931608.capm-service-db-deployer#flowable-async-job-executor-thread-1667#
[PollExecuteTaskStatusExecution] 070d8486-d915-4207-813d-4e7e9b8a0d10 [2026-09-14T10:25:15.220256] added files: [ (STDOUT, APP/TASK/deploy)#
#2026 09 14 10:25:33.528#Z#DEBUG#16b25dd8-b026-11f1-940d-eeee0a931608.capm-service-db-deployer#flowable-async-job-executor-thread-1667#
[PollExecuteTaskStatusExecution] 070d8486-d915-4207-813d-4e7e9b8a0d10 [2026-09-14T10:25:15.220283] "src/gen/data/raven.hr-Departments.csv", (STDOUT, APP/TASK/deploy)#
#2026 09 14 10:25:33.528#Z#DEBUG#16b25dd8-b026-11f1-940d-eeee0a931608.capm-service-db-deployer#flowable-async-job-executor-thread-1667#
[PollExecuteTaskStatusExecution] 070d8486-d915-4207-813d-4e7e9b8a0d10 [2026-09-14T10:25:15.220292] "src/gen/data/raven.hr-Departments.hdbtabledata", (STDOUT, APP/TASK/deploy)#
#2026 09 14 10:25:33.528#Z#DEBUG#16b25dd8-b026-11f1-940d-eeee0a931608.capm-service-db-deployer#flowable-async-job-executor-thread-1667#
[PollExecuteTaskStatusExecution] 070d8486-d915-4207-813d-4e7e9b8a0d10 [2026-09-14T10:25:15.220295] "src/gen/data/raven.hr-Employees.csv", (STDOUT, APP/TASK/deploy)#
#2026 09 14 10:25:33.528#Z#DEBUG#16b25dd8-b026-11f1-940d-eeee0a931608.capm-service-db-deployer#flowable-async-job-executor-thread-1667#
[PollExecuteTaskStatusExecution] 070d8486-d915-4207-813d-4e7e9b8a0d10 [2026-09-14T10:25:15.220298] "src/gen/data/raven.hr-Employees.hdbtabledata", (STDOUT, APP/TASK/deploy)#
#2026 09 14 10:25:33.528#Z#DEBUG#16b25dd8-b026-11f1-940d-eeee0a931608.capm-service-db-deployer#flowable-async-job-executor-thread-1667#
[PollExecuteTaskStatusExecution] 070d8486-d915-4207-813d-4e7e9b8a0d10 [2026-09-14T10:25:15.220300] "src/gen/data/raven.hr-LeaveBalances.csv", (STDOUT, APP/TASK/deploy)#
#2026 09 14 10:25:33.528#Z#DEBUG#16b25dd8-b026-11f1-940d-eeee0a931608.capm-service-db-deployer#flowable-async-job-executor-thread-1667#
[PollExecuteTaskStatusExecution] 070d8486-d915-4207-813d-4e7e9b8a0d10 [2026-09-14T10:25:15.220303] "src/gen/data/raven.hr-LeaveBalances.hdbtabledata", (STDOUT, APP/TASK/deploy)#
#2026 09 14 10:25:33.528#Z#DEBUG#16b25dd8-b026-11f1-940d-eeee0a931608.capm-service-db-deployer#flowable-async-job-executor-thread-1667#
[PollExecuteTaskStatusExecution] 070d8486-d915-4207-813d-4e7e9b8a0d10 [2026-09-14T10:25:15.220306] "src/gen/data/raven.hr-LeaveRequests.csv", (STDOUT, APP/TASK/deploy)#
#2026 09 14 10:25:33.528#Z#DEBUG#16b25dd8-b026-11f1-940d-eeee0a931608.capm-service-db-deployer#flowable-async-job-executor-thread-1667#
[PollExecuteTaskStatusExecution] 070d8486-d915-4207-813d-4e7e9b8a0d10 [2026-09-14T10:25:15.220308] "src/gen/data/raven.hr-LeaveRequests.hdbtabledata", (STDOUT, APP/TASK/deploy)#
#2026 09 14 10:25:33.528#Z#DEBUG#16b25dd8-b026-11f1-940d-eeee0a931608.capm-service-db-deployer#flowable-async-job-executor-thread-1667#
[PollExecuteTaskStatusExecution] 070d8486-d915-4207-813d-4e7e9b8a0d10 [2026-09-14T10:25:15.220310] "src/gen/data/raven.hr-LeaveTypes.csv", (STDOUT, APP/TASK/deploy)#
#2026 09 14 10:25:33.528#Z#DEBUG#16b25dd8-b026-11f1-940d-eeee0a931608.capm-service-db-deployer#flowable-async-job-executor-thread-1667#
[PollExecuteTaskStatusExecution] 070d8486-d915-4207-813d-4e7e9b8a0d10 [2026-09-14T10:25:15.220312] "src/gen/data/raven.hr-LeaveTypes.hdbtabledata" (STDOUT, APP/TASK/deploy)#
#2026 09 14 10:25:33.528#Z#DEBUG#16b25dd8-b026-11f1-940d-eeee0a931608.capm-service-db-deployer#flowable-async-job-executor-thread-1667#
[PollExecuteTaskStatusExecution] 070d8486-d915-4207-813d-4e7e9b8a0d10 [2026-09-14T10:25:15.220313] ] (STDOUT, APP/TASK/deploy)#
#2026 09 14 10:25:33.528#Z#DEBUG#16b25dd8-b026-11f1-940d-eeee0a931608.capm-service-db-deployer#flowable-async-job-executor-thread-1667#
[PollExecuteTaskStatusExecution] 070d8486-d915-4207-813d-4e7e9b8a0d10 [2026-09-14T10:25:15.220317] modified files: [ (STDOUT, APP/TASK/deploy)#
#2026 09 14 10:25:33.528#Z#DEBUG#16b25dd8-b026-11f1-940d-eeee0a931608.capm-service-db-deployer#flowable-async-job-executor-thread-1667#
[PollExecuteTaskStatusExecution] 070d8486-d915-4207-813d-4e7e9b8a0d10 [2026-09-14T10:25:15.220319] "src/.hdiconfig", (STDOUT, APP/TASK/deploy)#
#2026 09 14 10:25:33.528#Z#DEBUG#16b25dd8-b026-11f1-940d-eeee0a931608.capm-service-db-deployer#flowable-async-job-executor-thread-1667#
[PollExecuteTaskStatusExecution] 070d8486-d915-4207-813d-4e7e9b8a0d10 [2026-09-14T10:25:15.220325] "src/gen/.hdiconfig", (STDOUT, APP/TASK/deploy)#
#2026 09 14 10:25:33.528#Z#DEBUG#16b25dd8-b026-11f1-940d-eeee0a931608.capm-service-db-deployer#flowable-async-job-executor-thread-1667#
[PollExecuteTaskStatusExecution] 070d8486-d915-4207-813d-4e7e9b8a0d10 [2026-09-14T10:25:15.220329] "src/gen/HRService.LeaveRequestOverview.hdbview", (STDOUT, APP/TASK/deploy)#
#2026 09 14 10:25:33.528#Z#DEBUG#16b25dd8-b026-11f1-940d-eeee0a931608.capm-service-db-deployer#flowable-async-job-executor-thread-1667#
[PollExecuteTaskStatusExecution] 070d8486-d915-4207-813d-4e7e9b8a0d10 [2026-09-14T10:25:15.220330] "src/gen/raven.hr.Departments.hdbtable", (STDOUT, APP/TASK/deploy)#
#2026 09 14 10:25:33.528#Z#DEBUG#16b25dd8-b026-11f1-940d-eeee0a931608.capm-service-db-deployer#flowable-async-job-executor-thread-1667#
[PollExecuteTaskStatusExecution] 070d8486-d915-4207-813d-4e7e9b8a0d10 [2026-09-14T10:25:15.220333] "src/gen/raven.hr.Employees.hdbtable", (STDOUT, APP/TASK/deploy)#
#2026 09 14 10:25:33.528#Z#DEBUG#16b25dd8-b026-11f1-940d-eeee0a931608.capm-service-db-deployer#flowable-async-job-executor-thread-1667#
[PollExecuteTaskStatusExecution] 070d8486-d915-4207-813d-4e7e9b8a0d10 [2026-09-14T10:25:15.220335] "src/gen/raven.hr.LeaveBalances.hdbtable", (STDOUT, APP/TASK/deploy)#
#2026 09 14 10:25:33.528#Z#DEBUG#16b25dd8-b026-11f1-940d-eeee0a931608.capm-service-db-deployer#flowable-async-job-executor-thread-1667#
[PollExecuteTaskStatusExecution] 070d8486-d915-4207-813d-4e7e9b8a0d10 [2026-09-14T10:25:15.220337] "src/gen/raven.hr.LeaveRequestAttachments.hdbtable", (STDOUT, APP/TASK/deploy)#
#2026 09 14 10:25:33.528#Z#DEBUG#16b25dd8-b026-11f1-940d-eeee0a931608.capm-service-db-deployer#flowable-async-job-executor-thread-1667#
[PollExecuteTaskStatusExecution] 070d8486-d915-4207-813d-4e7e9b8a0d10 [2026-09-14T10:25:15.220339] "src/gen/raven.hr.LeaveRequestOverview.hdbview", (STDOUT, APP/TASK/deploy)#
#2026 09 14 10:25:33.528#Z#DEBUG#16b25dd8-b026-11f1-940d-eeee0a931608.capm-service-db-deployer#flowable-async-job-executor-thread-1667#
[PollExecuteTaskStatusExecution] 070d8486-d915-4207-813d-4e7e9b8a0d10 [2026-09-14T10:25:15.220344] "src/gen/raven.hr.LeaveRequests.hdbtable", (STDOUT, APP/TASK/deploy)#
#2026 09 14 10:25:33.528#Z#DEBUG#16b25dd8-b026-11f1-940d-eeee0a931608.capm-service-db-deployer#flowable-async-job-executor-thread-1667#
[PollExecuteTaskStatusExecution] 070d8486-d915-4207-813d-4e7e9b8a0d10 [2026-09-14T10:25:15.220346] "src/gen/raven.hr.LeaveTypes.hdbtable", (STDOUT, APP/TASK/deploy)#
#2026 09 14 10:25:33.528#Z#DEBUG#16b25dd8-b026-11f1-940d-eeee0a931608.capm-service-db-deployer#flowable-async-job-executor-thread-1667#
[PollExecuteTaskStatusExecution] 070d8486-d915-4207-813d-4e7e9b8a0d10 [2026-09-14T10:25:15.220348] "src/leaveRequestNumber.hdbsequence", (STDOUT, APP/TASK/deploy)#
#2026 09 14 10:25:33.528#Z#DEBUG#16b25dd8-b026-11f1-940d-eeee0a931608.capm-service-db-deployer#flowable-async-job-executor-thread-1667#
[PollExecuteTaskStatusExecution] 070d8486-d915-4207-813d-4e7e9b8a0d10 [2026-09-14T10:25:15.220350] "src/recalcLeaveBalance.hdbprocedure" (STDOUT, APP/TASK/deploy)#
#2026 09 14 10:25:33.528#Z#DEBUG#16b25dd8-b026-11f1-940d-eeee0a931608.capm-service-db-deployer#flowable-async-job-executor-thread-1667#
[PollExecuteTaskStatusExecution] 070d8486-d915-4207-813d-4e7e9b8a0d10 [2026-09-14T10:25:15.220351] ] (STDOUT, APP/TASK/deploy)#
#2026 09 14 10:25:33.528#Z#DEBUG#16b25dd8-b026-11f1-940d-eeee0a931608.capm-service-db-deployer#flowable-async-job-executor-thread-1667#
[PollExecuteTaskStatusExecution] 070d8486-d915-4207-813d-4e7e9b8a0d10 [2026-09-14T10:25:15.220371] deleted files: [] (STDOUT, APP/TASK/deploy)#
#2026 09 14 10:25:33.528#Z#DEBUG#16b25dd8-b026-11f1-940d-eeee0a931608.capm-service-db-deployer#flowable-async-job-executor-thread-1667#
[PollExecuteTaskStatusExecution] 070d8486-d915-4207-813d-4e7e9b8a0d10 [2026-09-14T10:25:15.220504] 22 modified or added files are scheduled for deploy based on delta detection (STDOUT, APP/TASK/deploy)#
#2026 09 14 10:25:33.528#Z#DEBUG#16b25dd8-b026-11f1-940d-eeee0a931608.capm-service-db-deployer#flowable-async-job-executor-thread-1667#
[PollExecuteTaskStatusExecution] 070d8486-d915-4207-813d-4e7e9b8a0d10 [2026-09-14T10:25:15.220766] 0 deleted files are scheduled for undeploy based on delta detection (filtered by undeploy allowlist) (STDOUT, APP/TASK/deploy)#
#2026 09 14 10:25:33.528#Z#DEBUG#16b25dd8-b026-11f1-940d-eeee0a931608.capm-service-db-deployer#flowable-async-job-executor-thread-1667#
[PollExecuteTaskStatusExecution] 070d8486-d915-4207-813d-4e7e9b8a0d10 [2026-09-14T10:25:15.220981] 0 files are scheduled for deploy based on explicit specification (STDOUT, APP/TASK/deploy)#
#2026 09 14 10:25:33.528#Z#DEBUG#16b25dd8-b026-11f1-940d-eeee0a931608.capm-service-db-deployer#flowable-async-job-executor-thread-1667#
[PollExecuteTaskStatusExecution] 070d8486-d915-4207-813d-4e7e9b8a0d10 [2026-09-14T10:25:15.221006] 0 files are scheduled for undeploy based on explicit specification (STDOUT, APP/TASK/deploy)#
#2026 09 14 10:25:33.528#Z#DEBUG#16b25dd8-b026-11f1-940d-eeee0a931608.capm-service-db-deployer#flowable-async-job-executor-thread-1667#
[PollExecuteTaskStatusExecution] 070d8486-d915-4207-813d-4e7e9b8a0d10 [2026-09-14T10:25:15.221374] Deploying to the container "6A5478B8D26E43D8A56BA48D201A9E69"... (STDOUT, APP/TASK/deploy)#
#2026 09 14 10:25:33.528#Z#DEBUG#16b25dd8-b026-11f1-940d-eeee0a931608.capm-service-db-deployer#flowable-async-job-executor-thread-1667#
[PollExecuteTaskStatusExecution] 070d8486-d915-4207-813d-4e7e9b8a0d10 [2026-09-14T10:25:15.726443] Starting make in the container "6A5478B8D26E43D8A56BA48D201A9E69" with 22 files to deploy, 0 files to undeploy... (STDOUT, APP/TASK/deploy)#
#2026 09 14 10:25:33.528#Z#DEBUG#16b25dd8-b026-11f1-940d-eeee0a931608.capm-service-db-deployer#flowable-async-job-executor-thread-1667#
[PollExecuteTaskStatusExecution] 070d8486-d915-4207-813d-4e7e9b8a0d10 [2026-09-14T10:25:15.726567] Disabling table replication for the container schema "6A5478B8D26E43D8A56BA48D201A9E69"... (STDOUT, APP/TASK/deploy)#
#2026 09 14 10:25:33.528#Z#DEBUG#16b25dd8-b026-11f1-940d-eeee0a931608.capm-service-db-deployer#flowable-async-job-executor-thread-1667#
[PollExecuteTaskStatusExecution] 070d8486-d915-4207-813d-4e7e9b8a0d10 [2026-09-14T10:25:15.726666] Disabling table replication for the container schema "6A5478B8D26E43D8A56BA48D201A9E69"... ok (0s 9ms) (STDOUT, APP/TASK/deploy)#
#2026 09 14 10:25:33.528#Z#DEBUG#16b25dd8-b026-11f1-940d-eeee0a931608.capm-service-db-deployer#flowable-async-job-executor-thread-1667#
[PollExecuteTaskStatusExecution] 070d8486-d915-4207-813d-4e7e9b8a0d10 [2026-09-14T10:25:15.726723] Migrating libraries... (STDOUT, APP/TASK/deploy)#
#2026 09 14 10:25:33.528#Z#DEBUG#16b25dd8-b026-11f1-940d-eeee0a931608.capm-service-db-deployer#flowable-async-job-executor-thread-1667#
[PollExecuteTaskStatusExecution] 070d8486-d915-4207-813d-4e7e9b8a0d10 [2026-09-14T10:25:15.726775] Migrating libraries... ok (0s 8ms) (STDOUT, APP/TASK/deploy)#
#2026 09 14 10:25:33.528#Z#DEBUG#16b25dd8-b026-11f1-940d-eeee0a931608.capm-service-db-deployer#flowable-async-job-executor-thread-1667#
[PollExecuteTaskStatusExecution] 070d8486-d915-4207-813d-4e7e9b8a0d10 [2026-09-14T10:25:15.726829] Making... (STDOUT, APP/TASK/deploy)#
#2026 09 14 10:25:33.528#Z#DEBUG#16b25dd8-b026-11f1-940d-eeee0a931608.capm-service-db-deployer#flowable-async-job-executor-thread-1667#
[PollExecuteTaskStatusExecution] 070d8486-d915-4207-813d-4e7e9b8a0d10 [2026-09-14T10:25:15.726877] Preparing... (STDOUT, APP/TASK/deploy)#
#2026 09 14 10:25:33.529#Z#DEBUG#16b25dd8-b026-11f1-940d-eeee0a931608.capm-service-db-deployer#flowable-async-job-executor-thread-1667#
[PollExecuteTaskStatusExecution] 070d8486-d915-4207-813d-4e7e9b8a0d10 [2026-09-14T10:25:15.726923] Preparing the make transaction... (STDOUT, APP/TASK/deploy)#
#2026 09 14 10:25:33.529#Z#DEBUG#16b25dd8-b026-11f1-940d-eeee0a931608.capm-service-db-deployer#flowable-async-job-executor-thread-1667#
[PollExecuteTaskStatusExecution] 070d8486-d915-4207-813d-4e7e9b8a0d10 [2026-09-14T10:25:15.726965] Deploying the configuration file "src/.hdiconfig"... (STDOUT, APP/TASK/deploy)#
#2026 09 14 10:25:33.529#Z#DEBUG#16b25dd8-b026-11f1-940d-eeee0a931608.capm-service-db-deployer#flowable-async-job-executor-thread-1667#
[PollExecuteTaskStatusExecution] 070d8486-d915-4207-813d-4e7e9b8a0d10 [2026-09-14T10:25:15.727010] Preparing the make transaction... ok (0s 19ms) (STDOUT, APP/TASK/deploy)#
#2026 09 14 10:25:33.529#Z#DEBUG#16b25dd8-b026-11f1-940d-eeee0a931608.capm-service-db-deployer#flowable-async-job-executor-thread-1667#
[PollExecuteTaskStatusExecution] 070d8486-d915-4207-813d-4e7e9b8a0d10 [2026-09-14T10:25:15.727052] Deploying the configuration file "src/.hdiconfig"... ok (0s 9ms) (STDOUT, APP/TASK/deploy)#
#2026 09 14 10:25:33.529#Z#DEBUG#16b25dd8-b026-11f1-940d-eeee0a931608.capm-service-db-deployer#flowable-async-job-executor-thread-1667#
[PollExecuteTaskStatusExecution] 070d8486-d915-4207-813d-4e7e9b8a0d10 [2026-09-14T10:25:15.727097] Deploying the configuration file "src/gen/.hdiconfig"... (STDOUT, APP/TASK/deploy)#
#2026 09 14 10:25:33.529#Z#DEBUG#16b25dd8-b026-11f1-940d-eeee0a931608.capm-service-db-deployer#flowable-async-job-executor-thread-1667#
[PollExecuteTaskStatusExecution] 070d8486-d915-4207-813d-4e7e9b8a0d10 [2026-09-14T10:25:15.727143] Deploying the configuration file "src/gen/.hdiconfig"... ok (0s 5ms) (STDOUT, APP/TASK/deploy)#
#2026 09 14 10:25:33.529#Z#DEBUG#16b25dd8-b026-11f1-940d-eeee0a931608.capm-service-db-deployer#flowable-async-job-executor-thread-1667#
[PollExecuteTaskStatusExecution] 070d8486-d915-4207-813d-4e7e9b8a0d10 [2026-09-14T10:25:15.727190] Adding "src/gen/HRService.LeaveRequestOverview.hdbview" for deploy... (STDOUT, APP/TASK/deploy)#
#2026 09 14 10:25:33.529#Z#DEBUG#16b25dd8-b026-11f1-940d-eeee0a931608.capm-service-db-deployer#flowable-async-job-executor-thread-1667#
[PollExecuteTaskStatusExecution] 070d8486-d915-4207-813d-4e7e9b8a0d10 [2026-09-14T10:25:15.727236] Adding "src/gen/HRService.LeaveRequestOverview.hdbview" for deploy... ok (0s 2ms) (STDOUT, APP/TASK/deploy)#
#2026 09 14 10:25:33.529#Z#DEBUG#16b25dd8-b026-11f1-940d-eeee0a931608.capm-service-db-deployer#flowable-async-job-executor-thread-1667#
[PollExecuteTaskStatusExecution] 070d8486-d915-4207-813d-4e7e9b8a0d10 [2026-09-14T10:25:15.727279] Adding "src/gen/data/raven.hr-Departments.csv" for deploy... (STDOUT, APP/TASK/deploy)#
#2026 09 14 10:25:33.529#Z#DEBUG#16b25dd8-b026-11f1-940d-eeee0a931608.capm-service-db-deployer#flowable-async-job-executor-thread-1667#
[PollExecuteTaskStatusExecution] 070d8486-d915-4207-813d-4e7e9b8a0d10 [2026-09-14T10:25:15.727324] Adding "src/gen/data/raven.hr-Departments.csv" for deploy... ok (0s 4ms) (STDOUT, APP/TASK/deploy)#
#2026 09 14 10:25:33.529#Z#DEBUG#16b25dd8-b026-11f1-940d-eeee0a931608.capm-service-db-deployer#flowable-async-job-executor-thread-1667#
[PollExecuteTaskStatusExecution] 070d8486-d915-4207-813d-4e7e9b8a0d10 [2026-09-14T10:25:15.727373] Adding "src/gen/data/raven.hr-Departments.hdbtabledata" for deploy... (STDOUT, APP/TASK/deploy)#
#2026 09 14 10:25:33.529#Z#DEBUG#16b25dd8-b026-11f1-940d-eeee0a931608.capm-service-db-deployer#flowable-async-job-executor-thread-1667#
[PollExecuteTaskStatusExecution] 070d8486-d915-4207-813d-4e7e9b8a0d10 [2026-09-14T10:25:15.727417] Adding "src/gen/data/raven.hr-Departments.hdbtabledata" for deploy... ok (0s 0ms) (STDOUT, APP/TASK/deploy)#
#2026 09 14 10:25:33.529#Z#DEBUG#16b25dd8-b026-11f1-940d-eeee0a931608.capm-service-db-deployer#flowable-async-job-executor-thread-1667#
[PollExecuteTaskStatusExecution] 070d8486-d915-4207-813d-4e7e9b8a0d10 [2026-09-14T10:25:15.727459] Adding "src/gen/data/raven.hr-Employees.csv" for deploy... (STDOUT, APP/TASK/deploy)#
#2026 09 14 10:25:33.529#Z#DEBUG#16b25dd8-b026-11f1-940d-eeee0a931608.capm-service-db-deployer#flowable-async-job-executor-thread-1667#
[PollExecuteTaskStatusExecution] 070d8486-d915-4207-813d-4e7e9b8a0d10 [2026-09-14T10:25:15.727503] Adding "src/gen/data/raven.hr-Employees.csv" for deploy... ok (0s 0ms) (STDOUT, APP/TASK/deploy)#
#2026 09 14 10:25:33.529#Z#DEBUG#16b25dd8-b026-11f1-940d-eeee0a931608.capm-service-db-deployer#flowable-async-job-executor-thread-1667#
[PollExecuteTaskStatusExecution] 070d8486-d915-4207-813d-4e7e9b8a0d10 [2026-09-14T10:25:15.727545] Adding "src/gen/data/raven.hr-Employees.hdbtabledata" for deploy... (STDOUT, APP/TASK/deploy)#
#2026 09 14 10:25:33.529#Z#DEBUG#16b25dd8-b026-11f1-940d-eeee0a931608.capm-service-db-deployer#flowable-async-job-executor-thread-1667#
[PollExecuteTaskStatusExecution] 070d8486-d915-4207-813d-4e7e9b8a0d10 [2026-09-14T10:25:15.727586] Adding "src/gen/data/raven.hr-Employees.hdbtabledata" for deploy... ok (0s 0ms) (STDOUT, APP/TASK/deploy)#
#2026 09 14 10:25:33.529#Z#DEBUG#16b25dd8-b026-11f1-940d-eeee0a931608.capm-service-db-deployer#flowable-async-job-executor-thread-1667#
[PollExecuteTaskStatusExecution] 070d8486-d915-4207-813d-4e7e9b8a0d10 [2026-09-14T10:25:15.727633] Adding "src/gen/data/raven.hr-LeaveBalances.csv" for deploy... (STDOUT, APP/TASK/deploy)#
#2026 09 14 10:25:33.529#Z#DEBUG#16b25dd8-b026-11f1-940d-eeee0a931608.capm-service-db-deployer#flowable-async-job-executor-thread-1667#
[PollExecuteTaskStatusExecution] 070d8486-d915-4207-813d-4e7e9b8a0d10 [2026-09-14T10:25:15.727678] Adding "src/gen/data/raven.hr-LeaveBalances.csv" for deploy... ok (0s 0ms) (STDOUT, APP/TASK/deploy)#
#2026 09 14 10:25:33.529#Z#DEBUG#16b25dd8-b026-11f1-940d-eeee0a931608.capm-service-db-deployer#flowable-async-job-executor-thread-1667#
[PollExecuteTaskStatusExecution] 070d8486-d915-4207-813d-4e7e9b8a0d10 [2026-09-14T10:25:15.727722] Adding "src/gen/data/raven.hr-LeaveBalances.hdbtabledata" for deploy... (STDOUT, APP/TASK/deploy)#
#2026 09 14 10:25:33.529#Z#DEBUG#16b25dd8-b026-11f1-940d-eeee0a931608.capm-service-db-deployer#flowable-async-job-executor-thread-1667#
[PollExecuteTaskStatusExecution] 070d8486-d915-4207-813d-4e7e9b8a0d10 [2026-09-14T10:25:15.727766] Adding "src/gen/data/raven.hr-LeaveBalances.hdbtabledata" for deploy... ok (0s 0ms) (STDOUT, APP/TASK/deploy)#
#2026 09 14 10:25:33.529#Z#DEBUG#16b25dd8-b026-11f1-940d-eeee0a931608.capm-service-db-deployer#flowable-async-job-executor-thread-1667#
[PollExecuteTaskStatusExecution] 070d8486-d915-4207-813d-4e7e9b8a0d10 [2026-09-14T10:25:15.727809] Adding "src/gen/data/raven.hr-LeaveRequests.csv" for deploy... (STDOUT, APP/TASK/deploy)#
#2026 09 14 10:25:33.529#Z#DEBUG#16b25dd8-b026-11f1-940d-eeee0a931608.capm-service-db-deployer#flowable-async-job-executor-thread-1667#
[PollExecuteTaskStatusExecution] 070d8486-d915-4207-813d-4e7e9b8a0d10 [2026-09-14T10:25:15.727853] Adding "src/gen/data/raven.hr-LeaveRequests.csv" for deploy... ok (0s 0ms) (STDOUT, APP/TASK/deploy)#
#2026 09 14 10:25:33.529#Z#DEBUG#16b25dd8-b026-11f1-940d-eeee0a931608.capm-service-db-deployer#flowable-async-job-executor-thread-1667#
[PollExecuteTaskStatusExecution] 070d8486-d915-4207-813d-4e7e9b8a0d10 [2026-09-14T10:25:15.727892] Adding "src/gen/data/raven.hr-LeaveRequests.hdbtabledata" for deploy... (STDOUT, APP/TASK/deploy)#
#2026 09 14 10:25:33.529#Z#DEBUG#16b25dd8-b026-11f1-940d-eeee0a931608.capm-service-db-deployer#flowable-async-job-executor-thread-1667#
[PollExecuteTaskStatusExecution] 070d8486-d915-4207-813d-4e7e9b8a0d10 [2026-09-14T10:25:15.727943] Adding "src/gen/data/raven.hr-LeaveRequests.hdbtabledata" for deploy... ok (0s 0ms) (STDOUT, APP/TASK/deploy)#
#2026 09 14 10:25:33.529#Z#DEBUG#16b25dd8-b026-11f1-940d-eeee0a931608.capm-service-db-deployer#flowable-async-job-executor-thread-1667#
[PollExecuteTaskStatusExecution] 070d8486-d915-4207-813d-4e7e9b8a0d10 [2026-09-14T10:25:15.727989] Adding "src/gen/data/raven.hr-LeaveTypes.csv" for deploy... (STDOUT, APP/TASK/deploy)#
#2026 09 14 10:25:33.529#Z#DEBUG#16b25dd8-b026-11f1-940d-eeee0a931608.capm-service-db-deployer#flowable-async-job-executor-thread-1667#
[PollExecuteTaskStatusExecution] 070d8486-d915-4207-813d-4e7e9b8a0d10 [2026-09-14T10:25:15.728037] Adding "src/gen/data/raven.hr-LeaveTypes.csv" for deploy... ok (0s 0ms) (STDOUT, APP/TASK/deploy)#
#2026 09 14 10:25:33.529#Z#DEBUG#16b25dd8-b026-11f1-940d-eeee0a931608.capm-service-db-deployer#flowable-async-job-executor-thread-1667#
[PollExecuteTaskStatusExecution] 070d8486-d915-4207-813d-4e7e9b8a0d10 [2026-09-14T10:25:15.728081] Adding "src/gen/data/raven.hr-LeaveTypes.hdbtabledata" for deploy... (STDOUT, APP/TASK/deploy)#
#2026 09 14 10:25:33.529#Z#DEBUG#16b25dd8-b026-11f1-940d-eeee0a931608.capm-service-db-deployer#flowable-async-job-executor-thread-1667#
[PollExecuteTaskStatusExecution] 070d8486-d915-4207-813d-4e7e9b8a0d10 [2026-09-14T10:25:15.728126] Adding "src/gen/data/raven.hr-LeaveTypes.hdbtabledata" for deploy... ok (0s 0ms) (STDOUT, APP/TASK/deploy)#
#2026 09 14 10:25:33.529#Z#DEBUG#16b25dd8-b026-11f1-940d-eeee0a931608.capm-service-db-deployer#flowable-async-job-executor-thread-1667#
[PollExecuteTaskStatusExecution] 070d8486-d915-4207-813d-4e7e9b8a0d10 [2026-09-14T10:25:15.728171] Adding "src/gen/raven.hr.Departments.hdbtable" for deploy... (STDOUT, APP/TASK/deploy)#
#2026 09 14 10:25:33.529#Z#DEBUG#16b25dd8-b026-11f1-940d-eeee0a931608.capm-service-db-deployer#flowable-async-job-executor-thread-1667#
[PollExecuteTaskStatusExecution] 070d8486-d915-4207-813d-4e7e9b8a0d10 [2026-09-14T10:25:15.728217] Adding "src/gen/raven.hr.Departments.hdbtable" for deploy... ok (0s 0ms) (STDOUT, APP/TASK/deploy)#
#2026 09 14 10:25:33.529#Z#DEBUG#16b25dd8-b026-11f1-940d-eeee0a931608.capm-service-db-deployer#flowable-async-job-executor-thread-1667#
[PollExecuteTaskStatusExecution] 070d8486-d915-4207-813d-4e7e9b8a0d10 [2026-09-14T10:25:15.728261] Adding "src/gen/raven.hr.Employees.hdbtable" for deploy... (STDOUT, APP/TASK/deploy)#
#2026 09 14 10:25:33.529#Z#DEBUG#16b25dd8-b026-11f1-940d-eeee0a931608.capm-service-db-deployer#flowable-async-job-executor-thread-1667#
[PollExecuteTaskStatusExecution] 070d8486-d915-4207-813d-4e7e9b8a0d10 [2026-09-14T10:25:15.728305] Adding "src/gen/raven.hr.Employees.hdbtable" for deploy... ok (0s 0ms) (STDOUT, APP/TASK/deploy)#
#2026 09 14 10:25:33.529#Z#DEBUG#16b25dd8-b026-11f1-940d-eeee0a931608.capm-service-db-deployer#flowable-async-job-executor-thread-1667#
[PollExecuteTaskStatusExecution] 070d8486-d915-4207-813d-4e7e9b8a0d10 [2026-09-14T10:25:15.728353] Adding "src/gen/raven.hr.LeaveBalances.hdbtable" for deploy... (STDOUT, APP/TASK/deploy)#
#2026 09 14 10:25:33.529#Z#DEBUG#16b25dd8-b026-11f1-940d-eeee0a931608.capm-service-db-deployer#flowable-async-job-executor-thread-1667#
[PollExecuteTaskStatusExecution] 070d8486-d915-4207-813d-4e7e9b8a0d10 [2026-09-14T10:25:15.728396] Adding "src/gen/raven.hr.LeaveBalances.hdbtable" for deploy... ok (0s 0ms) (STDOUT, APP/TASK/deploy)#
#2026 09 14 10:25:33.529#Z#DEBUG#16b25dd8-b026-11f1-940d-eeee0a931608.capm-service-db-deployer#flowable-async-job-executor-thread-1667#
[PollExecuteTaskStatusExecution] 070d8486-d915-4207-813d-4e7e9b8a0d10 [2026-09-14T10:25:15.728440] Adding "src/gen/raven.hr.LeaveRequestAttachments.hdbtable" for deploy... (STDOUT, APP/TASK/deploy)#
#2026 09 14 10:25:33.529#Z#DEBUG#16b25dd8-b026-11f1-940d-eeee0a931608.capm-service-db-deployer#flowable-async-job-executor-thread-1667#
[PollExecuteTaskStatusExecution] 070d8486-d915-4207-813d-4e7e9b8a0d10 [2026-09-14T10:25:15.728484] Adding "src/gen/raven.hr.LeaveRequestAttachments.hdbtable" for deploy... ok (0s 0ms) (STDOUT, APP/TASK/deploy)#
#2026 09 14 10:25:33.529#Z#DEBUG#16b25dd8-b026-11f1-940d-eeee0a931608.capm-service-db-deployer#flowable-async-job-executor-thread-1667#
[PollExecuteTaskStatusExecution] 070d8486-d915-4207-813d-4e7e9b8a0d10 [2026-09-14T10:25:15.728527] Adding "src/gen/raven.hr.LeaveRequestOverview.hdbview" for deploy... (STDOUT, APP/TASK/deploy)#
#2026 09 14 10:25:33.529#Z#DEBUG#16b25dd8-b026-11f1-940d-eeee0a931608.capm-service-db-deployer#flowable-async-job-executor-thread-1667#
[PollExecuteTaskStatusExecution] 070d8486-d915-4207-813d-4e7e9b8a0d10 [2026-09-14T10:25:15.728570] Adding "src/gen/raven.hr.LeaveRequestOverview.hdbview" for deploy... ok (0s 1ms) (STDOUT, APP/TASK/deploy)#
#2026 09 14 10:25:33.529#Z#DEBUG#16b25dd8-b026-11f1-940d-eeee0a931608.capm-service-db-deployer#flowable-async-job-executor-thread-1667#
[PollExecuteTaskStatusExecution] 070d8486-d915-4207-813d-4e7e9b8a0d10 [2026-09-14T10:25:15.728616] Adding "src/gen/raven.hr.LeaveRequests.hdbtable" for deploy... (STDOUT, APP/TASK/deploy)#
#2026 09 14 10:25:33.529#Z#DEBUG#16b25dd8-b026-11f1-940d-eeee0a931608.capm-service-db-deployer#flowable-async-job-executor-thread-1667#
[PollExecuteTaskStatusExecution] 070d8486-d915-4207-813d-4e7e9b8a0d10 [2026-09-14T10:25:15.728658] Adding "src/gen/raven.hr.LeaveRequests.hdbtable" for deploy... ok (0s 0ms) (STDOUT, APP/TASK/deploy)#
#2026 09 14 10:25:33.529#Z#DEBUG#16b25dd8-b026-11f1-940d-eeee0a931608.capm-service-db-deployer#flowable-async-job-executor-thread-1667#
[PollExecuteTaskStatusExecution] 070d8486-d915-4207-813d-4e7e9b8a0d10 [2026-09-14T10:25:15.728736] Adding "src/gen/raven.hr.LeaveTypes.hdbtable" for deploy... (STDOUT, APP/TASK/deploy)#
#2026 09 14 10:25:33.529#Z#DEBUG#16b25dd8-b026-11f1-940d-eeee0a931608.capm-service-db-deployer#flowable-async-job-executor-thread-1667#
[PollExecuteTaskStatusExecution] 070d8486-d915-4207-813d-4e7e9b8a0d10 [2026-09-14T10:25:15.728785] Adding "src/gen/raven.hr.LeaveTypes.hdbtable" for deploy... ok (0s 0ms) (STDOUT, APP/TASK/deploy)#
#2026 09 14 10:25:33.529#Z#DEBUG#16b25dd8-b026-11f1-940d-eeee0a931608.capm-service-db-deployer#flowable-async-job-executor-thread-1667#
[PollExecuteTaskStatusExecution] 070d8486-d915-4207-813d-4e7e9b8a0d10 [2026-09-14T10:25:15.728832] Adding "src/leaveRequestNumber.hdbsequence" for deploy... (STDOUT, APP/TASK/deploy)#
#2026 09 14 10:25:33.529#Z#DEBUG#16b25dd8-b026-11f1-940d-eeee0a931608.capm-service-db-deployer#flowable-async-job-executor-thread-1667#
[PollExecuteTaskStatusExecution] 070d8486-d915-4207-813d-4e7e9b8a0d10 [2026-09-14T10:25:15.728873] Adding "src/leaveRequestNumber.hdbsequence" for deploy... ok (0s 0ms) (STDOUT, APP/TASK/deploy)#
#2026 09 14 10:25:33.529#Z#DEBUG#16b25dd8-b026-11f1-940d-eeee0a931608.capm-service-db-deployer#flowable-async-job-executor-thread-1667#
[PollExecuteTaskStatusExecution] 070d8486-d915-4207-813d-4e7e9b8a0d10 [2026-09-14T10:25:15.728917] Adding "src/recalcLeaveBalance.hdbprocedure" for deploy... (STDOUT, APP/TASK/deploy)#
#2026 09 14 10:25:33.529#Z#DEBUG#16b25dd8-b026-11f1-940d-eeee0a931608.capm-service-db-deployer#flowable-async-job-executor-thread-1667#
[PollExecuteTaskStatusExecution] 070d8486-d915-4207-813d-4e7e9b8a0d10 [2026-09-14T10:25:15.728957] Adding "src/recalcLeaveBalance.hdbprocedure" for deploy... ok (0s 1ms) (STDOUT, APP/TASK/deploy)#
#2026 09 14 10:25:33.529#Z#DEBUG#16b25dd8-b026-11f1-940d-eeee0a931608.capm-service-db-deployer#flowable-async-job-executor-thread-1667#
[PollExecuteTaskStatusExecution] 070d8486-d915-4207-813d-4e7e9b8a0d10 [2026-09-14T10:25:15.729] Preparing... ok (0s 74ms) (STDOUT, APP/TASK/deploy)#
#2026 09 14 10:25:33.529#Z#DEBUG#16b25dd8-b026-11f1-940d-eeee0a931608.capm-service-db-deployer#flowable-async-job-executor-thread-1667#
[PollExecuteTaskStatusExecution] 070d8486-d915-4207-813d-4e7e9b8a0d10 [2026-09-14T10:25:15.729043] Calculating dependencies... (STDOUT, APP/TASK/deploy)#
#2026 09 14 10:25:33.529#Z#DEBUG#16b25dd8-b026-11f1-940d-eeee0a931608.capm-service-db-deployer#flowable-async-job-executor-thread-1667#
[PollExecuteTaskStatusExecution] 070d8486-d915-4207-813d-4e7e9b8a0d10 [2026-09-14T10:25:15.729089] Expanding... (STDOUT, APP/TASK/deploy)#
#2026 09 14 10:25:33.529#Z#DEBUG#16b25dd8-b026-11f1-940d-eeee0a931608.capm-service-db-deployer#flowable-async-job-executor-thread-1667#
[PollExecuteTaskStatusExecution] 070d8486-d915-4207-813d-4e7e9b8a0d10 [2026-09-14T10:25:15.729133] Expanding "src/gen/HRService.LeaveRequestOverview.hdbview"... (STDOUT, APP/TASK/deploy)#
#2026 09 14 10:25:33.529#Z#DEBUG#16b25dd8-b026-11f1-940d-eeee0a931608.capm-service-db-deployer#flowable-async-job-executor-thread-1667#
[PollExecuteTaskStatusExecution] 070d8486-d915-4207-813d-4e7e9b8a0d10 [2026-09-14T10:25:15.729175] Expanding "src/gen/data/raven.hr-Departments.hdbtabledata"... (STDOUT, APP/TASK/deploy)#
#2026 09 14 10:25:33.529#Z#DEBUG#16b25dd8-b026-11f1-940d-eeee0a931608.capm-service-db-deployer#flowable-async-job-executor-thread-1667#
[PollExecuteTaskStatusExecution] 070d8486-d915-4207-813d-4e7e9b8a0d10 [2026-09-14T10:25:15.729220] Expanding "src/gen/data/raven.hr-Employees.hdbtabledata"... (STDOUT, APP/TASK/deploy)#
#2026 09 14 10:25:33.529#Z#DEBUG#16b25dd8-b026-11f1-940d-eeee0a931608.capm-service-db-deployer#flowable-async-job-executor-thread-1667#
[PollExecuteTaskStatusExecution] 070d8486-d915-4207-813d-4e7e9b8a0d10 [2026-09-14T10:25:15.729259] Expanding "src/gen/data/raven.hr-LeaveBalances.hdbtabledata"... (STDOUT, APP/TASK/deploy)#
#2026 09 14 10:25:33.529#Z#DEBUG#16b25dd8-b026-11f1-940d-eeee0a931608.capm-service-db-deployer#flowable-async-job-executor-thread-1667#
[PollExecuteTaskStatusExecution] 070d8486-d915-4207-813d-4e7e9b8a0d10 [2026-09-14T10:25:15.729303] Expanding "src/gen/data/raven.hr-Employees.hdbtabledata"... ok (0s 4ms) (STDOUT, APP/TASK/deploy)#
#2026 09 14 10:25:33.529#Z#DEBUG#16b25dd8-b026-11f1-940d-eeee0a931608.capm-service-db-deployer#flowable-async-job-executor-thread-1667#
[PollExecuteTaskStatusExecution] 070d8486-d915-4207-813d-4e7e9b8a0d10 [2026-09-14T10:25:15.729347] Expanding "src/gen/data/raven.hr-LeaveRequests.hdbtabledata"... (STDOUT, APP/TASK/deploy)#
#2026 09 14 10:25:33.529#Z#DEBUG#16b25dd8-b026-11f1-940d-eeee0a931608.capm-service-db-deployer#flowable-async-job-executor-thread-1667#
[PollExecuteTaskStatusExecution] 070d8486-d915-4207-813d-4e7e9b8a0d10 [2026-09-14T10:25:15.729387] Expanding "src/gen/data/raven.hr-Departments.hdbtabledata"... ok (0s 6ms) (STDOUT, APP/TASK/deploy)#
#2026 09 14 10:25:33.529#Z#DEBUG#16b25dd8-b026-11f1-940d-eeee0a931608.capm-service-db-deployer#flowable-async-job-executor-thread-1667#
[PollExecuteTaskStatusExecution] 070d8486-d915-4207-813d-4e7e9b8a0d10 [2026-09-14T10:25:15.729431] Expanding "src/gen/data/raven.hr-LeaveTypes.hdbtabledata"... (STDOUT, APP/TASK/deploy)#
#2026 09 14 10:25:33.529#Z#DEBUG#16b25dd8-b026-11f1-940d-eeee0a931608.capm-service-db-deployer#flowable-async-job-executor-thread-1667#
[PollExecuteTaskStatusExecution] 070d8486-d915-4207-813d-4e7e9b8a0d10 [2026-09-14T10:25:15.729499] Expanding "src/gen/data/raven.hr-LeaveBalances.hdbtabledata"... ok (0s 4ms) (STDOUT, APP/TASK/deploy)#
#2026 09 14 10:25:33.529#Z#DEBUG#16b25dd8-b026-11f1-940d-eeee0a931608.capm-service-db-deployer#flowable-async-job-executor-thread-1667#
[PollExecuteTaskStatusExecution] 070d8486-d915-4207-813d-4e7e9b8a0d10 [2026-09-14T10:25:15.729539] Expanding "src/gen/raven.hr.Departments.hdbtable"... (STDOUT, APP/TASK/deploy)#
#2026 09 14 10:25:33.529#Z#DEBUG#16b25dd8-b026-11f1-940d-eeee0a931608.capm-service-db-deployer#flowable-async-job-executor-thread-1667#
[PollExecuteTaskStatusExecution] 070d8486-d915-4207-813d-4e7e9b8a0d10 [2026-09-14T10:25:15.729582] Expanding "src/gen/data/raven.hr-LeaveRequests.hdbtabledata"... ok (0s 4ms) (STDOUT, APP/TASK/deploy)#
#2026 09 14 10:25:33.529#Z#DEBUG#16b25dd8-b026-11f1-940d-eeee0a931608.capm-service-db-deployer#flowable-async-job-executor-thread-1667#
[PollExecuteTaskStatusExecution] 070d8486-d915-4207-813d-4e7e9b8a0d10 [2026-09-14T10:25:15.729625] Expanding "src/gen/raven.hr.Employees.hdbtable"... (STDOUT, APP/TASK/deploy)#
#2026 09 14 10:25:33.529#Z#DEBUG#16b25dd8-b026-11f1-940d-eeee0a931608.capm-service-db-deployer#flowable-async-job-executor-thread-1667#
[PollExecuteTaskStatusExecution] 070d8486-d915-4207-813d-4e7e9b8a0d10 [2026-09-14T10:25:15.729667] Expanding "src/gen/data/raven.hr-LeaveTypes.hdbtabledata"... ok (0s 3ms) (STDOUT, APP/TASK/deploy)#
#2026 09 14 10:25:33.529#Z#DEBUG#16b25dd8-b026-11f1-940d-eeee0a931608.capm-service-db-deployer#flowable-async-job-executor-thread-1667#
[PollExecuteTaskStatusExecution] 070d8486-d915-4207-813d-4e7e9b8a0d10 [2026-09-14T10:25:15.729709] Expanding "src/gen/raven.hr.LeaveBalances.hdbtable"... (STDOUT, APP/TASK/deploy)#
#2026 09 14 10:25:33.529#Z#DEBUG#16b25dd8-b026-11f1-940d-eeee0a931608.capm-service-db-deployer#flowable-async-job-executor-thread-1667#
[PollExecuteTaskStatusExecution] 070d8486-d915-4207-813d-4e7e9b8a0d10 [2026-09-14T10:25:15.729753] Expanding "src/gen/HRService.LeaveRequestOverview.hdbview"... ok (0s 12ms) (STDOUT, APP/TASK/deploy)#
#2026 09 14 10:25:33.529#Z#DEBUG#16b25dd8-b026-11f1-940d-eeee0a931608.capm-service-db-deployer#flowable-async-job-executor-thread-1667#
[PollExecuteTaskStatusExecution] 070d8486-d915-4207-813d-4e7e9b8a0d10 [2026-09-14T10:25:15.729797] Expanding "src/gen/raven.hr.LeaveRequestAttachments.hdbtable"... (STDOUT, APP/TASK/deploy)#
#2026 09 14 10:25:33.529#Z#DEBUG#16b25dd8-b026-11f1-940d-eeee0a931608.capm-service-db-deployer#flowable-async-job-executor-thread-1667#
[PollExecuteTaskStatusExecution] 070d8486-d915-4207-813d-4e7e9b8a0d10 [2026-09-14T10:25:15.729839] Expanding "src/gen/raven.hr.Departments.hdbtable"... ok (0s 9ms) (STDOUT, APP/TASK/deploy)#
#2026 09 14 10:25:33.529#Z#DEBUG#16b25dd8-b026-11f1-940d-eeee0a931608.capm-service-db-deployer#flowable-async-job-executor-thread-1667#
[PollExecuteTaskStatusExecution] 070d8486-d915-4207-813d-4e7e9b8a0d10 [2026-09-14T10:25:15.729881] Expanding "src/gen/raven.hr.LeaveRequestOverview.hdbview"... (STDOUT, APP/TASK/deploy)#
#2026 09 14 10:25:33.529#Z#DEBUG#16b25dd8-b026-11f1-940d-eeee0a931608.capm-service-db-deployer#flowable-async-job-executor-thread-1667#
[PollExecuteTaskStatusExecution] 070d8486-d915-4207-813d-4e7e9b8a0d10 [2026-09-14T10:25:15.729923] Expanding "src/gen/raven.hr.Employees.hdbtable"... ok (0s 9ms) (STDOUT, APP/TASK/deploy)#
#2026 09 14 10:25:33.529#Z#DEBUG#16b25dd8-b026-11f1-940d-eeee0a931608.capm-service-db-deployer#flowable-async-job-executor-thread-1667#
[PollExecuteTaskStatusExecution] 070d8486-d915-4207-813d-4e7e9b8a0d10 [2026-09-14T10:25:15.729968] Expanding "src/gen/raven.hr.LeaveRequests.hdbtable"... (STDOUT, APP/TASK/deploy)#
#2026 09 14 10:25:33.529#Z#DEBUG#16b25dd8-b026-11f1-940d-eeee0a931608.capm-service-db-deployer#flowable-async-job-executor-thread-1667#
[PollExecuteTaskStatusExecution] 070d8486-d915-4207-813d-4e7e9b8a0d10 [2026-09-14T10:25:15.730011] Expanding "src/gen/raven.hr.LeaveBalances.hdbtable"... ok (0s 9ms) (STDOUT, APP/TASK/deploy)#
#2026 09 14 10:25:33.529#Z#DEBUG#16b25dd8-b026-11f1-940d-eeee0a931608.capm-service-db-deployer#flowable-async-job-executor-thread-1667#
[PollExecuteTaskStatusExecution] 070d8486-d915-4207-813d-4e7e9b8a0d10 [2026-09-14T10:25:15.730053] Expanding "src/gen/raven.hr.LeaveTypes.hdbtable"... (STDOUT, APP/TASK/deploy)#
#2026 09 14 10:25:33.529#Z#DEBUG#16b25dd8-b026-11f1-940d-eeee0a931608.capm-service-db-deployer#flowable-async-job-executor-thread-1667#
[PollExecuteTaskStatusExecution] 070d8486-d915-4207-813d-4e7e9b8a0d10 [2026-09-14T10:25:15.730094] Expanding "src/gen/raven.hr.LeaveRequestAttachments.hdbtable"... ok (0s 9ms) (STDOUT, APP/TASK/deploy)#
#2026 09 14 10:25:33.529#Z#DEBUG#16b25dd8-b026-11f1-940d-eeee0a931608.capm-service-db-deployer#flowable-async-job-executor-thread-1667#
[PollExecuteTaskStatusExecution] 070d8486-d915-4207-813d-4e7e9b8a0d10 [2026-09-14T10:25:15.730139] Expanding "src/gen/raven.hr.LeaveRequests.hdbtable"... ok (0s 7ms) (STDOUT, APP/TASK/deploy)#
#2026 09 14 10:25:33.529#Z#DEBUG#16b25dd8-b026-11f1-940d-eeee0a931608.capm-service-db-deployer#flowable-async-job-executor-thread-1667#
[PollExecuteTaskStatusExecution] 070d8486-d915-4207-813d-4e7e9b8a0d10 [2026-09-14T10:25:15.730182] Expanding "src/gen/raven.hr.LeaveRequestOverview.hdbview"... ok (0s 8ms) (STDOUT, APP/TASK/deploy)#
#2026 09 14 10:25:33.529#Z#DEBUG#16b25dd8-b026-11f1-940d-eeee0a931608.capm-service-db-deployer#flowable-async-job-executor-thread-1667#
[PollExecuteTaskStatusExecution] 070d8486-d915-4207-813d-4e7e9b8a0d10 [2026-09-14T10:25:15.730224] Expanding "src/gen/raven.hr.LeaveTypes.hdbtable"... ok (0s 6ms) (STDOUT, APP/TASK/deploy)#
#2026 09 14 10:25:33.529#Z#DEBUG#16b25dd8-b026-11f1-940d-eeee0a931608.capm-service-db-deployer#flowable-async-job-executor-thread-1667#
[PollExecuteTaskStatusExecution] 070d8486-d915-4207-813d-4e7e9b8a0d10 [2026-09-14T10:25:15.730268] Expanding... ok (0s 54ms) (STDOUT, APP/TASK/deploy)#
#2026 09 14 10:25:33.529#Z#DEBUG#16b25dd8-b026-11f1-940d-eeee0a931608.capm-service-db-deployer#flowable-async-job-executor-thread-1667#
[PollExecuteTaskStatusExecution] 070d8486-d915-4207-813d-4e7e9b8a0d10 [2026-09-14T10:25:15.730307] Precompiling... (STDOUT, APP/TASK/deploy)#
#2026 09 14 10:25:33.529#Z#DEBUG#16b25dd8-b026-11f1-940d-eeee0a931608.capm-service-db-deployer#flowable-async-job-executor-thread-1667#
[PollExecuteTaskStatusExecution] 070d8486-d915-4207-813d-4e7e9b8a0d10 [2026-09-14T10:25:15.730352] Precompiling "src/gen/HRService.LeaveRequestOverview.hdbview"... (STDOUT, APP/TASK/deploy)#
#2026 09 14 10:25:33.529#Z#DEBUG#16b25dd8-b026-11f1-940d-eeee0a931608.capm-service-db-deployer#flowable-async-job-executor-thread-1667#
[PollExecuteTaskStatusExecution] 070d8486-d915-4207-813d-4e7e9b8a0d10 [2026-09-14T10:25:15.730399] Precompiling "src/gen/data/raven.hr-Departments.csv"... (STDOUT, APP/TASK/deploy)#
#2026 09 14 10:25:33.529#Z#DEBUG#16b25dd8-b026-11f1-940d-eeee0a931608.capm-service-db-deployer#flowable-async-job-executor-thread-1667#
[PollExecuteTaskStatusExecution] 070d8486-d915-4207-813d-4e7e9b8a0d10 [2026-09-14T10:25:15.730438] Precompiling "src/gen/data/raven.hr-Departments.hdbtabledata"... (STDOUT, APP/TASK/deploy)#
#2026 09 14 10:25:33.529#Z#DEBUG#16b25dd8-b026-11f1-940d-eeee0a931608.capm-service-db-deployer#flowable-async-job-executor-thread-1667#
[PollExecuteTaskStatusExecution] 070d8486-d915-4207-813d-4e7e9b8a0d10 [2026-09-14T10:25:15.730483] Precompiling "src/gen/data/raven.hr-Departments.hdbtabledata"... ok (0s 0ms) (STDOUT, APP/TASK/deploy)#
#2026 09 14 10:25:33.529#Z#DEBUG#16b25dd8-b026-11f1-940d-eeee0a931608.capm-service-db-deployer#flowable-async-job-executor-thread-1667#
[PollExecuteTaskStatusExecution] 070d8486-d915-4207-813d-4e7e9b8a0d10 [2026-09-14T10:25:15.730523] Precompiling "src/gen/data/raven.hr-Departments.hdbtabledata$0.expand"... (STDOUT, APP/TASK/deploy)#
#2026 09 14 10:25:33.529#Z#DEBUG#16b25dd8-b026-11f1-940d-eeee0a931608.capm-service-db-deployer#flowable-async-job-executor-thread-1667#
[PollExecuteTaskStatusExecution] 070d8486-d915-4207-813d-4e7e9b8a0d10 [2026-09-14T10:25:15.730568] Expanded from "src/gen/data/raven.hr-Departments.hdbtabledata" (STDOUT, APP/TASK/deploy)#
#2026 09 14 10:25:33.529#Z#DEBUG#16b25dd8-b026-11f1-940d-eeee0a931608.capm-service-db-deployer#flowable-async-job-executor-thread-1667#
[PollExecuteTaskStatusExecution] 070d8486-d915-4207-813d-4e7e9b8a0d10 [2026-09-14T10:25:15.730606] Precompiling "src/gen/data/raven.hr-Employees.csv"... (STDOUT, APP/TASK/deploy)#
#2026 09 14 10:25:33.529#Z#DEBUG#16b25dd8-b026-11f1-940d-eeee0a931608.capm-service-db-deployer#flowable-async-job-executor-thread-1667#
[PollExecuteTaskStatusExecution] 070d8486-d915-4207-813d-4e7e9b8a0d10 [2026-09-14T10:25:15.730650] Precompiling "src/gen/data/raven.hr-Departments.hdbtabledata$0.expand"... ok (0s 1ms) (STDOUT, APP/TASK/deploy)#
#2026 09 14 10:25:33.529#Z#DEBUG#16b25dd8-b026-11f1-940d-eeee0a931608.capm-service-db-deployer#flowable-async-job-executor-thread-1667#
[PollExecuteTaskStatusExecution] 070d8486-d915-4207-813d-4e7e9b8a0d10 [2026-09-14T10:25:15.730688] Precompiling "src/gen/data/raven.hr-Employees.hdbtabledata"... (STDOUT, APP/TASK/deploy)#
#2026 09 14 10:25:33.529#Z#DEBUG#16b25dd8-b026-11f1-940d-eeee0a931608.capm-service-db-deployer#flowable-async-job-executor-thread-1667#
[PollExecuteTaskStatusExecution] 070d8486-d915-4207-813d-4e7e9b8a0d10 [2026-09-14T10:25:15.730727] Precompiling "src/gen/data/raven.hr-Employees.hdbtabledata"... ok (0s 0ms) (STDOUT, APP/TASK/deploy)#
#2026 09 14 10:25:33.529#Z#DEBUG#16b25dd8-b026-11f1-940d-eeee0a931608.capm-service-db-deployer#flowable-async-job-executor-thread-1667#
[PollExecuteTaskStatusExecution] 070d8486-d915-4207-813d-4e7e9b8a0d10 [2026-09-14T10:25:15.730771] Precompiling "src/gen/data/raven.hr-Employees.hdbtabledata$0.expand"... (STDOUT, APP/TASK/deploy)#
#2026 09 14 10:25:33.529#Z#DEBUG#16b25dd8-b026-11f1-940d-eeee0a931608.capm-service-db-deployer#flowable-async-job-executor-thread-1667#
[PollExecuteTaskStatusExecution] 070d8486-d915-4207-813d-4e7e9b8a0d10 [2026-09-14T10:25:15.730814] Expanded from "src/gen/data/raven.hr-Employees.hdbtabledata" (STDOUT, APP/TASK/deploy)#
#2026 09 14 10:25:33.529#Z#DEBUG#16b25dd8-b026-11f1-940d-eeee0a931608.capm-service-db-deployer#flowable-async-job-executor-thread-1667#
[PollExecuteTaskStatusExecution] 070d8486-d915-4207-813d-4e7e9b8a0d10 [2026-09-14T10:25:15.730857] Precompiling "src/gen/data/raven.hr-Departments.csv"... ok (0s 2ms) (STDOUT, APP/TASK/deploy)#
#2026 09 14 10:25:33.529#Z#DEBUG#16b25dd8-b026-11f1-940d-eeee0a931608.capm-service-db-deployer#flowable-async-job-executor-thread-1667#
[PollExecuteTaskStatusExecution] 070d8486-d915-4207-813d-4e7e9b8a0d10 [2026-09-14T10:25:15.730901] Precompiling "src/gen/data/raven.hr-LeaveBalances.csv"... (STDOUT, APP/TASK/deploy)#
#2026 09 14 10:25:33.529#Z#DEBUG#16b25dd8-b026-11f1-940d-eeee0a931608.capm-service-db-deployer#flowable-async-job-executor-thread-1667#
[PollExecuteTaskStatusExecution] 070d8486-d915-4207-813d-4e7e9b8a0d10 [2026-09-14T10:25:15.730943] Precompiling "src/gen/data/raven.hr-Employees.hdbtabledata$0.expand"... ok (0s 1ms) (STDOUT, APP/TASK/deploy)#
#2026 09 14 10:25:33.529#Z#DEBUG#16b25dd8-b026-11f1-940d-eeee0a931608.capm-service-db-deployer#flowable-async-job-executor-thread-1667#
[PollExecuteTaskStatusExecution] 070d8486-d915-4207-813d-4e7e9b8a0d10 [2026-09-14T10:25:15.731360] Error: com.sap.hana.di.sequence: Syntax error: "incorrect syntax near ":"" [8250009] (STDERR, APP/TASK/deploy)#
#2026 09 14 10:25:33.529#Z#DEBUG#16b25dd8-b026-11f1-940d-eeee0a931608.capm-service-db-deployer#flowable-async-job-executor-thread-1667#
[PollExecuteTaskStatusExecution] 070d8486-d915-4207-813d-4e7e9b8a0d10 [2026-09-14T10:25:15.731606] Error: Precompiling... failed [8212133] (STDERR, APP/TASK/deploy)#
#2026 09 14 10:25:33.529#Z#DEBUG#16b25dd8-b026-11f1-940d-eeee0a931608.capm-service-db-deployer#flowable-async-job-executor-thread-1667#
[PollExecuteTaskStatusExecution] 070d8486-d915-4207-813d-4e7e9b8a0d10 [2026-09-14T10:25:15.731611] Error: Calculating dependencies... failed [8212108] (STDERR, APP/TASK/deploy)#
#2026 09 14 10:25:33.529#Z#DEBUG#16b25dd8-b026-11f1-940d-eeee0a931608.capm-service-db-deployer#flowable-async-job-executor-thread-1667#
[PollExecuteTaskStatusExecution] 070d8486-d915-4207-813d-4e7e9b8a0d10 [2026-09-14T10:25:15.731747] Error: Making... failed [8211605] (STDERR, APP/TASK/deploy)#
#2026 09 14 10:25:33.529#Z#DEBUG#16b25dd8-b026-11f1-940d-eeee0a931608.capm-service-db-deployer#flowable-async-job-executor-thread-1667#
[PollExecuteTaskStatusExecution] 070d8486-d915-4207-813d-4e7e9b8a0d10 [2026-09-14T10:25:15.731752] Error: Starting make in the container "6A5478B8D26E43D8A56BA48D201A9E69" with 22 files to deploy, 0 files to undeploy... failed [8214168] (STDERR, APP/TASK/deploy)#
#2026 09 14 10:25:33.529#Z#DEBUG#16b25dd8-b026-11f1-940d-eeee0a931608.capm-service-db-deployer#flowable-async-job-executor-thread-1667#
[PollExecuteTaskStatusExecution] 070d8486-d915-4207-813d-4e7e9b8a0d10 [2026-09-14T10:25:15.732900] Precompiling "src/gen/data/raven.hr-LeaveBalances.hdbtabledata"... (STDOUT, APP/TASK/deploy)#
#2026 09 14 10:25:33.529#Z#DEBUG#16b25dd8-b026-11f1-940d-eeee0a931608.capm-service-db-deployer#flowable-async-job-executor-thread-1667#
[PollExecuteTaskStatusExecution] 070d8486-d915-4207-813d-4e7e9b8a0d10 [2026-09-14T10:25:15.732933] Precompiling "src/gen/data/raven.hr-LeaveBalances.hdbtabledata"... ok (0s 0ms) (STDOUT, APP/TASK/deploy)#
#2026 09 14 10:25:33.529#Z#DEBUG#16b25dd8-b026-11f1-940d-eeee0a931608.capm-service-db-deployer#flowable-async-job-executor-thread-1667#
[PollExecuteTaskStatusExecution] 070d8486-d915-4207-813d-4e7e9b8a0d10 [2026-09-14T10:25:15.732937] Precompiling "src/gen/data/raven.hr-LeaveBalances.hdbtabledata$0.expand"... (STDOUT, APP/TASK/deploy)#
#2026 09 14 10:25:33.529#Z#DEBUG#16b25dd8-b026-11f1-940d-eeee0a931608.capm-service-db-deployer#flowable-async-job-executor-thread-1667#
[PollExecuteTaskStatusExecution] 070d8486-d915-4207-813d-4e7e9b8a0d10 [2026-09-14T10:25:15.732943] Expanded from "src/gen/data/raven.hr-LeaveBalances.hdbtabledata" (STDOUT, APP/TASK/deploy)#
#2026 09 14 10:25:33.529#Z#DEBUG#16b25dd8-b026-11f1-940d-eeee0a931608.capm-service-db-deployer#flowable-async-job-executor-thread-1667#
[PollExecuteTaskStatusExecution] 070d8486-d915-4207-813d-4e7e9b8a0d10 [2026-09-14T10:25:15.732946] Precompiling "src/gen/data/raven.hr-Employees.csv"... ok (0s 3ms) (STDOUT, APP/TASK/deploy)#
#2026 09 14 10:25:33.529#Z#DEBUG#16b25dd8-b026-11f1-940d-eeee0a931608.capm-service-db-deployer#flowable-async-job-executor-thread-1667#
[PollExecuteTaskStatusExecution] 070d8486-d915-4207-813d-4e7e9b8a0d10 [2026-09-14T10:25:15.732950] Precompiling "src/gen/data/raven.hr-LeaveRequests.csv"... (STDOUT, APP/TASK/deploy)#
#2026 09 14 10:25:33.529#Z#DEBUG#16b25dd8-b026-11f1-940d-eeee0a931608.capm-service-db-deployer#flowable-async-job-executor-thread-1667#
[PollExecuteTaskStatusExecution] 070d8486-d915-4207-813d-4e7e9b8a0d10 [2026-09-14T10:25:15.732953] Precompiling "src/gen/data/raven.hr-LeaveBalances.csv"... ok (0s 1ms) (STDOUT, APP/TASK/deploy)#
#2026 09 14 10:25:33.529#Z#DEBUG#16b25dd8-b026-11f1-940d-eeee0a931608.capm-service-db-deployer#flowable-async-job-executor-thread-1667#
[PollExecuteTaskStatusExecution] 070d8486-d915-4207-813d-4e7e9b8a0d10 [2026-09-14T10:25:15.732955] Precompiling "src/gen/data/raven.hr-LeaveRequests.hdbtabledata"... (STDOUT, APP/TASK/deploy)#
#2026 09 14 10:25:33.529#Z#DEBUG#16b25dd8-b026-11f1-940d-eeee0a931608.capm-service-db-deployer#flowable-async-job-executor-thread-1667#
[PollExecuteTaskStatusExecution] 070d8486-d915-4207-813d-4e7e9b8a0d10 [2026-09-14T10:25:15.732958] Precompiling "src/gen/data/raven.hr-LeaveRequests.hdbtabledata"... ok (0s 0ms) (STDOUT, APP/TASK/deploy)#
#2026 09 14 10:25:33.529#Z#DEBUG#16b25dd8-b026-11f1-940d-eeee0a931608.capm-service-db-deployer#flowable-async-job-executor-thread-1667#
[PollExecuteTaskStatusExecution] 070d8486-d915-4207-813d-4e7e9b8a0d10 [2026-09-14T10:25:15.732961] Precompiling "src/gen/data/raven.hr-LeaveRequests.hdbtabledata$0.expand"... (STDOUT, APP/TASK/deploy)#
#2026 09 14 10:25:33.529#Z#DEBUG#16b25dd8-b026-11f1-940d-eeee0a931608.capm-service-db-deployer#flowable-async-job-executor-thread-1667#
[PollExecuteTaskStatusExecution] 070d8486-d915-4207-813d-4e7e9b8a0d10 [2026-09-14T10:25:15.732963] Expanded from "src/gen/data/raven.hr-LeaveRequests.hdbtabledata" (STDOUT, APP/TASK/deploy)#
#2026 09 14 10:25:33.529#Z#DEBUG#16b25dd8-b026-11f1-940d-eeee0a931608.capm-service-db-deployer#flowable-async-job-executor-thread-1667#
[PollExecuteTaskStatusExecution] 070d8486-d915-4207-813d-4e7e9b8a0d10 [2026-09-14T10:25:15.732966] Precompiling "src/gen/data/raven.hr-LeaveBalances.hdbtabledata$0.expand"... ok (0s 2ms) (STDOUT, APP/TASK/deploy)#
#2026 09 14 10:25:33.529#Z#DEBUG#16b25dd8-b026-11f1-940d-eeee0a931608.capm-service-db-deployer#flowable-async-job-executor-thread-1667#
[PollExecuteTaskStatusExecution] 070d8486-d915-4207-813d-4e7e9b8a0d10 [2026-09-14T10:25:15.732967] Precompiling "src/gen/data/raven.hr-LeaveTypes.csv"... (STDOUT, APP/TASK/deploy)#
#2026 09 14 10:25:33.529#Z#DEBUG#16b25dd8-b026-11f1-940d-eeee0a931608.capm-service-db-deployer#flowable-async-job-executor-thread-1667#
[PollExecuteTaskStatusExecution] 070d8486-d915-4207-813d-4e7e9b8a0d10 [2026-09-14T10:25:15.732970] Precompiling "src/gen/data/raven.hr-LeaveRequests.csv"... ok (0s 1ms) (STDOUT, APP/TASK/deploy)#
#2026 09 14 10:25:33.529#Z#DEBUG#16b25dd8-b026-11f1-940d-eeee0a931608.capm-service-db-deployer#flowable-async-job-executor-thread-1667#
[PollExecuteTaskStatusExecution] 070d8486-d915-4207-813d-4e7e9b8a0d10 [2026-09-14T10:25:15.732974] Precompiling "src/gen/data/raven.hr-LeaveTypes.hdbtabledata"... (STDOUT, APP/TASK/deploy)#
#2026 09 14 10:25:33.529#Z#DEBUG#16b25dd8-b026-11f1-940d-eeee0a931608.capm-service-db-deployer#flowable-async-job-executor-thread-1667#
[PollExecuteTaskStatusExecution] 070d8486-d915-4207-813d-4e7e9b8a0d10 [2026-09-14T10:25:15.732977] Precompiling "src/gen/data/raven.hr-LeaveTypes.hdbtabledata"... ok (0s 0ms) (STDOUT, APP/TASK/deploy)#
#2026 09 14 10:25:33.529#Z#DEBUG#16b25dd8-b026-11f1-940d-eeee0a931608.capm-service-db-deployer#flowable-async-job-executor-thread-1667#
[PollExecuteTaskStatusExecution] 070d8486-d915-4207-813d-4e7e9b8a0d10 [2026-09-14T10:25:15.732979] Precompiling "src/gen/data/raven.hr-LeaveTypes.hdbtabledata$0.expand"... (STDOUT, APP/TASK/deploy)#
#2026 09 14 10:25:33.529#Z#DEBUG#16b25dd8-b026-11f1-940d-eeee0a931608.capm-service-db-deployer#flowable-async-job-executor-thread-1667#
[PollExecuteTaskStatusExecution] 070d8486-d915-4207-813d-4e7e9b8a0d10 [2026-09-14T10:25:15.732982] Expanded from "src/gen/data/raven.hr-LeaveTypes.hdbtabledata" (STDOUT, APP/TASK/deploy)#
#2026 09 14 10:25:33.529#Z#DEBUG#16b25dd8-b026-11f1-940d-eeee0a931608.capm-service-db-deployer#flowable-async-job-executor-thread-1667#
[PollExecuteTaskStatusExecution] 070d8486-d915-4207-813d-4e7e9b8a0d10 [2026-09-14T10:25:15.732984] Precompiling "src/gen/data/raven.hr-LeaveRequests.hdbtabledata$0.expand"... ok (0s 2ms) (STDOUT, APP/TASK/deploy)#
#2026 09 14 10:25:33.529#Z#DEBUG#16b25dd8-b026-11f1-940d-eeee0a931608.capm-service-db-deployer#flowable-async-job-executor-thread-1667#
[PollExecuteTaskStatusExecution] 070d8486-d915-4207-813d-4e7e9b8a0d10 [2026-09-14T10:25:15.732986] Precompiling "src/gen/raven.hr.Departments.hdbtable"... (STDOUT, APP/TASK/deploy)#
#2026 09 14 10:25:33.529#Z#DEBUG#16b25dd8-b026-11f1-940d-eeee0a931608.capm-service-db-deployer#flowable-async-job-executor-thread-1667#
[PollExecuteTaskStatusExecution] 070d8486-d915-4207-813d-4e7e9b8a0d10 [2026-09-14T10:25:15.732989] Precompiling "src/gen/data/raven.hr-LeaveTypes.hdbtabledata$0.expand"... ok (0s 2ms) (STDOUT, APP/TASK/deploy)#
#2026 09 14 10:25:33.529#Z#DEBUG#16b25dd8-b026-11f1-940d-eeee0a931608.capm-service-db-deployer#flowable-async-job-executor-thread-1667#
[PollExecuteTaskStatusExecution] 070d8486-d915-4207-813d-4e7e9b8a0d10 [2026-09-14T10:25:15.732991] Precompiling "src/gen/raven.hr.Employees.hdbtable"... (STDOUT, APP/TASK/deploy)#
#2026 09 14 10:25:33.529#Z#DEBUG#16b25dd8-b026-11f1-940d-eeee0a931608.capm-service-db-deployer#flowable-async-job-executor-thread-1667#
[PollExecuteTaskStatusExecution] 070d8486-d915-4207-813d-4e7e9b8a0d10 [2026-09-14T10:25:15.732993] Precompiling "src/gen/data/raven.hr-LeaveTypes.csv"... ok (0s 2ms) (STDOUT, APP/TASK/deploy)#
#2026 09 14 10:25:33.529#Z#DEBUG#16b25dd8-b026-11f1-940d-eeee0a931608.capm-service-db-deployer#flowable-async-job-executor-thread-1667#
[PollExecuteTaskStatusExecution] 070d8486-d915-4207-813d-4e7e9b8a0d10 [2026-09-14T10:25:15.732996] Precompiling "src/gen/raven.hr.LeaveBalances.hdbtable"... (STDOUT, APP/TASK/deploy)#
#2026 09 14 10:25:33.529#Z#DEBUG#16b25dd8-b026-11f1-940d-eeee0a931608.capm-service-db-deployer#flowable-async-job-executor-thread-1667#
[PollExecuteTaskStatusExecution] 070d8486-d915-4207-813d-4e7e9b8a0d10 [2026-09-14T10:25:15.732999] Precompiling "src/gen/HRService.LeaveRequestOverview.hdbview"... ok (0s 10ms) (STDOUT, APP/TASK/deploy)#
#2026 09 14 10:25:33.529#Z#DEBUG#16b25dd8-b026-11f1-940d-eeee0a931608.capm-service-db-deployer#flowable-async-job-executor-thread-1667#
[PollExecuteTaskStatusExecution] 070d8486-d915-4207-813d-4e7e9b8a0d10 [2026-09-14T10:25:15.733033] Precompiling "src/gen/raven.hr.LeaveRequestAttachments.hdbtable"... (STDOUT, APP/TASK/deploy)#
#2026 09 14 10:25:33.529#Z#DEBUG#16b25dd8-b026-11f1-940d-eeee0a931608.capm-service-db-deployer#flowable-async-job-executor-thread-1667#
[PollExecuteTaskStatusExecution] 070d8486-d915-4207-813d-4e7e9b8a0d10 [2026-09-14T10:25:15.733035] Precompiling "src/gen/raven.hr.Employees.hdbtable"... ok (0s 9ms) (STDOUT, APP/TASK/deploy)#
#2026 09 14 10:25:33.529#Z#DEBUG#16b25dd8-b026-11f1-940d-eeee0a931608.capm-service-db-deployer#flowable-async-job-executor-thread-1667#
[PollExecuteTaskStatusExecution] 070d8486-d915-4207-813d-4e7e9b8a0d10 [2026-09-14T10:25:15.733041] Precompiling "src/gen/raven.hr.LeaveRequestOverview.hdbview"... (STDOUT, APP/TASK/deploy)#
#2026 09 14 10:25:33.529#Z#DEBUG#16b25dd8-b026-11f1-940d-eeee0a931608.capm-service-db-deployer#flowable-async-job-executor-thread-1667#
[PollExecuteTaskStatusExecution] 070d8486-d915-4207-813d-4e7e9b8a0d10 [2026-09-14T10:25:15.733044] Precompiling "src/gen/raven.hr.Departments.hdbtable"... ok (0s 9ms) (STDOUT, APP/TASK/deploy)#
#2026 09 14 10:25:33.529#Z#DEBUG#16b25dd8-b026-11f1-940d-eeee0a931608.capm-service-db-deployer#flowable-async-job-executor-thread-1667#
[PollExecuteTaskStatusExecution] 070d8486-d915-4207-813d-4e7e9b8a0d10 [2026-09-14T10:25:15.733049] Precompiling "src/gen/raven.hr.LeaveRequests.hdbtable"... (STDOUT, APP/TASK/deploy)#
#2026 09 14 10:25:33.529#Z#DEBUG#16b25dd8-b026-11f1-940d-eeee0a931608.capm-service-db-deployer#flowable-async-job-executor-thread-1667#
[PollExecuteTaskStatusExecution] 070d8486-d915-4207-813d-4e7e9b8a0d10 [2026-09-14T10:25:15.733058] Precompiling "src/gen/raven.hr.LeaveBalances.hdbtable"... ok (0s 10ms) (STDOUT, APP/TASK/deploy)#
#2026 09 14 10:25:33.529#Z#DEBUG#16b25dd8-b026-11f1-940d-eeee0a931608.capm-service-db-deployer#flowable-async-job-executor-thread-1667#
[PollExecuteTaskStatusExecution] 070d8486-d915-4207-813d-4e7e9b8a0d10 [2026-09-14T10:25:15.733062] Precompiling "src/gen/raven.hr.LeaveTypes.hdbtable"... (STDOUT, APP/TASK/deploy)#
#2026 09 14 10:25:33.529#Z#DEBUG#16b25dd8-b026-11f1-940d-eeee0a931608.capm-service-db-deployer#flowable-async-job-executor-thread-1667#
[PollExecuteTaskStatusExecution] 070d8486-d915-4207-813d-4e7e9b8a0d10 [2026-09-14T10:25:15.733065] Precompiling "src/gen/raven.hr.LeaveRequestAttachments.hdbtable"... ok (0s 9ms) (STDOUT, APP/TASK/deploy)#
#2026 09 14 10:25:33.529#Z#DEBUG#16b25dd8-b026-11f1-940d-eeee0a931608.capm-service-db-deployer#flowable-async-job-executor-thread-1667#
[PollExecuteTaskStatusExecution] 070d8486-d915-4207-813d-4e7e9b8a0d10 [2026-09-14T10:25:15.733069] Precompiling "src/leaveRequestNumber.hdbsequence"... (STDOUT, APP/TASK/deploy)#
#2026 09 14 10:25:33.529#Z#DEBUG#16b25dd8-b026-11f1-940d-eeee0a931608.capm-service-db-deployer#flowable-async-job-executor-thread-1667#
[PollExecuteTaskStatusExecution] 070d8486-d915-4207-813d-4e7e9b8a0d10 [2026-09-14T10:25:15.733071] at "src/leaveRequestNumber.hdbsequence" (1:7) (STDOUT, APP/TASK/deploy)#
#2026 09 14 10:25:33.529#Z#DEBUG#16b25dd8-b026-11f1-940d-eeee0a931608.capm-service-db-deployer#flowable-async-job-executor-thread-1667#
[PollExecuteTaskStatusExecution] 070d8486-d915-4207-813d-4e7e9b8a0d10 [2026-09-14T10:25:15.733074] Precompiling "src/recalcLeaveBalance.hdbprocedure"... (STDOUT, APP/TASK/deploy)#
#2026 09 14 10:25:33.529#Z#DEBUG#16b25dd8-b026-11f1-940d-eeee0a931608.capm-service-db-deployer#flowable-async-job-executor-thread-1667#
[PollExecuteTaskStatusExecution] 070d8486-d915-4207-813d-4e7e9b8a0d10 [2026-09-14T10:25:15.733077] Precompiling "src/gen/raven.hr.LeaveRequests.hdbtable"... ok (0s 9ms) (STDOUT, APP/TASK/deploy)#
#2026 09 14 10:25:33.529#Z#DEBUG#16b25dd8-b026-11f1-940d-eeee0a931608.capm-service-db-deployer#flowable-async-job-executor-thread-1667#
[PollExecuteTaskStatusExecution] 070d8486-d915-4207-813d-4e7e9b8a0d10 [2026-09-14T10:25:15.733081] Precompiling "src/gen/raven.hr.LeaveTypes.hdbtable"... ok (0s 8ms) (STDOUT, APP/TASK/deploy)#
#2026 09 14 10:25:33.529#Z#DEBUG#16b25dd8-b026-11f1-940d-eeee0a931608.capm-service-db-deployer#flowable-async-job-executor-thread-1667#
[PollExecuteTaskStatusExecution] 070d8486-d915-4207-813d-4e7e9b8a0d10 [2026-09-14T10:25:15.733084] Precompiling "src/gen/raven.hr.LeaveRequestOverview.hdbview"... ok (0s 9ms) (STDOUT, APP/TASK/deploy)#
#2026 09 14 10:25:33.529#Z#DEBUG#16b25dd8-b026-11f1-940d-eeee0a931608.capm-service-db-deployer#flowable-async-job-executor-thread-1667#
[PollExecuteTaskStatusExecution] 070d8486-d915-4207-813d-4e7e9b8a0d10 [2026-09-14T10:25:15.733090] Precompiling "src/recalcLeaveBalance.hdbprocedure"... ok (0s 6ms) (STDOUT, APP/TASK/deploy)#
#2026 09 14 10:25:33.529#Z#DEBUG#16b25dd8-b026-11f1-940d-eeee0a931608.capm-service-db-deployer#flowable-async-job-executor-thread-1667#
[PollExecuteTaskStatusExecution] 070d8486-d915-4207-813d-4e7e9b8a0d10 [2026-09-14T10:25:15.733094] Make failed (5 errors, 0 warnings): tried to deploy 22 files, undeploy 0 files, redeploy 0 dependent files (STDOUT, APP/TASK/deploy)#
#2026 09 14 10:25:33.529#Z#DEBUG#16b25dd8-b026-11f1-940d-eeee0a931608.capm-service-db-deployer#flowable-async-job-executor-thread-1667#
[PollExecuteTaskStatusExecution] 070d8486-d915-4207-813d-4e7e9b8a0d10 [2026-09-14T10:25:15.733150] Deployment to container 6A5478B8D26E43D8A56BA48D201A9E69 failed - error: HDI make failed [Deployment ID: none]. (STDERR, APP/TASK/deploy)#
#2026 09 14 10:25:33.529#Z#DEBUG#16b25dd8-b026-11f1-940d-eeee0a931608.capm-service-db-deployer#flowable-async-job-executor-thread-1667#
[PollExecuteTaskStatusExecution] 070d8486-d915-4207-813d-4e7e9b8a0d10 [2026-09-14T10:25:15.734487] Deployment ended at 2026-09-14 10:25:15 (STDOUT, APP/TASK/deploy)#
#2026 09 14 10:25:33.529#Z#DEBUG#16b25dd8-b026-11f1-940d-eeee0a931608.capm-service-db-deployer#flowable-async-job-executor-thread-1667#
[PollExecuteTaskStatusExecution] 070d8486-d915-4207-813d-4e7e9b8a0d10 [2026-09-14T10:25:15.734613] Error: HDI make failed (STDERR, APP/TASK/deploy)#
#2026 09 14 10:25:33.529#Z#DEBUG#16b25dd8-b026-11f1-940d-eeee0a931608.capm-service-db-deployer#flowable-async-job-executor-thread-1667#
[PollExecuteTaskStatusExecution] 070d8486-d915-4207-813d-4e7e9b8a0d10 [2026-09-14T10:25:15.736691] (2s 345ms) (STDOUT, APP/TASK/deploy)#
#2026 09 14 10:25:33.529#Z#DEBUG#16b25dd8-b026-11f1-940d-eeee0a931608.capm-service-db-deployer#flowable-async-job-executor-thread-1667#
[PollExecuteTaskStatusExecution] 070d8486-d915-4207-813d-4e7e9b8a0d10 [2026-09-14T10:25:15.760120] npm notice (STDERR, APP/TASK/deploy)#
#2026 09 14 10:25:33.529#Z#DEBUG#16b25dd8-b026-11f1-940d-eeee0a931608.capm-service-db-deployer#flowable-async-job-executor-thread-1667#
[PollExecuteTaskStatusExecution] 070d8486-d915-4207-813d-4e7e9b8a0d10 [2026-09-14T10:25:15.760159] npm notice New major version of npm available! 11.16.0 -> 12.0.2 (STDERR, APP/TASK/deploy)#
#2026 09 14 10:25:33.529#Z#DEBUG#16b25dd8-b026-11f1-940d-eeee0a931608.capm-service-db-deployer#flowable-async-job-executor-thread-1667#
[PollExecuteTaskStatusExecution] 070d8486-d915-4207-813d-4e7e9b8a0d10 [2026-09-14T10:25:15.760163] npm notice Changelog: https://github.com/npm/cli/releases/tag/v12.0.2 (STDERR, APP/TASK/deploy)#
#2026 09 14 10:25:33.529#Z#DEBUG#16b25dd8-b026-11f1-940d-eeee0a931608.capm-service-db-deployer#flowable-async-job-executor-thread-1667#
[PollExecuteTaskStatusExecution] 070d8486-d915-4207-813d-4e7e9b8a0d10 [2026-09-14T10:25:15.760166] npm notice To update run: npm install -g npm@12.0.2 (STDERR, APP/TASK/deploy)#
#2026 09 14 10:25:33.529#Z#DEBUG#16b25dd8-b026-11f1-940d-eeee0a931608.capm-service-db-deployer#flowable-async-job-executor-thread-1667#
[PollExecuteTaskStatusExecution] 070d8486-d915-4207-813d-4e7e9b8a0d10 [2026-09-14T10:25:15.760169] npm notice (STDERR, APP/TASK/deploy)#
#2026 09 14 10:25:33.529#Z#DEBUG#16b25dd8-b026-11f1-940d-eeee0a931608.capm-service-db-deployer#flowable-async-job-executor-thread-1667#
[PollExecuteTaskStatusExecution] 070d8486-d915-4207-813d-4e7e9b8a0d10 [2026-09-14T10:25:15.842468] Exit status 1 (STDOUT, APP/TASK/deploy)#
#2026 09 14 10:25:33.529#Z#DEBUG#16b25dd8-b026-11f1-940d-eeee0a931608.capm-service-db-deployer#flowable-async-job-executor-thread-1667#
[PollExecuteTaskStatusExecution] 070d8486-d915-4207-813d-4e7e9b8a0d10 [2026-09-14T10:25:17.453856] Cell 684caff8-89cd-492b-be01-b3d0835f1763 stopping instance 19030823-c385-493d-bda7-42ae75fb57bf (STDOUT, CELL)#
#2026 09 14 10:25:33.529#Z#DEBUG#16b25dd8-b026-11f1-940d-eeee0a931608.capm-service-db-deployer#flowable-async-job-executor-thread-1667#
[PollExecuteTaskStatusExecution] 070d8486-d915-4207-813d-4e7e9b8a0d10 [2026-09-14T10:25:17.453899] Cell 684caff8-89cd-492b-be01-b3d0835f1763 destroying container for instance 19030823-c385-493d-bda7-42ae75fb57bf (STDOUT, CELL)#
#2026 09 14 10:25:33.529#Z#DEBUG#16b25dd8-b026-11f1-940d-eeee0a931608.capm-service-db-deployer#flowable-async-job-executor-thread-1667#
[PollExecuteTaskStatusExecution] 070d8486-d915-4207-813d-4e7e9b8a0d10 [2026-09-14T10:25:20.466412] Cell 684caff8-89cd-492b-be01-b3d0835f1763 successfully destroyed container for instance 19030823-c385-493d-bda7-42ae75fb57bf (STDOUT, CELL)#
#2026 09 14 10:25:33.529#Z#DEBUG#16b25dd8-b026-11f1-940d-eeee0a931608.capm-service-db-deployer#flowable-async-job-executor-thread-1667#
[PollExecuteTaskStatusExecution] 070d8486-d915-4207-813d-4e7e9b8a0d10 [2026-09-14T10:25:24.641994] Cell 684caff8-89cd-492b-be01-b3d0835f1763 creating container for instance f8c023bd-0d7e-4424-bd86-e6d863438f23 (STDOUT, CELL)#
#2026 09 14 10:25:33.529#Z#DEBUG#16b25dd8-b026-11f1-940d-eeee0a931608.capm-service-db-deployer#flowable-async-job-executor-thread-1667#
[PollExecuteTaskStatusExecution] 070d8486-d915-4207-813d-4e7e9b8a0d10 [2026-09-14T10:25:25.438235] Security group rules were updated (STDOUT, CELL)#
#2026 09 14 10:25:33.529#Z#DEBUG#16b25dd8-b026-11f1-940d-eeee0a931608.capm-service-db-deployer#flowable-async-job-executor-thread-1667#
[PollExecuteTaskStatusExecution] 070d8486-d915-4207-813d-4e7e9b8a0d10 [2026-09-14T10:25:25.548030] Cell 684caff8-89cd-492b-be01-b3d0835f1763 successfully created container for instance f8c023bd-0d7e-4424-bd86-e6d863438f23 (STDOUT, CELL)#
#2026 09 14 10:25:33.529#Z#DEBUG#16b25dd8-b026-11f1-940d-eeee0a931608.capm-service-db-deployer#flowable-async-job-executor-thread-1667#
[PollExecuteTaskStatusExecution] 070d8486-d915-4207-813d-4e7e9b8a0d10 [2026-09-14T10:25:30.699245] Invoking pre-start scripts. (STDOUT, APP/TASK/deploy)#
#2026 09 14 10:25:33.529#Z#DEBUG#16b25dd8-b026-11f1-940d-eeee0a931608.capm-service-db-deployer#flowable-async-job-executor-thread-1667#
[PollExecuteTaskStatusExecution] 070d8486-d915-4207-813d-4e7e9b8a0d10 [2026-09-14T10:25:30.938747] Invoking start command. (STDOUT, APP/TASK/deploy)#
#2026 09 14 10:25:33.529#Z#DEBUG#16b25dd8-b026-11f1-940d-eeee0a931608.capm-service-db-deployer#flowable-async-job-executor-thread-1667#
[PollExecuteTaskStatusExecution] 070d8486-d915-4207-813d-4e7e9b8a0d10 [2026-09-14T10:25:31.515798] > start (STDOUT, APP/TASK/deploy)#
#2026 09 14 10:25:33.529#Z#DEBUG#16b25dd8-b026-11f1-940d-eeee0a931608.capm-service-db-deployer#flowable-async-job-executor-thread-1667#
[PollExecuteTaskStatusExecution] 070d8486-d915-4207-813d-4e7e9b8a0d10 [2026-09-14T10:25:31.515837] > node node_modules/@sap/hdi-deploy/deploy.js --use-hdb --parameter com.sap.hana.di.table/try_fast_table_migration=true (STDOUT, APP/TASK/deploy)#
#2026 09 14 10:25:33.529#Z#DEBUG#16b25dd8-b026-11f1-940d-eeee0a931608.capm-service-db-deployer#flowable-async-job-executor-thread-1667#
[PollExecuteTaskStatusExecution] 070d8486-d915-4207-813d-4e7e9b8a0d10 [2026-09-14T10:25:31.719781] VCAP_SERVICES: (STDOUT, APP/TASK/deploy)#
#2026 09 14 10:25:33.529#Z#DEBUG#16b25dd8-b026-11f1-940d-eeee0a931608.capm-service-db-deployer#flowable-async-job-executor-thread-1667#
[PollExecuteTaskStatusExecution] 070d8486-d915-4207-813d-4e7e9b8a0d10 [2026-09-14T10:25:31.720622] { (STDOUT, APP/TASK/deploy)#
#2026 09 14 10:25:33.529#Z#DEBUG#16b25dd8-b026-11f1-940d-eeee0a931608.capm-service-db-deployer#flowable-async-job-executor-thread-1667#
[PollExecuteTaskStatusExecution] 070d8486-d915-4207-813d-4e7e9b8a0d10 [2026-09-14T10:25:31.720649] "hana": [ (STDOUT, APP/TASK/deploy)#
#2026 09 14 10:25:33.529#Z#DEBUG#16b25dd8-b026-11f1-940d-eeee0a931608.capm-service-db-deployer#flowable-async-job-executor-thread-1667#
[PollExecuteTaskStatusExecution] 070d8486-d915-4207-813d-4e7e9b8a0d10 [2026-09-14T10:25:31.720653] { (STDOUT, APP/TASK/deploy)#
#2026 09 14 10:25:33.529#Z#DEBUG#16b25dd8-b026-11f1-940d-eeee0a931608.capm-service-db-deployer#flowable-async-job-executor-thread-1667#
[PollExecuteTaskStatusExecution] 070d8486-d915-4207-813d-4e7e9b8a0d10 [2026-09-14T10:25:31.720657] "name": "capm-service-db", (STDOUT, APP/TASK/deploy)#
#2026 09 14 10:25:33.529#Z#DEBUG#16b25dd8-b026-11f1-940d-eeee0a931608.capm-service-db-deployer#flowable-async-job-executor-thread-1667#
[PollExecuteTaskStatusExecution] 070d8486-d915-4207-813d-4e7e9b8a0d10 [2026-09-14T10:25:31.720661] "label": "hana", (STDOUT, APP/TASK/deploy)#
#2026 09 14 10:25:33.529#Z#DEBUG#16b25dd8-b026-11f1-940d-eeee0a931608.capm-service-db-deployer#flowable-async-job-executor-thread-1667#
[PollExecuteTaskStatusExecution] 070d8486-d915-4207-813d-4e7e9b8a0d10 [2026-09-14T10:25:31.720663] "plan": "hdi-shared", (STDOUT, APP/TASK/deploy)#
#2026 09 14 10:25:33.529#Z#DEBUG#16b25dd8-b026-11f1-940d-eeee0a931608.capm-service-db-deployer#flowable-async-job-executor-thread-1667#
[PollExecuteTaskStatusExecution] 070d8486-d915-4207-813d-4e7e9b8a0d10 [2026-09-14T10:25:31.720666] "credentials": { (STDOUT, APP/TASK/deploy)#
#2026 09 14 10:25:33.529#Z#DEBUG#16b25dd8-b026-11f1-940d-eeee0a931608.capm-service-db-deployer#flowable-async-job-executor-thread-1667#
[PollExecuteTaskStatusExecution] 070d8486-d915-4207-813d-4e7e9b8a0d10 [2026-09-14T10:25:31.720669] "schema": "6A5478B8D26E43D8A56BA48D201A9E69", (STDOUT, APP/TASK/deploy)#
#2026 09 14 10:25:33.529#Z#DEBUG#16b25dd8-b026-11f1-940d-eeee0a931608.capm-service-db-deployer#flowable-async-job-executor-thread-1667#
[PollExecuteTaskStatusExecution] 070d8486-d915-4207-813d-4e7e9b8a0d10 [2026-09-14T10:25:31.720673] "database_id": "221ad0bc-2da6-46e8-8162-1eebb6fdd039", (STDOUT, APP/TASK/deploy)#
#2026 09 14 10:25:33.529#Z#DEBUG#16b25dd8-b026-11f1-940d-eeee0a931608.capm-service-db-deployer#flowable-async-job-executor-thread-1667#
[PollExecuteTaskStatusExecution] 070d8486-d915-4207-813d-4e7e9b8a0d10 [2026-09-14T10:25:31.720676] "user": "6A5478B8D26E43D8A56BA48D201A9E69_0A5QTHQO93V752I1NIUZEL1CU_RT", (STDOUT, APP/TASK/deploy)#
#2026 09 14 10:25:33.529#Z#DEBUG#16b25dd8-b026-11f1-940d-eeee0a931608.capm-service-db-deployer#flowable-async-job-executor-thread-1667#
[PollExecuteTaskStatusExecution] 070d8486-d915-4207-813d-4e7e9b8a0d10 [2026-09-14T10:25:31.720680] "hdi_user": "6A5478B8D26E43D8A56BA48D201A9E69_0A5QTHQO93V752I1NIUZEL1CU_DT" (STDOUT, APP/TASK/deploy)#
#2026 09 14 10:25:33.529#Z#DEBUG#16b25dd8-b026-11f1-940d-eeee0a931608.capm-service-db-deployer#flowable-async-job-executor-thread-1667#
[PollExecuteTaskStatusExecution] 070d8486-d915-4207-813d-4e7e9b8a0d10 [2026-09-14T10:25:31.720682] }, (STDOUT, APP/TASK/deploy)#
#2026 09 14 10:25:33.529#Z#DEBUG#16b25dd8-b026-11f1-940d-eeee0a931608.capm-service-db-deployer#flowable-async-job-executor-thread-1667#
[PollExecuteTaskStatusExecution] 070d8486-d915-4207-813d-4e7e9b8a0d10 [2026-09-14T10:25:31.720685] "tags": [ (STDOUT, APP/TASK/deploy)#
#2026 09 14 10:25:33.529#Z#DEBUG#16b25dd8-b026-11f1-940d-eeee0a931608.capm-service-db-deployer#flowable-async-job-executor-thread-1667#
[PollExecuteTaskStatusExecution] 070d8486-d915-4207-813d-4e7e9b8a0d10 [2026-09-14T10:25:31.720687] "hana", (STDOUT, APP/TASK/deploy)#
#2026 09 14 10:25:33.529#Z#DEBUG#16b25dd8-b026-11f1-940d-eeee0a931608.capm-service-db-deployer#flowable-async-job-executor-thread-1667#
[PollExecuteTaskStatusExecution] 070d8486-d915-4207-813d-4e7e9b8a0d10 [2026-09-14T10:25:31.720690] "database", (STDOUT, APP/TASK/deploy)#
#2026 09 14 10:25:33.529#Z#DEBUG#16b25dd8-b026-11f1-940d-eeee0a931608.capm-service-db-deployer#flowable-async-job-executor-thread-1667#
[PollExecuteTaskStatusExecution] 070d8486-d915-4207-813d-4e7e9b8a0d10 [2026-09-14T10:25:31.720694] "relational" (STDOUT, APP/TASK/deploy)#
#2026 09 14 10:25:33.529#Z#DEBUG#16b25dd8-b026-11f1-940d-eeee0a931608.capm-service-db-deployer#flowable-async-job-executor-thread-1667#
[PollExecuteTaskStatusExecution] 070d8486-d915-4207-813d-4e7e9b8a0d10 [2026-09-14T10:25:31.720696] ] (STDOUT, APP/TASK/deploy)#
#2026 09 14 10:25:33.529#Z#DEBUG#16b25dd8-b026-11f1-940d-eeee0a931608.capm-service-db-deployer#flowable-async-job-executor-thread-1667#
[PollExecuteTaskStatusExecution] 070d8486-d915-4207-813d-4e7e9b8a0d10 [2026-09-14T10:25:31.720698] } (STDOUT, APP/TASK/deploy)#
#2026 09 14 10:25:33.529#Z#DEBUG#16b25dd8-b026-11f1-940d-eeee0a931608.capm-service-db-deployer#flowable-async-job-executor-thread-1667#
[PollExecuteTaskStatusExecution] 070d8486-d915-4207-813d-4e7e9b8a0d10 [2026-09-14T10:25:31.720723] ] (STDOUT, APP/TASK/deploy)#
#2026 09 14 10:25:33.529#Z#DEBUG#16b25dd8-b026-11f1-940d-eeee0a931608.capm-service-db-deployer#flowable-async-job-executor-thread-1667#
[PollExecuteTaskStatusExecution] 070d8486-d915-4207-813d-4e7e9b8a0d10 [2026-09-14T10:25:31.720732] } (STDOUT, APP/TASK/deploy)#
#2026 09 14 10:25:33.529#Z#DEBUG#16b25dd8-b026-11f1-940d-eeee0a931608.capm-service-db-deployer#flowable-async-job-executor-thread-1667#
[PollExecuteTaskStatusExecution] 070d8486-d915-4207-813d-4e7e9b8a0d10 [2026-09-14T10:25:32.246492] @sap/hdi-deploy, version 5.7.0 (mode default), server version 4.00.000.00.1787043349 (4.0.0.0), cloud version 2026.14.16, node version 24.18.0, HDI version 1016, container API version 1007 (STDOUT, APP/TASK/deploy)#
#2026 09 14 10:25:33.529#Z#DEBUG#16b25dd8-b026-11f1-940d-eeee0a931608.capm-service-db-deployer#flowable-async-job-executor-thread-1667#
[PollExecuteTaskStatusExecution] 070d8486-d915-4207-813d-4e7e9b8a0d10 [2026-09-14T10:25:32.246648] Deployment started at 2026-09-14 10:25:32 (STDOUT, APP/TASK/deploy)#
#2026 09 14 10:25:33.529#Z#DEBUG#16b25dd8-b026-11f1-940d-eeee0a931608.capm-service-db-deployer#flowable-async-job-executor-thread-1667#
[PollExecuteTaskStatusExecution] 070d8486-d915-4207-813d-4e7e9b8a0d10 [2026-09-14T10:25:32.247019] Using hdb@2.29.6 for connection (STDOUT, APP/TASK/deploy)#
#2026 09 14 10:25:33.529#Z#DEBUG#16b25dd8-b026-11f1-940d-eeee0a931608.capm-service-db-deployer#flowable-async-job-executor-thread-1667#
[PollExecuteTaskStatusExecution] 070d8486-d915-4207-813d-4e7e9b8a0d10 [2026-09-14T10:25:32.270122] No ignore file at /home/vcap/app/.hdiignore. (STDOUT, APP/TASK/deploy)#
#2026 09 14 10:25:33.529#Z#DEBUG#16b25dd8-b026-11f1-940d-eeee0a931608.capm-service-db-deployer#flowable-async-job-executor-thread-1667#
[PollExecuteTaskStatusExecution] 070d8486-d915-4207-813d-4e7e9b8a0d10 [2026-09-14T10:25:32.270589] Collecting files... (STDOUT, APP/TASK/deploy)#
#2026 09 14 10:25:33.529#Z#DEBUG#16b25dd8-b026-11f1-940d-eeee0a931608.capm-service-db-deployer#flowable-async-job-executor-thread-1667#
[PollExecuteTaskStatusExecution] 070d8486-d915-4207-813d-4e7e9b8a0d10 [2026-09-14T10:25:32.276630] Collecting files... ok (0s 6ms) (STDOUT, APP/TASK/deploy)#
#2026 09 14 10:25:33.529#Z#DEBUG#16b25dd8-b026-11f1-940d-eeee0a931608.capm-service-db-deployer#flowable-async-job-executor-thread-1667#
[PollExecuteTaskStatusExecution] 070d8486-d915-4207-813d-4e7e9b8a0d10 [2026-09-14T10:25:32.276821] 3 directories collected (STDOUT, APP/TASK/deploy)#
#2026 09 14 10:25:33.529#Z#DEBUG#16b25dd8-b026-11f1-940d-eeee0a931608.capm-service-db-deployer#flowable-async-job-executor-thread-1667#
[PollExecuteTaskStatusExecution] 070d8486-d915-4207-813d-4e7e9b8a0d10 [2026-09-14T10:25:32.276894] 30 files collected (STDOUT, APP/TASK/deploy)#
#2026 09 14 10:25:33.529#Z#DEBUG#16b25dd8-b026-11f1-940d-eeee0a931608.capm-service-db-deployer#flowable-async-job-executor-thread-1667#
[PollExecuteTaskStatusExecution] 070d8486-d915-4207-813d-4e7e9b8a0d10 [2026-09-14T10:25:32.276930] 0 reusable modules collected (STDOUT, APP/TASK/deploy)#
#2026 09 14 10:25:33.529#Z#DEBUG#16b25dd8-b026-11f1-940d-eeee0a931608.capm-service-db-deployer#flowable-async-job-executor-thread-1667#
[PollExecuteTaskStatusExecution] 070d8486-d915-4207-813d-4e7e9b8a0d10 [2026-09-14T10:25:32.276965] Target service: capm-service-db (STDOUT, APP/TASK/deploy)#
#2026 09 14 10:25:33.529#Z#DEBUG#16b25dd8-b026-11f1-940d-eeee0a931608.capm-service-db-deployer#flowable-async-job-executor-thread-1667#
[PollExecuteTaskStatusExecution] 070d8486-d915-4207-813d-4e7e9b8a0d10 [2026-09-14T10:25:32.534096] Previous build with request ID 463 finished at 2026-09-14T10:25:15.678 with status Canceled and message: Make failed (5 errors, 0 warnings): tried to deploy 22 files, undeploy 0 files, redeploy 0 dependent files. (STDOUT, APP/TASK/deploy)#
#2026 09 14 10:25:33.529#Z#DEBUG#16b25dd8-b026-11f1-940d-eeee0a931608.capm-service-db-deployer#flowable-async-job-executor-thread-1667#
[PollExecuteTaskStatusExecution] 070d8486-d915-4207-813d-4e7e9b8a0d10 [2026-09-14T10:25:32.534247] Processing revoke files... (STDOUT, APP/TASK/deploy)#
#2026 09 14 10:25:33.529#Z#DEBUG#16b25dd8-b026-11f1-940d-eeee0a931608.capm-service-db-deployer#flowable-async-job-executor-thread-1667#
[PollExecuteTaskStatusExecution] 070d8486-d915-4207-813d-4e7e9b8a0d10 [2026-09-14T10:25:32.534491] Processing revoke files... ok (0s 0ms) (STDOUT, APP/TASK/deploy)#
#2026 09 14 10:25:33.529#Z#DEBUG#16b25dd8-b026-11f1-940d-eeee0a931608.capm-service-db-deployer#flowable-async-job-executor-thread-1667#
[PollExecuteTaskStatusExecution] 070d8486-d915-4207-813d-4e7e9b8a0d10 [2026-09-14T10:25:32.534754] Processing grants files... (STDOUT, APP/TASK/deploy)#
#2026 09 14 10:25:33.529#Z#DEBUG#16b25dd8-b026-11f1-940d-eeee0a931608.capm-service-db-deployer#flowable-async-job-executor-thread-1667#
[PollExecuteTaskStatusExecution] 070d8486-d915-4207-813d-4e7e9b8a0d10 [2026-09-14T10:25:32.534921] Processing grants files... ok (0s 0ms) (STDOUT, APP/TASK/deploy)#
#2026 09 14 10:25:33.529#Z#DEBUG#16b25dd8-b026-11f1-940d-eeee0a931608.capm-service-db-deployer#flowable-async-job-executor-thread-1667#
[PollExecuteTaskStatusExecution] 070d8486-d915-4207-813d-4e7e9b8a0d10 [2026-09-14T10:25:32.538589] Preprocessing files... (STDOUT, APP/TASK/deploy)#
#2026 09 14 10:25:33.529#Z#DEBUG#16b25dd8-b026-11f1-940d-eeee0a931608.capm-service-db-deployer#flowable-async-job-executor-thread-1667#
[PollExecuteTaskStatusExecution] 070d8486-d915-4207-813d-4e7e9b8a0d10 [2026-09-14T10:25:32.539209] Preprocessing files... ok (0s 1ms) (STDOUT, APP/TASK/deploy)#
#2026 09 14 10:25:33.529#Z#DEBUG#16b25dd8-b026-11f1-940d-eeee0a931608.capm-service-db-deployer#flowable-async-job-executor-thread-1667#
[PollExecuteTaskStatusExecution] 070d8486-d915-4207-813d-4e7e9b8a0d10 [2026-09-14T10:25:32.539407] Connecting to the container "6A5478B8D26E43D8A56BA48D201A9E69"... (STDOUT, APP/TASK/deploy)#
#2026 09 14 10:25:33.529#Z#DEBUG#16b25dd8-b026-11f1-940d-eeee0a931608.capm-service-db-deployer#flowable-async-job-executor-thread-1667#
[PollExecuteTaskStatusExecution] 070d8486-d915-4207-813d-4e7e9b8a0d10 [2026-09-14T10:25:32.700445] Connecting to the container "6A5478B8D26E43D8A56BA48D201A9E69"... ok (0s 161ms) (STDOUT, APP/TASK/deploy)#
#2026 09 14 10:25:33.529#Z#DEBUG#16b25dd8-b026-11f1-940d-eeee0a931608.capm-service-db-deployer#flowable-async-job-executor-thread-1667#
[PollExecuteTaskStatusExecution] 070d8486-d915-4207-813d-4e7e9b8a0d10 [2026-09-14T10:25:32.700481] Locking the container "6A5478B8D26E43D8A56BA48D201A9E69"... (STDOUT, APP/TASK/deploy)#
#2026 09 14 10:25:33.529#Z#DEBUG#16b25dd8-b026-11f1-940d-eeee0a931608.capm-service-db-deployer#flowable-async-job-executor-thread-1667#
[PollExecuteTaskStatusExecution] 070d8486-d915-4207-813d-4e7e9b8a0d10 [2026-09-14T10:25:32.847570] Locking the container "6A5478B8D26E43D8A56BA48D201A9E69"... ok (0s 147ms) (STDOUT, APP/TASK/deploy)#
#2026 09 14 10:25:33.529#Z#DEBUG#16b25dd8-b026-11f1-940d-eeee0a931608.capm-service-db-deployer#flowable-async-job-executor-thread-1667#
[PollExecuteTaskStatusExecution] 070d8486-d915-4207-813d-4e7e9b8a0d10 [2026-09-14T10:25:32.847640] Synchronizing files with the container "6A5478B8D26E43D8A56BA48D201A9E69"... (STDOUT, APP/TASK/deploy)#
#2026 09 14 10:25:43.562#Z#DEBUG#16b25dd8-b026-11f1-940d-eeee0a931608.capm-service-db-deployer#flowable-async-job-executor-thread-1674#
[PollExecuteTaskStatusExecution] 070d8486-d915-4207-813d-4e7e9b8a0d10 [2026-09-14T10:25:33.241368] Deleting files... (STDOUT, APP/TASK/deploy)#
#2026 09 14 10:25:43.562#Z#DEBUG#16b25dd8-b026-11f1-940d-eeee0a931608.capm-service-db-deployer#flowable-async-job-executor-thread-1674#
[PollExecuteTaskStatusExecution] 070d8486-d915-4207-813d-4e7e9b8a0d10 [2026-09-14T10:25:33.453998] Deleting files... ok (STDOUT, APP/TASK/deploy)#
#2026 09 14 10:25:43.562#Z#DEBUG#16b25dd8-b026-11f1-940d-eeee0a931608.capm-service-db-deployer#flowable-async-job-executor-thread-1674#
[PollExecuteTaskStatusExecution] 070d8486-d915-4207-813d-4e7e9b8a0d10 [2026-09-14T10:25:33.454056] Writing files... (STDOUT, APP/TASK/deploy)#
#2026 09 14 10:25:43.562#Z#DEBUG#16b25dd8-b026-11f1-940d-eeee0a931608.capm-service-db-deployer#flowable-async-job-executor-thread-1674#
[PollExecuteTaskStatusExecution] 070d8486-d915-4207-813d-4e7e9b8a0d10 [2026-09-14T10:25:33.454303] Writing 25 items (STDOUT, APP/TASK/deploy)#
#2026 09 14 10:25:43.562#Z#DEBUG#16b25dd8-b026-11f1-940d-eeee0a931608.capm-service-db-deployer#flowable-async-job-executor-thread-1674#
[PollExecuteTaskStatusExecution] 070d8486-d915-4207-813d-4e7e9b8a0d10 [2026-09-14T10:25:33.948767] Writing files... ok (STDOUT, APP/TASK/deploy)#
#2026 09 14 10:25:43.562#Z#DEBUG#16b25dd8-b026-11f1-940d-eeee0a931608.capm-service-db-deployer#flowable-async-job-executor-thread-1674#
[PollExecuteTaskStatusExecution] 070d8486-d915-4207-813d-4e7e9b8a0d10 [2026-09-14T10:25:33.948804] Synchronizing files with the container "6A5478B8D26E43D8A56BA48D201A9E69"... ok (1s 101ms) (STDOUT, APP/TASK/deploy)#
#2026 09 14 10:25:43.562#Z#DEBUG#16b25dd8-b026-11f1-940d-eeee0a931608.capm-service-db-deployer#flowable-async-job-executor-thread-1674#
[PollExecuteTaskStatusExecution] 070d8486-d915-4207-813d-4e7e9b8a0d10 [2026-09-14T10:25:33.949328] added files: [ (STDOUT, APP/TASK/deploy)#
#2026 09 14 10:25:43.562#Z#DEBUG#16b25dd8-b026-11f1-940d-eeee0a931608.capm-service-db-deployer#flowable-async-job-executor-thread-1674#
[PollExecuteTaskStatusExecution] 070d8486-d915-4207-813d-4e7e9b8a0d10 [2026-09-14T10:25:33.949350] "src/gen/data/raven.hr-Departments.csv", (STDOUT, APP/TASK/deploy)#
#2026 09 14 10:25:43.562#Z#DEBUG#16b25dd8-b026-11f1-940d-eeee0a931608.capm-service-db-deployer#flowable-async-job-executor-thread-1674#
[PollExecuteTaskStatusExecution] 070d8486-d915-4207-813d-4e7e9b8a0d10 [2026-09-14T10:25:33.949355] "src/gen/data/raven.hr-Departments.hdbtabledata", (STDOUT, APP/TASK/deploy)#
#2026 09 14 10:25:43.562#Z#DEBUG#16b25dd8-b026-11f1-940d-eeee0a931608.capm-service-db-deployer#flowable-async-job-executor-thread-1674#
[PollExecuteTaskStatusExecution] 070d8486-d915-4207-813d-4e7e9b8a0d10 [2026-09-14T10:25:33.949359] "src/gen/data/raven.hr-Employees.csv", (STDOUT, APP/TASK/deploy)#
#2026 09 14 10:25:43.562#Z#DEBUG#16b25dd8-b026-11f1-940d-eeee0a931608.capm-service-db-deployer#flowable-async-job-executor-thread-1674#
[PollExecuteTaskStatusExecution] 070d8486-d915-4207-813d-4e7e9b8a0d10 [2026-09-14T10:25:33.949361] "src/gen/data/raven.hr-Employees.hdbtabledata", (STDOUT, APP/TASK/deploy)#
#2026 09 14 10:25:43.562#Z#DEBUG#16b25dd8-b026-11f1-940d-eeee0a931608.capm-service-db-deployer#flowable-async-job-executor-thread-1674#
[PollExecuteTaskStatusExecution] 070d8486-d915-4207-813d-4e7e9b8a0d10 [2026-09-14T10:25:33.949364] "src/gen/data/raven.hr-LeaveBalances.csv", (STDOUT, APP/TASK/deploy)#
#2026 09 14 10:25:43.562#Z#DEBUG#16b25dd8-b026-11f1-940d-eeee0a931608.capm-service-db-deployer#flowable-async-job-executor-thread-1674#
[PollExecuteTaskStatusExecution] 070d8486-d915-4207-813d-4e7e9b8a0d10 [2026-09-14T10:25:33.949366] "src/gen/data/raven.hr-LeaveBalances.hdbtabledata", (STDOUT, APP/TASK/deploy)#
#2026 09 14 10:25:43.562#Z#DEBUG#16b25dd8-b026-11f1-940d-eeee0a931608.capm-service-db-deployer#flowable-async-job-executor-thread-1674#
[PollExecuteTaskStatusExecution] 070d8486-d915-4207-813d-4e7e9b8a0d10 [2026-09-14T10:25:33.949368] "src/gen/data/raven.hr-LeaveRequests.csv", (STDOUT, APP/TASK/deploy)#
#2026 09 14 10:25:43.562#Z#DEBUG#16b25dd8-b026-11f1-940d-eeee0a931608.capm-service-db-deployer#flowable-async-job-executor-thread-1674#
[PollExecuteTaskStatusExecution] 070d8486-d915-4207-813d-4e7e9b8a0d10 [2026-09-14T10:25:33.949371] "src/gen/data/raven.hr-LeaveRequests.hdbtabledata", (STDOUT, APP/TASK/deploy)#
#2026 09 14 10:25:43.562#Z#DEBUG#16b25dd8-b026-11f1-940d-eeee0a931608.capm-service-db-deployer#flowable-async-job-executor-thread-1674#
[PollExecuteTaskStatusExecution] 070d8486-d915-4207-813d-4e7e9b8a0d10 [2026-09-14T10:25:33.949373] "src/gen/data/raven.hr-LeaveTypes.csv", (STDOUT, APP/TASK/deploy)#
#2026 09 14 10:25:43.562#Z#DEBUG#16b25dd8-b026-11f1-940d-eeee0a931608.capm-service-db-deployer#flowable-async-job-executor-thread-1674#
[PollExecuteTaskStatusExecution] 070d8486-d915-4207-813d-4e7e9b8a0d10 [2026-09-14T10:25:33.949376] "src/gen/data/raven.hr-LeaveTypes.hdbtabledata" (STDOUT, APP/TASK/deploy)#
#2026 09 14 10:25:43.562#Z#DEBUG#16b25dd8-b026-11f1-940d-eeee0a931608.capm-service-db-deployer#flowable-async-job-executor-thread-1674#
[PollExecuteTaskStatusExecution] 070d8486-d915-4207-813d-4e7e9b8a0d10 [2026-09-14T10:25:33.949378] ] (STDOUT, APP/TASK/deploy)#
#2026 09 14 10:25:43.562#Z#DEBUG#16b25dd8-b026-11f1-940d-eeee0a931608.capm-service-db-deployer#flowable-async-job-executor-thread-1674#
[PollExecuteTaskStatusExecution] 070d8486-d915-4207-813d-4e7e9b8a0d10 [2026-09-14T10:25:33.949405] modified files: [ (STDOUT, APP/TASK/deploy)#
#2026 09 14 10:25:43.562#Z#DEBUG#16b25dd8-b026-11f1-940d-eeee0a931608.capm-service-db-deployer#flowable-async-job-executor-thread-1674#
[PollExecuteTaskStatusExecution] 070d8486-d915-4207-813d-4e7e9b8a0d10 [2026-09-14T10:25:33.949408] "src/.hdiconfig", (STDOUT, APP/TASK/deploy)#
#2026 09 14 10:25:43.562#Z#DEBUG#16b25dd8-b026-11f1-940d-eeee0a931608.capm-service-db-deployer#flowable-async-job-executor-thread-1674#
[PollExecuteTaskStatusExecution] 070d8486-d915-4207-813d-4e7e9b8a0d10 [2026-09-14T10:25:33.949411] "src/gen/.hdiconfig", (STDOUT, APP/TASK/deploy)#
#2026 09 14 10:25:43.562#Z#DEBUG#16b25dd8-b026-11f1-940d-eeee0a931608.capm-service-db-deployer#flowable-async-job-executor-thread-1674#
[PollExecuteTaskStatusExecution] 070d8486-d915-4207-813d-4e7e9b8a0d10 [2026-09-14T10:25:33.949413] "src/gen/HRService.LeaveRequestOverview.hdbview", (STDOUT, APP/TASK/deploy)#
#2026 09 14 10:25:43.562#Z#DEBUG#16b25dd8-b026-11f1-940d-eeee0a931608.capm-service-db-deployer#flowable-async-job-executor-thread-1674#
[PollExecuteTaskStatusExecution] 070d8486-d915-4207-813d-4e7e9b8a0d10 [2026-09-14T10:25:33.949416] "src/gen/raven.hr.Departments.hdbtable", (STDOUT, APP/TASK/deploy)#
#2026 09 14 10:25:43.562#Z#DEBUG#16b25dd8-b026-11f1-940d-eeee0a931608.capm-service-db-deployer#flowable-async-job-executor-thread-1674#
[PollExecuteTaskStatusExecution] 070d8486-d915-4207-813d-4e7e9b8a0d10 [2026-09-14T10:25:33.949418] "src/gen/raven.hr.Employees.hdbtable", (STDOUT, APP/TASK/deploy)#
#2026 09 14 10:25:43.562#Z#DEBUG#16b25dd8-b026-11f1-940d-eeee0a931608.capm-service-db-deployer#flowable-async-job-executor-thread-1674#
[PollExecuteTaskStatusExecution] 070d8486-d915-4207-813d-4e7e9b8a0d10 [2026-09-14T10:25:33.949424] "src/gen/raven.hr.LeaveBalances.hdbtable", (STDOUT, APP/TASK/deploy)#
#2026 09 14 10:25:43.562#Z#DEBUG#16b25dd8-b026-11f1-940d-eeee0a931608.capm-service-db-deployer#flowable-async-job-executor-thread-1674#
[PollExecuteTaskStatusExecution] 070d8486-d915-4207-813d-4e7e9b8a0d10 [2026-09-14T10:25:33.949427] "src/gen/raven.hr.LeaveRequestAttachments.hdbtable", (STDOUT, APP/TASK/deploy)#
#2026 09 14 10:25:43.562#Z#DEBUG#16b25dd8-b026-11f1-940d-eeee0a931608.capm-service-db-deployer#flowable-async-job-executor-thread-1674#
[PollExecuteTaskStatusExecution] 070d8486-d915-4207-813d-4e7e9b8a0d10 [2026-09-14T10:25:33.949429] "src/gen/raven.hr.LeaveRequestOverview.hdbview", (STDOUT, APP/TASK/deploy)#
#2026 09 14 10:25:43.562#Z#DEBUG#16b25dd8-b026-11f1-940d-eeee0a931608.capm-service-db-deployer#flowable-async-job-executor-thread-1674#
[PollExecuteTaskStatusExecution] 070d8486-d915-4207-813d-4e7e9b8a0d10 [2026-09-14T10:25:33.949431] "src/gen/raven.hr.LeaveRequests.hdbtable", (STDOUT, APP/TASK/deploy)#
#2026 09 14 10:25:43.562#Z#DEBUG#16b25dd8-b026-11f1-940d-eeee0a931608.capm-service-db-deployer#flowable-async-job-executor-thread-1674#
[PollExecuteTaskStatusExecution] 070d8486-d915-4207-813d-4e7e9b8a0d10 [2026-09-14T10:25:33.949434] "src/gen/raven.hr.LeaveTypes.hdbtable", (STDOUT, APP/TASK/deploy)#
#2026 09 14 10:25:43.562#Z#DEBUG#16b25dd8-b026-11f1-940d-eeee0a931608.capm-service-db-deployer#flowable-async-job-executor-thread-1674#
[PollExecuteTaskStatusExecution] 070d8486-d915-4207-813d-4e7e9b8a0d10 [2026-09-14T10:25:33.949436] "src/leaveRequestNumber.hdbsequence", (STDOUT, APP/TASK/deploy)#
#2026 09 14 10:25:43.562#Z#DEBUG#16b25dd8-b026-11f1-940d-eeee0a931608.capm-service-db-deployer#flowable-async-job-executor-thread-1674#
[PollExecuteTaskStatusExecution] 070d8486-d915-4207-813d-4e7e9b8a0d10 [2026-09-14T10:25:33.949438] "src/recalcLeaveBalance.hdbprocedure" (STDOUT, APP/TASK/deploy)#
#2026 09 14 10:25:43.562#Z#DEBUG#16b25dd8-b026-11f1-940d-eeee0a931608.capm-service-db-deployer#flowable-async-job-executor-thread-1674#
[PollExecuteTaskStatusExecution] 070d8486-d915-4207-813d-4e7e9b8a0d10 [2026-09-14T10:25:33.949454] ] (STDOUT, APP/TASK/deploy)#
#2026 09 14 10:25:43.562#Z#DEBUG#16b25dd8-b026-11f1-940d-eeee0a931608.capm-service-db-deployer#flowable-async-job-executor-thread-1674#
[PollExecuteTaskStatusExecution] 070d8486-d915-4207-813d-4e7e9b8a0d10 [2026-09-14T10:25:33.949475] deleted files: [] (STDOUT, APP/TASK/deploy)#
#2026 09 14 10:25:43.562#Z#DEBUG#16b25dd8-b026-11f1-940d-eeee0a931608.capm-service-db-deployer#flowable-async-job-executor-thread-1674#
[PollExecuteTaskStatusExecution] 070d8486-d915-4207-813d-4e7e9b8a0d10 [2026-09-14T10:25:33.949744] 22 modified or added files are scheduled for deploy based on delta detection (STDOUT, APP/TASK/deploy)#
#2026 09 14 10:25:43.562#Z#DEBUG#16b25dd8-b026-11f1-940d-eeee0a931608.capm-service-db-deployer#flowable-async-job-executor-thread-1674#
[PollExecuteTaskStatusExecution] 070d8486-d915-4207-813d-4e7e9b8a0d10 [2026-09-14T10:25:33.949999] 0 deleted files are scheduled for undeploy based on delta detection (filtered by undeploy allowlist) (STDOUT, APP/TASK/deploy)#
#2026 09 14 10:25:43.562#Z#DEBUG#16b25dd8-b026-11f1-940d-eeee0a931608.capm-service-db-deployer#flowable-async-job-executor-thread-1674#
[PollExecuteTaskStatusExecution] 070d8486-d915-4207-813d-4e7e9b8a0d10 [2026-09-14T10:25:33.950321] 0 files are scheduled for deploy based on explicit specification (STDOUT, APP/TASK/deploy)#
#2026 09 14 10:25:43.562#Z#DEBUG#16b25dd8-b026-11f1-940d-eeee0a931608.capm-service-db-deployer#flowable-async-job-executor-thread-1674#
[PollExecuteTaskStatusExecution] 070d8486-d915-4207-813d-4e7e9b8a0d10 [2026-09-14T10:25:33.950338] 0 files are scheduled for undeploy based on explicit specification (STDOUT, APP/TASK/deploy)#
#2026 09 14 10:25:43.562#Z#DEBUG#16b25dd8-b026-11f1-940d-eeee0a931608.capm-service-db-deployer#flowable-async-job-executor-thread-1674#
[PollExecuteTaskStatusExecution] 070d8486-d915-4207-813d-4e7e9b8a0d10 [2026-09-14T10:25:33.950616] Deploying to the container "6A5478B8D26E43D8A56BA48D201A9E69"... (STDOUT, APP/TASK/deploy)#
#2026 09 14 10:25:43.562#Z#DEBUG#16b25dd8-b026-11f1-940d-eeee0a931608.capm-service-db-deployer#flowable-async-job-executor-thread-1674#
[PollExecuteTaskStatusExecution] 070d8486-d915-4207-813d-4e7e9b8a0d10 [2026-09-14T10:25:34.838786] Starting make in the container "6A5478B8D26E43D8A56BA48D201A9E69" with 22 files to deploy, 0 files to undeploy... (STDOUT, APP/TASK/deploy)#
#2026 09 14 10:25:43.562#Z#DEBUG#16b25dd8-b026-11f1-940d-eeee0a931608.capm-service-db-deployer#flowable-async-job-executor-thread-1674#
[PollExecuteTaskStatusExecution] 070d8486-d915-4207-813d-4e7e9b8a0d10 [2026-09-14T10:25:34.841992] Disabling table replication for the container schema "6A5478B8D26E43D8A56BA48D201A9E69"... (STDOUT, APP/TASK/deploy)#
#2026 09 14 10:25:43.562#Z#DEBUG#16b25dd8-b026-11f1-940d-eeee0a931608.capm-service-db-deployer#flowable-async-job-executor-thread-1674#
[PollExecuteTaskStatusExecution] 070d8486-d915-4207-813d-4e7e9b8a0d10 [2026-09-14T10:25:34.842084] Disabling table replication for the container schema "6A5478B8D26E43D8A56BA48D201A9E69"... ok (0s 15ms) (STDOUT, APP/TASK/deploy)#
#2026 09 14 10:25:43.562#Z#DEBUG#16b25dd8-b026-11f1-940d-eeee0a931608.capm-service-db-deployer#flowable-async-job-executor-thread-1674#
[PollExecuteTaskStatusExecution] 070d8486-d915-4207-813d-4e7e9b8a0d10 [2026-09-14T10:25:34.842158] Migrating libraries... (STDOUT, APP/TASK/deploy)#
#2026 09 14 10:25:43.562#Z#DEBUG#16b25dd8-b026-11f1-940d-eeee0a931608.capm-service-db-deployer#flowable-async-job-executor-thread-1674#
[PollExecuteTaskStatusExecution] 070d8486-d915-4207-813d-4e7e9b8a0d10 [2026-09-14T10:25:34.843268] Migrating libraries... ok (0s 22ms) (STDOUT, APP/TASK/deploy)#
#2026 09 14 10:25:43.562#Z#DEBUG#16b25dd8-b026-11f1-940d-eeee0a931608.capm-service-db-deployer#flowable-async-job-executor-thread-1674#
[PollExecuteTaskStatusExecution] 070d8486-d915-4207-813d-4e7e9b8a0d10 [2026-09-14T10:25:34.843335] Making... (STDOUT, APP/TASK/deploy)#
#2026 09 14 10:25:43.562#Z#DEBUG#16b25dd8-b026-11f1-940d-eeee0a931608.capm-service-db-deployer#flowable-async-job-executor-thread-1674#
[PollExecuteTaskStatusExecution] 070d8486-d915-4207-813d-4e7e9b8a0d10 [2026-09-14T10:25:34.843377] Preparing... (STDOUT, APP/TASK/deploy)#
#2026 09 14 10:25:43.562#Z#DEBUG#16b25dd8-b026-11f1-940d-eeee0a931608.capm-service-db-deployer#flowable-async-job-executor-thread-1674#
[PollExecuteTaskStatusExecution] 070d8486-d915-4207-813d-4e7e9b8a0d10 [2026-09-14T10:25:34.843487] Preparing the make transaction... (STDOUT, APP/TASK/deploy)#
#2026 09 14 10:25:43.562#Z#DEBUG#16b25dd8-b026-11f1-940d-eeee0a931608.capm-service-db-deployer#flowable-async-job-executor-thread-1674#
[PollExecuteTaskStatusExecution] 070d8486-d915-4207-813d-4e7e9b8a0d10 [2026-09-14T10:25:34.843628] Preparing the make transaction... ok (0s 23ms) (STDOUT, APP/TASK/deploy)#
#2026 09 14 10:25:43.562#Z#DEBUG#16b25dd8-b026-11f1-940d-eeee0a931608.capm-service-db-deployer#flowable-async-job-executor-thread-1674#
[PollExecuteTaskStatusExecution] 070d8486-d915-4207-813d-4e7e9b8a0d10 [2026-09-14T10:25:34.843965] Deploying the configuration file "src/.hdiconfig"... (STDOUT, APP/TASK/deploy)#
#2026 09 14 10:25:43.562#Z#DEBUG#16b25dd8-b026-11f1-940d-eeee0a931608.capm-service-db-deployer#flowable-async-job-executor-thread-1674#
[PollExecuteTaskStatusExecution] 070d8486-d915-4207-813d-4e7e9b8a0d10 [2026-09-14T10:25:34.847044] Deploying the configuration file "src/.hdiconfig"... ok (0s 8ms) (STDOUT, APP/TASK/deploy)#
#2026 09 14 10:25:43.562#Z#DEBUG#16b25dd8-b026-11f1-940d-eeee0a931608.capm-service-db-deployer#flowable-async-job-executor-thread-1674#
[PollExecuteTaskStatusExecution] 070d8486-d915-4207-813d-4e7e9b8a0d10 [2026-09-14T10:25:34.847122] Deploying the configuration file "src/gen/.hdiconfig"... (STDOUT, APP/TASK/deploy)#
#2026 09 14 10:25:43.562#Z#DEBUG#16b25dd8-b026-11f1-940d-eeee0a931608.capm-service-db-deployer#flowable-async-job-executor-thread-1674#
[PollExecuteTaskStatusExecution] 070d8486-d915-4207-813d-4e7e9b8a0d10 [2026-09-14T10:25:34.847279] Deploying the configuration file "src/gen/.hdiconfig"... ok (0s 6ms) (STDOUT, APP/TASK/deploy)#
#2026 09 14 10:25:43.562#Z#DEBUG#16b25dd8-b026-11f1-940d-eeee0a931608.capm-service-db-deployer#flowable-async-job-executor-thread-1674#
[PollExecuteTaskStatusExecution] 070d8486-d915-4207-813d-4e7e9b8a0d10 [2026-09-14T10:25:34.847329] Adding "src/gen/HRService.LeaveRequestOverview.hdbview" for deploy... (STDOUT, APP/TASK/deploy)#
#2026 09 14 10:25:43.562#Z#DEBUG#16b25dd8-b026-11f1-940d-eeee0a931608.capm-service-db-deployer#flowable-async-job-executor-thread-1674#
[PollExecuteTaskStatusExecution] 070d8486-d915-4207-813d-4e7e9b8a0d10 [2026-09-14T10:25:34.847359] Adding "src/gen/HRService.LeaveRequestOverview.hdbview" for deploy... ok (0s 1ms) (STDOUT, APP/TASK/deploy)#
#2026 09 14 10:25:43.562#Z#DEBUG#16b25dd8-b026-11f1-940d-eeee0a931608.capm-service-db-deployer#flowable-async-job-executor-thread-1674#
[PollExecuteTaskStatusExecution] 070d8486-d915-4207-813d-4e7e9b8a0d10 [2026-09-14T10:25:34.847445] Adding "src/gen/data/raven.hr-Departments.csv" for deploy... (STDOUT, APP/TASK/deploy)#
#2026 09 14 10:25:43.562#Z#DEBUG#16b25dd8-b026-11f1-940d-eeee0a931608.capm-service-db-deployer#flowable-async-job-executor-thread-1674#
[PollExecuteTaskStatusExecution] 070d8486-d915-4207-813d-4e7e9b8a0d10 [2026-09-14T10:25:34.847525] Adding "src/gen/data/raven.hr-Departments.csv" for deploy... ok (0s 4ms) (STDOUT, APP/TASK/deploy)#
#2026 09 14 10:25:43.562#Z#DEBUG#16b25dd8-b026-11f1-940d-eeee0a931608.capm-service-db-deployer#flowable-async-job-executor-thread-1674#
[PollExecuteTaskStatusExecution] 070d8486-d915-4207-813d-4e7e9b8a0d10 [2026-09-14T10:25:34.847579] Adding "src/gen/data/raven.hr-Departments.hdbtabledata" for deploy... (STDOUT, APP/TASK/deploy)#
#2026 09 14 10:25:43.562#Z#DEBUG#16b25dd8-b026-11f1-940d-eeee0a931608.capm-service-db-deployer#flowable-async-job-executor-thread-1674#
[PollExecuteTaskStatusExecution] 070d8486-d915-4207-813d-4e7e9b8a0d10 [2026-09-14T10:25:34.847663] Adding "src/gen/data/raven.hr-Departments.hdbtabledata" for deploy... ok (0s 0ms) (STDOUT, APP/TASK/deploy)#
#2026 09 14 10:25:43.562#Z#DEBUG#16b25dd8-b026-11f1-940d-eeee0a931608.capm-service-db-deployer#flowable-async-job-executor-thread-1674#
[PollExecuteTaskStatusExecution] 070d8486-d915-4207-813d-4e7e9b8a0d10 [2026-09-14T10:25:34.847744] Adding "src/gen/data/raven.hr-Employees.csv" for deploy... (STDOUT, APP/TASK/deploy)#
#2026 09 14 10:25:43.562#Z#DEBUG#16b25dd8-b026-11f1-940d-eeee0a931608.capm-service-db-deployer#flowable-async-job-executor-thread-1674#
[PollExecuteTaskStatusExecution] 070d8486-d915-4207-813d-4e7e9b8a0d10 [2026-09-14T10:25:34.847824] Adding "src/gen/data/raven.hr-Employees.csv" for deploy... ok (0s 0ms) (STDOUT, APP/TASK/deploy)#
#2026 09 14 10:25:43.562#Z#DEBUG#16b25dd8-b026-11f1-940d-eeee0a931608.capm-service-db-deployer#flowable-async-job-executor-thread-1674#
[PollExecuteTaskStatusExecution] 070d8486-d915-4207-813d-4e7e9b8a0d10 [2026-09-14T10:25:34.847904] Adding "src/gen/data/raven.hr-Employees.hdbtabledata" for deploy... (STDOUT, APP/TASK/deploy)#
#2026 09 14 10:25:43.562#Z#DEBUG#16b25dd8-b026-11f1-940d-eeee0a931608.capm-service-db-deployer#flowable-async-job-executor-thread-1674#
[PollExecuteTaskStatusExecution] 070d8486-d915-4207-813d-4e7e9b8a0d10 [2026-09-14T10:25:34.847983] Adding "src/gen/data/raven.hr-Employees.hdbtabledata" for deploy... ok (0s 1ms) (STDOUT, APP/TASK/deploy)#
#2026 09 14 10:25:43.562#Z#DEBUG#16b25dd8-b026-11f1-940d-eeee0a931608.capm-service-db-deployer#flowable-async-job-executor-thread-1674#
[PollExecuteTaskStatusExecution] 070d8486-d915-4207-813d-4e7e9b8a0d10 [2026-09-14T10:25:34.848066] Adding "src/gen/data/raven.hr-LeaveBalances.csv" for deploy... (STDOUT, APP/TASK/deploy)#
#2026 09 14 10:25:43.562#Z#DEBUG#16b25dd8-b026-11f1-940d-eeee0a931608.capm-service-db-deployer#flowable-async-job-executor-thread-1674#
[PollExecuteTaskStatusExecution] 070d8486-d915-4207-813d-4e7e9b8a0d10 [2026-09-14T10:25:34.848130] Adding "src/gen/data/raven.hr-LeaveBalances.csv" for deploy... ok (0s 0ms) (STDOUT, APP/TASK/deploy)#
#2026 09 14 10:25:43.562#Z#DEBUG#16b25dd8-b026-11f1-940d-eeee0a931608.capm-service-db-deployer#flowable-async-job-executor-thread-1674#
[PollExecuteTaskStatusExecution] 070d8486-d915-4207-813d-4e7e9b8a0d10 [2026-09-14T10:25:34.848224] Adding "src/gen/data/raven.hr-LeaveBalances.hdbtabledata" for deploy... (STDOUT, APP/TASK/deploy)#
#2026 09 14 10:25:43.562#Z#DEBUG#16b25dd8-b026-11f1-940d-eeee0a931608.capm-service-db-deployer#flowable-async-job-executor-thread-1674#
[PollExecuteTaskStatusExecution] 070d8486-d915-4207-813d-4e7e9b8a0d10 [2026-09-14T10:25:34.848284] Adding "src/gen/data/raven.hr-LeaveBalances.hdbtabledata" for deploy... ok (0s 0ms) (STDOUT, APP/TASK/deploy)#
#2026 09 14 10:25:43.562#Z#DEBUG#16b25dd8-b026-11f1-940d-eeee0a931608.capm-service-db-deployer#flowable-async-job-executor-thread-1674#
[PollExecuteTaskStatusExecution] 070d8486-d915-4207-813d-4e7e9b8a0d10 [2026-09-14T10:25:34.848370] Adding "src/gen/data/raven.hr-LeaveRequests.csv" for deploy... (STDOUT, APP/TASK/deploy)#
#2026 09 14 10:25:43.562#Z#DEBUG#16b25dd8-b026-11f1-940d-eeee0a931608.capm-service-db-deployer#flowable-async-job-executor-thread-1674#
[PollExecuteTaskStatusExecution] 070d8486-d915-4207-813d-4e7e9b8a0d10 [2026-09-14T10:25:34.848426] Adding "src/gen/data/raven.hr-LeaveRequests.csv" for deploy... ok (0s 0ms) (STDOUT, APP/TASK/deploy)#
#2026 09 14 10:25:43.562#Z#DEBUG#16b25dd8-b026-11f1-940d-eeee0a931608.capm-service-db-deployer#flowable-async-job-executor-thread-1674#
[PollExecuteTaskStatusExecution] 070d8486-d915-4207-813d-4e7e9b8a0d10 [2026-09-14T10:25:34.848566] Adding "src/gen/data/raven.hr-LeaveRequests.hdbtabledata" for deploy... (STDOUT, APP/TASK/deploy)#
#2026 09 14 10:25:43.562#Z#DEBUG#16b25dd8-b026-11f1-940d-eeee0a931608.capm-service-db-deployer#flowable-async-job-executor-thread-1674#
[PollExecuteTaskStatusExecution] 070d8486-d915-4207-813d-4e7e9b8a0d10 [2026-09-14T10:25:34.848584] Adding "src/gen/data/raven.hr-LeaveRequests.hdbtabledata" for deploy... ok (0s 0ms) (STDOUT, APP/TASK/deploy)#
#2026 09 14 10:25:43.562#Z#DEBUG#16b25dd8-b026-11f1-940d-eeee0a931608.capm-service-db-deployer#flowable-async-job-executor-thread-1674#
[PollExecuteTaskStatusExecution] 070d8486-d915-4207-813d-4e7e9b8a0d10 [2026-09-14T10:25:34.848678] Adding "src/gen/data/raven.hr-LeaveTypes.csv" for deploy... (STDOUT, APP/TASK/deploy)#
#2026 09 14 10:25:43.562#Z#DEBUG#16b25dd8-b026-11f1-940d-eeee0a931608.capm-service-db-deployer#flowable-async-job-executor-thread-1674#
[PollExecuteTaskStatusExecution] 070d8486-d915-4207-813d-4e7e9b8a0d10 [2026-09-14T10:25:34.848691] Adding "src/gen/data/raven.hr-LeaveTypes.csv" for deploy... ok (0s 0ms) (STDOUT, APP/TASK/deploy)#
#2026 09 14 10:25:43.562#Z#DEBUG#16b25dd8-b026-11f1-940d-eeee0a931608.capm-service-db-deployer#flowable-async-job-executor-thread-1674#
[PollExecuteTaskStatusExecution] 070d8486-d915-4207-813d-4e7e9b8a0d10 [2026-09-14T10:25:34.848846] Adding "src/gen/data/raven.hr-LeaveTypes.hdbtabledata" for deploy... (STDOUT, APP/TASK/deploy)#
#2026 09 14 10:25:43.562#Z#DEBUG#16b25dd8-b026-11f1-940d-eeee0a931608.capm-service-db-deployer#flowable-async-job-executor-thread-1674#
[PollExecuteTaskStatusExecution] 070d8486-d915-4207-813d-4e7e9b8a0d10 [2026-09-14T10:25:34.848890] Adding "src/gen/data/raven.hr-LeaveTypes.hdbtabledata" for deploy... ok (0s 0ms) (STDOUT, APP/TASK/deploy)#
#2026 09 14 10:25:43.562#Z#DEBUG#16b25dd8-b026-11f1-940d-eeee0a931608.capm-service-db-deployer#flowable-async-job-executor-thread-1674#
[PollExecuteTaskStatusExecution] 070d8486-d915-4207-813d-4e7e9b8a0d10 [2026-09-14T10:25:34.848952] Adding "src/gen/raven.hr.Departments.hdbtable" for deploy... (STDOUT, APP/TASK/deploy)#
#2026 09 14 10:25:43.562#Z#DEBUG#16b25dd8-b026-11f1-940d-eeee0a931608.capm-service-db-deployer#flowable-async-job-executor-thread-1674#
[PollExecuteTaskStatusExecution] 070d8486-d915-4207-813d-4e7e9b8a0d10 [2026-09-14T10:25:34.849048] Adding "src/gen/raven.hr.Departments.hdbtable" for deploy... ok (0s 0ms) (STDOUT, APP/TASK/deploy)#
#2026 09 14 10:25:43.562#Z#DEBUG#16b25dd8-b026-11f1-940d-eeee0a931608.capm-service-db-deployer#flowable-async-job-executor-thread-1674#
[PollExecuteTaskStatusExecution] 070d8486-d915-4207-813d-4e7e9b8a0d10 [2026-09-14T10:25:34.849134] Adding "src/gen/raven.hr.Employees.hdbtable" for deploy... (STDOUT, APP/TASK/deploy)#
#2026 09 14 10:25:43.562#Z#DEBUG#16b25dd8-b026-11f1-940d-eeee0a931608.capm-service-db-deployer#flowable-async-job-executor-thread-1674#
[PollExecuteTaskStatusExecution] 070d8486-d915-4207-813d-4e7e9b8a0d10 [2026-09-14T10:25:34.849224] Adding "src/gen/raven.hr.Employees.hdbtable" for deploy... ok (0s 0ms) (STDOUT, APP/TASK/deploy)#
#2026 09 14 10:25:43.562#Z#DEBUG#16b25dd8-b026-11f1-940d-eeee0a931608.capm-service-db-deployer#flowable-async-job-executor-thread-1674#
[PollExecuteTaskStatusExecution] 070d8486-d915-4207-813d-4e7e9b8a0d10 [2026-09-14T10:25:34.849318] Adding "src/gen/raven.hr.LeaveBalances.hdbtable" for deploy... (STDOUT, APP/TASK/deploy)#
#2026 09 14 10:25:43.562#Z#DEBUG#16b25dd8-b026-11f1-940d-eeee0a931608.capm-service-db-deployer#flowable-async-job-executor-thread-1674#
[PollExecuteTaskStatusExecution] 070d8486-d915-4207-813d-4e7e9b8a0d10 [2026-09-14T10:25:34.849425] Adding "src/gen/raven.hr.LeaveBalances.hdbtable" for deploy... ok (0s 1ms) (STDOUT, APP/TASK/deploy)#
#2026 09 14 10:25:43.562#Z#DEBUG#16b25dd8-b026-11f1-940d-eeee0a931608.capm-service-db-deployer#flowable-async-job-executor-thread-1674#
[PollExecuteTaskStatusExecution] 070d8486-d915-4207-813d-4e7e9b8a0d10 [2026-09-14T10:25:34.849494] Adding "src/gen/raven.hr.LeaveRequestAttachments.hdbtable" for deploy... (STDOUT, APP/TASK/deploy)#
#2026 09 14 10:25:43.562#Z#DEBUG#16b25dd8-b026-11f1-940d-eeee0a931608.capm-service-db-deployer#flowable-async-job-executor-thread-1674#
[PollExecuteTaskStatusExecution] 070d8486-d915-4207-813d-4e7e9b8a0d10 [2026-09-14T10:25:34.849586] Adding "src/gen/raven.hr.LeaveRequestAttachments.hdbtable" for deploy... ok (0s 0ms) (STDOUT, APP/TASK/deploy)#
#2026 09 14 10:25:43.562#Z#DEBUG#16b25dd8-b026-11f1-940d-eeee0a931608.capm-service-db-deployer#flowable-async-job-executor-thread-1674#
[PollExecuteTaskStatusExecution] 070d8486-d915-4207-813d-4e7e9b8a0d10 [2026-09-14T10:25:34.849675] Adding "src/gen/raven.hr.LeaveRequestOverview.hdbview" for deploy... (STDOUT, APP/TASK/deploy)#
#2026 09 14 10:25:43.562#Z#DEBUG#16b25dd8-b026-11f1-940d-eeee0a931608.capm-service-db-deployer#flowable-async-job-executor-thread-1674#
[PollExecuteTaskStatusExecution] 070d8486-d915-4207-813d-4e7e9b8a0d10 [2026-09-14T10:25:34.849765] Adding "src/gen/raven.hr.LeaveRequestOverview.hdbview" for deploy... ok (0s 0ms) (STDOUT, APP/TASK/deploy)#
#2026 09 14 10:25:43.562#Z#DEBUG#16b25dd8-b026-11f1-940d-eeee0a931608.capm-service-db-deployer#flowable-async-job-executor-thread-1674#
[PollExecuteTaskStatusExecution] 070d8486-d915-4207-813d-4e7e9b8a0d10 [2026-09-14T10:25:34.849857] Adding "src/gen/raven.hr.LeaveRequests.hdbtable" for deploy... (STDOUT, APP/TASK/deploy)#
#2026 09 14 10:25:43.562#Z#DEBUG#16b25dd8-b026-11f1-940d-eeee0a931608.capm-service-db-deployer#flowable-async-job-executor-thread-1674#
[PollExecuteTaskStatusExecution] 070d8486-d915-4207-813d-4e7e9b8a0d10 [2026-09-14T10:25:34.849958] Adding "src/gen/raven.hr.LeaveRequests.hdbtable" for deploy... ok (0s 0ms) (STDOUT, APP/TASK/deploy)#
#2026 09 14 10:25:43.562#Z#DEBUG#16b25dd8-b026-11f1-940d-eeee0a931608.capm-service-db-deployer#flowable-async-job-executor-thread-1674#
[PollExecuteTaskStatusExecution] 070d8486-d915-4207-813d-4e7e9b8a0d10 [2026-09-14T10:25:34.850038] Adding "src/gen/raven.hr.LeaveTypes.hdbtable" for deploy... (STDOUT, APP/TASK/deploy)#
#2026 09 14 10:25:43.562#Z#DEBUG#16b25dd8-b026-11f1-940d-eeee0a931608.capm-service-db-deployer#flowable-async-job-executor-thread-1674#
[PollExecuteTaskStatusExecution] 070d8486-d915-4207-813d-4e7e9b8a0d10 [2026-09-14T10:25:34.850131] Adding "src/gen/raven.hr.LeaveTypes.hdbtable" for deploy... ok (0s 1ms) (STDOUT, APP/TASK/deploy)#
#2026 09 14 10:25:43.562#Z#DEBUG#16b25dd8-b026-11f1-940d-eeee0a931608.capm-service-db-deployer#flowable-async-job-executor-thread-1674#
[PollExecuteTaskStatusExecution] 070d8486-d915-4207-813d-4e7e9b8a0d10 [2026-09-14T10:25:34.850245] Adding "src/leaveRequestNumber.hdbsequence" for deploy... (STDOUT, APP/TASK/deploy)#
#2026 09 14 10:25:43.562#Z#DEBUG#16b25dd8-b026-11f1-940d-eeee0a931608.capm-service-db-deployer#flowable-async-job-executor-thread-1674#
[PollExecuteTaskStatusExecution] 070d8486-d915-4207-813d-4e7e9b8a0d10 [2026-09-14T10:25:34.850295] Adding "src/leaveRequestNumber.hdbsequence" for deploy... ok (0s 1ms) (STDOUT, APP/TASK/deploy)#
#2026 09 14 10:25:43.562#Z#DEBUG#16b25dd8-b026-11f1-940d-eeee0a931608.capm-service-db-deployer#flowable-async-job-executor-thread-1674#
[PollExecuteTaskStatusExecution] 070d8486-d915-4207-813d-4e7e9b8a0d10 [2026-09-14T10:25:34.850389] Adding "src/recalcLeaveBalance.hdbprocedure" for deploy... (STDOUT, APP/TASK/deploy)#
#2026 09 14 10:25:43.562#Z#DEBUG#16b25dd8-b026-11f1-940d-eeee0a931608.capm-service-db-deployer#flowable-async-job-executor-thread-1674#
[PollExecuteTaskStatusExecution] 070d8486-d915-4207-813d-4e7e9b8a0d10 [2026-09-14T10:25:34.850477] Adding "src/recalcLeaveBalance.hdbprocedure" for deploy... ok (0s 0ms) (STDOUT, APP/TASK/deploy)#
#2026 09 14 10:25:43.562#Z#DEBUG#16b25dd8-b026-11f1-940d-eeee0a931608.capm-service-db-deployer#flowable-async-job-executor-thread-1674#
[PollExecuteTaskStatusExecution] 070d8486-d915-4207-813d-4e7e9b8a0d10 [2026-09-14T10:25:34.850581] Preparing... ok (0s 126ms) (STDOUT, APP/TASK/deploy)#
#2026 09 14 10:25:43.562#Z#DEBUG#16b25dd8-b026-11f1-940d-eeee0a931608.capm-service-db-deployer#flowable-async-job-executor-thread-1674#
[PollExecuteTaskStatusExecution] 070d8486-d915-4207-813d-4e7e9b8a0d10 [2026-09-14T10:25:34.850662] Calculating dependencies... (STDOUT, APP/TASK/deploy)#
#2026 09 14 10:25:43.562#Z#DEBUG#16b25dd8-b026-11f1-940d-eeee0a931608.capm-service-db-deployer#flowable-async-job-executor-thread-1674#
[PollExecuteTaskStatusExecution] 070d8486-d915-4207-813d-4e7e9b8a0d10 [2026-09-14T10:25:34.850745] Expanding... (STDOUT, APP/TASK/deploy)#
#2026 09 14 10:25:43.562#Z#DEBUG#16b25dd8-b026-11f1-940d-eeee0a931608.capm-service-db-deployer#flowable-async-job-executor-thread-1674#
[PollExecuteTaskStatusExecution] 070d8486-d915-4207-813d-4e7e9b8a0d10 [2026-09-14T10:25:34.850815] Expanding "src/gen/HRService.LeaveRequestOverview.hdbview"... (STDOUT, APP/TASK/deploy)#
#2026 09 14 10:25:43.562#Z#DEBUG#16b25dd8-b026-11f1-940d-eeee0a931608.capm-service-db-deployer#flowable-async-job-executor-thread-1674#
[PollExecuteTaskStatusExecution] 070d8486-d915-4207-813d-4e7e9b8a0d10 [2026-09-14T10:25:34.850908] Expanding "src/gen/data/raven.hr-Departments.hdbtabledata"... (STDOUT, APP/TASK/deploy)#
#2026 09 14 10:25:43.562#Z#DEBUG#16b25dd8-b026-11f1-940d-eeee0a931608.capm-service-db-deployer#flowable-async-job-executor-thread-1674#
[PollExecuteTaskStatusExecution] 070d8486-d915-4207-813d-4e7e9b8a0d10 [2026-09-14T10:25:34.850966] Expanding "src/gen/data/raven.hr-Employees.hdbtabledata"... (STDOUT, APP/TASK/deploy)#
#2026 09 14 10:25:43.562#Z#DEBUG#16b25dd8-b026-11f1-940d-eeee0a931608.capm-service-db-deployer#flowable-async-job-executor-thread-1674#
[PollExecuteTaskStatusExecution] 070d8486-d915-4207-813d-4e7e9b8a0d10 [2026-09-14T10:25:34.851047] Expanding "src/gen/data/raven.hr-LeaveBalances.hdbtabledata"... (STDOUT, APP/TASK/deploy)#
#2026 09 14 10:25:43.562#Z#DEBUG#16b25dd8-b026-11f1-940d-eeee0a931608.capm-service-db-deployer#flowable-async-job-executor-thread-1674#
[PollExecuteTaskStatusExecution] 070d8486-d915-4207-813d-4e7e9b8a0d10 [2026-09-14T10:25:34.851111] Expanding "src/gen/data/raven.hr-Departments.hdbtabledata"... ok (0s 4ms) (STDOUT, APP/TASK/deploy)#
#2026 09 14 10:25:43.562#Z#DEBUG#16b25dd8-b026-11f1-940d-eeee0a931608.capm-service-db-deployer#flowable-async-job-executor-thread-1674#
[PollExecuteTaskStatusExecution] 070d8486-d915-4207-813d-4e7e9b8a0d10 [2026-09-14T10:25:34.851192] Expanding "src/gen/data/raven.hr-LeaveRequests.hdbtabledata"... (STDOUT, APP/TASK/deploy)#
#2026 09 14 10:25:43.562#Z#DEBUG#16b25dd8-b026-11f1-940d-eeee0a931608.capm-service-db-deployer#flowable-async-job-executor-thread-1674#
[PollExecuteTaskStatusExecution] 070d8486-d915-4207-813d-4e7e9b8a0d10 [2026-09-14T10:25:34.851274] Expanding "src/gen/data/raven.hr-LeaveRequests.hdbtabledata"... ok (0s 3ms) (STDOUT, APP/TASK/deploy)#
#2026 09 14 10:25:43.562#Z#DEBUG#16b25dd8-b026-11f1-940d-eeee0a931608.capm-service-db-deployer#flowable-async-job-executor-thread-1674#
[PollExecuteTaskStatusExecution] 070d8486-d915-4207-813d-4e7e9b8a0d10 [2026-09-14T10:25:34.851353] Expanding "src/gen/data/raven.hr-LeaveTypes.hdbtabledata"... (STDOUT, APP/TASK/deploy)#
#2026 09 14 10:25:43.562#Z#DEBUG#16b25dd8-b026-11f1-940d-eeee0a931608.capm-service-db-deployer#flowable-async-job-executor-thread-1674#
[PollExecuteTaskStatusExecution] 070d8486-d915-4207-813d-4e7e9b8a0d10 [2026-09-14T10:25:34.851440] Expanding "src/gen/data/raven.hr-Employees.hdbtabledata"... ok (0s 4ms) (STDOUT, APP/TASK/deploy)#
#2026 09 14 10:25:43.562#Z#DEBUG#16b25dd8-b026-11f1-940d-eeee0a931608.capm-service-db-deployer#flowable-async-job-executor-thread-1674#
[PollExecuteTaskStatusExecution] 070d8486-d915-4207-813d-4e7e9b8a0d10 [2026-09-14T10:25:34.851520] Expanding "src/gen/data/raven.hr-LeaveBalances.hdbtabledata"... ok (0s 3ms) (STDOUT, APP/TASK/deploy)#
#2026 09 14 10:25:43.562#Z#DEBUG#16b25dd8-b026-11f1-940d-eeee0a931608.capm-service-db-deployer#flowable-async-job-executor-thread-1674#
[PollExecuteTaskStatusExecution] 070d8486-d915-4207-813d-4e7e9b8a0d10 [2026-09-14T10:25:34.851584] Expanding "src/gen/raven.hr.Departments.hdbtable"... (STDOUT, APP/TASK/deploy)#
#2026 09 14 10:25:43.562#Z#DEBUG#16b25dd8-b026-11f1-940d-eeee0a931608.capm-service-db-deployer#flowable-async-job-executor-thread-1674#
[PollExecuteTaskStatusExecution] 070d8486-d915-4207-813d-4e7e9b8a0d10 [2026-09-14T10:25:34.851694] Expanding "src/gen/raven.hr.Employees.hdbtable"... (STDOUT, APP/TASK/deploy)#
#2026 09 14 10:25:43.562#Z#DEBUG#16b25dd8-b026-11f1-940d-eeee0a931608.capm-service-db-deployer#flowable-async-job-executor-thread-1674#
[PollExecuteTaskStatusExecution] 070d8486-d915-4207-813d-4e7e9b8a0d10 [2026-09-14T10:25:34.851751] Expanding "src/gen/data/raven.hr-LeaveTypes.hdbtabledata"... ok (0s 3ms) (STDOUT, APP/TASK/deploy)#
#2026 09 14 10:25:43.562#Z#DEBUG#16b25dd8-b026-11f1-940d-eeee0a931608.capm-service-db-deployer#flowable-async-job-executor-thread-1674#
[PollExecuteTaskStatusExecution] 070d8486-d915-4207-813d-4e7e9b8a0d10 [2026-09-14T10:25:34.851827] Expanding "src/gen/raven.hr.LeaveBalances.hdbtable"... (STDOUT, APP/TASK/deploy)#
#2026 09 14 10:25:43.562#Z#DEBUG#16b25dd8-b026-11f1-940d-eeee0a931608.capm-service-db-deployer#flowable-async-job-executor-thread-1674#
[PollExecuteTaskStatusExecution] 070d8486-d915-4207-813d-4e7e9b8a0d10 [2026-09-14T10:25:34.851908] Expanding "src/gen/HRService.LeaveRequestOverview.hdbview"... ok (0s 13ms) (STDOUT, APP/TASK/deploy)#
#2026 09 14 10:25:43.562#Z#DEBUG#16b25dd8-b026-11f1-940d-eeee0a931608.capm-service-db-deployer#flowable-async-job-executor-thread-1674#
[PollExecuteTaskStatusExecution] 070d8486-d915-4207-813d-4e7e9b8a0d10 [2026-09-14T10:25:34.851987] Expanding "src/gen/raven.hr.LeaveRequestAttachments.hdbtable"... (STDOUT, APP/TASK/deploy)#
#2026 09 14 10:25:43.562#Z#DEBUG#16b25dd8-b026-11f1-940d-eeee0a931608.capm-service-db-deployer#flowable-async-job-executor-thread-1674#
[PollExecuteTaskStatusExecution] 070d8486-d915-4207-813d-4e7e9b8a0d10 [2026-09-14T10:25:34.852074] Expanding "src/gen/raven.hr.Departments.hdbtable"... ok (0s 11ms) (STDOUT, APP/TASK/deploy)#
#2026 09 14 10:25:43.562#Z#DEBUG#16b25dd8-b026-11f1-940d-eeee0a931608.capm-service-db-deployer#flowable-async-job-executor-thread-1674#
[PollExecuteTaskStatusExecution] 070d8486-d915-4207-813d-4e7e9b8a0d10 [2026-09-14T10:25:34.852129] Expanding "src/gen/raven.hr.LeaveRequestOverview.hdbview"... (STDOUT, APP/TASK/deploy)#
#2026 09 14 10:25:43.562#Z#DEBUG#16b25dd8-b026-11f1-940d-eeee0a931608.capm-service-db-deployer#flowable-async-job-executor-thread-1674#
[PollExecuteTaskStatusExecution] 070d8486-d915-4207-813d-4e7e9b8a0d10 [2026-09-14T10:25:34.852212] Expanding "src/gen/raven.hr.LeaveBalances.hdbtable"... ok (0s 11ms) (STDOUT, APP/TASK/deploy)#
#2026 09 14 10:25:43.562#Z#DEBUG#16b25dd8-b026-11f1-940d-eeee0a931608.capm-service-db-deployer#flowable-async-job-executor-thread-1674#
[PollExecuteTaskStatusExecution] 070d8486-d915-4207-813d-4e7e9b8a0d10 [2026-09-14T10:25:34.852275] Expanding "src/gen/raven.hr.LeaveRequests.hdbtable"... (STDOUT, APP/TASK/deploy)#
#2026 09 14 10:25:43.562#Z#DEBUG#16b25dd8-b026-11f1-940d-eeee0a931608.capm-service-db-deployer#flowable-async-job-executor-thread-1674#
[PollExecuteTaskStatusExecution] 070d8486-d915-4207-813d-4e7e9b8a0d10 [2026-09-14T10:25:34.852362] Expanding "src/gen/raven.hr.Employees.hdbtable"... ok (0s 14ms) (STDOUT, APP/TASK/deploy)#
#2026 09 14 10:25:43.562#Z#DEBUG#16b25dd8-b026-11f1-940d-eeee0a931608.capm-service-db-deployer#flowable-async-job-executor-thread-1674#
[PollExecuteTaskStatusExecution] 070d8486-d915-4207-813d-4e7e9b8a0d10 [2026-09-14T10:25:34.852443] Expanding "src/gen/raven.hr.LeaveTypes.hdbtable"... (STDOUT, APP/TASK/deploy)#
#2026 09 14 10:25:43.562#Z#DEBUG#16b25dd8-b026-11f1-940d-eeee0a931608.capm-service-db-deployer#flowable-async-job-executor-thread-1674#
[PollExecuteTaskStatusExecution] 070d8486-d915-4207-813d-4e7e9b8a0d10 [2026-09-14T10:25:34.852550] Expanding "src/gen/raven.hr.LeaveRequestAttachments.hdbtable"... ok (0s 9ms) (STDOUT, APP/TASK/deploy)#
#2026 09 14 10:25:43.562#Z#DEBUG#16b25dd8-b026-11f1-940d-eeee0a931608.capm-service-db-deployer#flowable-async-job-executor-thread-1674#
[PollExecuteTaskStatusExecution] 070d8486-d915-4207-813d-4e7e9b8a0d10 [2026-09-14T10:25:34.852639] Expanding "src/gen/raven.hr.LeaveRequestOverview.hdbview"... ok (0s 9ms) (STDOUT, APP/TASK/deploy)#
#2026 09 14 10:25:43.562#Z#DEBUG#16b25dd8-b026-11f1-940d-eeee0a931608.capm-service-db-deployer#flowable-async-job-executor-thread-1674#
[PollExecuteTaskStatusExecution] 070d8486-d915-4207-813d-4e7e9b8a0d10 [2026-09-14T10:25:34.852770] Expanding "src/gen/raven.hr.LeaveRequests.hdbtable"... ok (0s 8ms) (STDOUT, APP/TASK/deploy)#
#2026 09 14 10:25:43.562#Z#DEBUG#16b25dd8-b026-11f1-940d-eeee0a931608.capm-service-db-deployer#flowable-async-job-executor-thread-1674#
[PollExecuteTaskStatusExecution] 070d8486-d915-4207-813d-4e7e9b8a0d10 [2026-09-14T10:25:34.852867] Expanding "src/gen/raven.hr.LeaveTypes.hdbtable"... ok (0s 10ms) (STDOUT, APP/TASK/deploy)#
#2026 09 14 10:25:43.562#Z#DEBUG#16b25dd8-b026-11f1-940d-eeee0a931608.capm-service-db-deployer#flowable-async-job-executor-thread-1674#
[PollExecuteTaskStatusExecution] 070d8486-d915-4207-813d-4e7e9b8a0d10 [2026-09-14T10:25:34.852978] Expanding... ok (0s 57ms) (STDOUT, APP/TASK/deploy)#
#2026 09 14 10:25:43.562#Z#DEBUG#16b25dd8-b026-11f1-940d-eeee0a931608.capm-service-db-deployer#flowable-async-job-executor-thread-1674#
[PollExecuteTaskStatusExecution] 070d8486-d915-4207-813d-4e7e9b8a0d10 [2026-09-14T10:25:34.853058] Precompiling... (STDOUT, APP/TASK/deploy)#
#2026 09 14 10:25:43.562#Z#DEBUG#16b25dd8-b026-11f1-940d-eeee0a931608.capm-service-db-deployer#flowable-async-job-executor-thread-1674#
[PollExecuteTaskStatusExecution] 070d8486-d915-4207-813d-4e7e9b8a0d10 [2026-09-14T10:25:34.853149] Precompiling "src/gen/HRService.LeaveRequestOverview.hdbview"... (STDOUT, APP/TASK/deploy)#
#2026 09 14 10:25:43.562#Z#DEBUG#16b25dd8-b026-11f1-940d-eeee0a931608.capm-service-db-deployer#flowable-async-job-executor-thread-1674#
[PollExecuteTaskStatusExecution] 070d8486-d915-4207-813d-4e7e9b8a0d10 [2026-09-14T10:25:34.853240] Precompiling "src/gen/data/raven.hr-Departments.csv"... (STDOUT, APP/TASK/deploy)#
#2026 09 14 10:25:43.562#Z#DEBUG#16b25dd8-b026-11f1-940d-eeee0a931608.capm-service-db-deployer#flowable-async-job-executor-thread-1674#
[PollExecuteTaskStatusExecution] 070d8486-d915-4207-813d-4e7e9b8a0d10 [2026-09-14T10:25:34.853332] Precompiling "src/gen/data/raven.hr-Departments.hdbtabledata"... (STDOUT, APP/TASK/deploy)#
#2026 09 14 10:25:43.562#Z#DEBUG#16b25dd8-b026-11f1-940d-eeee0a931608.capm-service-db-deployer#flowable-async-job-executor-thread-1674#
[PollExecuteTaskStatusExecution] 070d8486-d915-4207-813d-4e7e9b8a0d10 [2026-09-14T10:25:34.853430] Precompiling "src/gen/data/raven.hr-Departments.hdbtabledata"... ok (0s 0ms) (STDOUT, APP/TASK/deploy)#
#2026 09 14 10:25:43.562#Z#DEBUG#16b25dd8-b026-11f1-940d-eeee0a931608.capm-service-db-deployer#flowable-async-job-executor-thread-1674#
[PollExecuteTaskStatusExecution] 070d8486-d915-4207-813d-4e7e9b8a0d10 [2026-09-14T10:25:34.853563] Precompiling "src/gen/data/raven.hr-Departments.hdbtabledata$0.expand"... (STDOUT, APP/TASK/deploy)#
#2026 09 14 10:25:43.562#Z#DEBUG#16b25dd8-b026-11f1-940d-eeee0a931608.capm-service-db-deployer#flowable-async-job-executor-thread-1674#
[PollExecuteTaskStatusExecution] 070d8486-d915-4207-813d-4e7e9b8a0d10 [2026-09-14T10:25:34.853655] Expanded from "src/gen/data/raven.hr-Departments.hdbtabledata" (STDOUT, APP/TASK/deploy)#
#2026 09 14 10:25:43.562#Z#DEBUG#16b25dd8-b026-11f1-940d-eeee0a931608.capm-service-db-deployer#flowable-async-job-executor-thread-1674#
[PollExecuteTaskStatusExecution] 070d8486-d915-4207-813d-4e7e9b8a0d10 [2026-09-14T10:25:34.853743] Precompiling "src/gen/data/raven.hr-Employees.csv"... (STDOUT, APP/TASK/deploy)#
#2026 09 14 10:25:43.563#Z#DEBUG#16b25dd8-b026-11f1-940d-eeee0a931608.capm-service-db-deployer#flowable-async-job-executor-thread-1674#
[PollExecuteTaskStatusExecution] 070d8486-d915-4207-813d-4e7e9b8a0d10 [2026-09-14T10:25:34.853858] Precompiling "src/gen/data/raven.hr-Departments.hdbtabledata$0.expand"... ok (0s 1ms) (STDOUT, APP/TASK/deploy)#
#2026 09 14 10:25:43.563#Z#DEBUG#16b25dd8-b026-11f1-940d-eeee0a931608.capm-service-db-deployer#flowable-async-job-executor-thread-1674#
[PollExecuteTaskStatusExecution] 070d8486-d915-4207-813d-4e7e9b8a0d10 [2026-09-14T10:25:34.853947] Precompiling "src/gen/data/raven.hr-Employees.hdbtabledata"... (STDOUT, APP/TASK/deploy)#
#2026 09 14 10:25:43.563#Z#DEBUG#16b25dd8-b026-11f1-940d-eeee0a931608.capm-service-db-deployer#flowable-async-job-executor-thread-1674#
[PollExecuteTaskStatusExecution] 070d8486-d915-4207-813d-4e7e9b8a0d10 [2026-09-14T10:25:34.854039] Precompiling "src/gen/data/raven.hr-Employees.hdbtabledata"... ok (0s 0ms) (STDOUT, APP/TASK/deploy)#
#2026 09 14 10:25:43.563#Z#DEBUG#16b25dd8-b026-11f1-940d-eeee0a931608.capm-service-db-deployer#flowable-async-job-executor-thread-1674#
[PollExecuteTaskStatusExecution] 070d8486-d915-4207-813d-4e7e9b8a0d10 [2026-09-14T10:25:34.854139] Precompiling "src/gen/data/raven.hr-Employees.hdbtabledata$0.expand"... (STDOUT, APP/TASK/deploy)#
#2026 09 14 10:25:43.563#Z#DEBUG#16b25dd8-b026-11f1-940d-eeee0a931608.capm-service-db-deployer#flowable-async-job-executor-thread-1674#
[PollExecuteTaskStatusExecution] 070d8486-d915-4207-813d-4e7e9b8a0d10 [2026-09-14T10:25:34.854218] Expanded from "src/gen/data/raven.hr-Employees.hdbtabledata" (STDOUT, APP/TASK/deploy)#
#2026 09 14 10:25:43.563#Z#DEBUG#16b25dd8-b026-11f1-940d-eeee0a931608.capm-service-db-deployer#flowable-async-job-executor-thread-1674#
[PollExecuteTaskStatusExecution] 070d8486-d915-4207-813d-4e7e9b8a0d10 [2026-09-14T10:25:34.854317] Precompiling "src/gen/data/raven.hr-Departments.csv"... ok (0s 3ms) (STDOUT, APP/TASK/deploy)#
#2026 09 14 10:25:43.563#Z#DEBUG#16b25dd8-b026-11f1-940d-eeee0a931608.capm-service-db-deployer#flowable-async-job-executor-thread-1674#
[PollExecuteTaskStatusExecution] 070d8486-d915-4207-813d-4e7e9b8a0d10 [2026-09-14T10:25:34.854415] Precompiling "src/gen/data/raven.hr-LeaveBalances.csv"... (STDOUT, APP/TASK/deploy)#
#2026 09 14 10:25:43.563#Z#DEBUG#16b25dd8-b026-11f1-940d-eeee0a931608.capm-service-db-deployer#flowable-async-job-executor-thread-1674#
[PollExecuteTaskStatusExecution] 070d8486-d915-4207-813d-4e7e9b8a0d10 [2026-09-14T10:25:34.854506] Precompiling "src/gen/data/raven.hr-Employees.csv"... ok (0s 3ms) (STDOUT, APP/TASK/deploy)#
#2026 09 14 10:25:43.563#Z#DEBUG#16b25dd8-b026-11f1-940d-eeee0a931608.capm-service-db-deployer#flowable-async-job-executor-thread-1674#
[PollExecuteTaskStatusExecution] 070d8486-d915-4207-813d-4e7e9b8a0d10 [2026-09-14T10:25:34.854646] Precompiling "src/gen/data/raven.hr-LeaveBalances.hdbtabledata"... (STDOUT, APP/TASK/deploy)#
#2026 09 14 10:25:43.563#Z#DEBUG#16b25dd8-b026-11f1-940d-eeee0a931608.capm-service-db-deployer#flowable-async-job-executor-thread-1674#
[PollExecuteTaskStatusExecution] 070d8486-d915-4207-813d-4e7e9b8a0d10 [2026-09-14T10:25:34.854680] Precompiling "src/gen/data/raven.hr-LeaveBalances.hdbtabledata"... ok (0s 0ms) (STDOUT, APP/TASK/deploy)#
#2026 09 14 10:25:43.563#Z#DEBUG#16b25dd8-b026-11f1-940d-eeee0a931608.capm-service-db-deployer#flowable-async-job-executor-thread-1674#
[PollExecuteTaskStatusExecution] 070d8486-d915-4207-813d-4e7e9b8a0d10 [2026-09-14T10:25:34.854783] Precompiling "src/gen/data/raven.hr-Employees.hdbtabledata$0.expand"... ok (0s 2ms) (STDOUT, APP/TASK/deploy)#
#2026 09 14 10:25:43.563#Z#DEBUG#16b25dd8-b026-11f1-940d-eeee0a931608.capm-service-db-deployer#flowable-async-job-executor-thread-1674#
[PollExecuteTaskStatusExecution] 070d8486-d915-4207-813d-4e7e9b8a0d10 [2026-09-14T10:25:34.854874] Precompiling "src/gen/data/raven.hr-LeaveBalances.hdbtabledata$0.expand"... (STDOUT, APP/TASK/deploy)#
#2026 09 14 10:25:43.563#Z#DEBUG#16b25dd8-b026-11f1-940d-eeee0a931608.capm-service-db-deployer#flowable-async-job-executor-thread-1674#
[PollExecuteTaskStatusExecution] 070d8486-d915-4207-813d-4e7e9b8a0d10 [2026-09-14T10:25:34.854960] Expanded from "src/gen/data/raven.hr-LeaveBalances.hdbtabledata" (STDOUT, APP/TASK/deploy)#
#2026 09 14 10:25:43.563#Z#DEBUG#16b25dd8-b026-11f1-940d-eeee0a931608.capm-service-db-deployer#flowable-async-job-executor-thread-1674#
[PollExecuteTaskStatusExecution] 070d8486-d915-4207-813d-4e7e9b8a0d10 [2026-09-14T10:25:34.855053] Precompiling "src/gen/data/raven.hr-LeaveRequests.csv"... (STDOUT, APP/TASK/deploy)#
#2026 09 14 10:25:43.563#Z#DEBUG#16b25dd8-b026-11f1-940d-eeee0a931608.capm-service-db-deployer#flowable-async-job-executor-thread-1674#
[PollExecuteTaskStatusExecution] 070d8486-d915-4207-813d-4e7e9b8a0d10 [2026-09-14T10:25:34.855144] Precompiling "src/gen/data/raven.hr-LeaveBalances.csv"... ok (0s 1ms) (STDOUT, APP/TASK/deploy)#
#2026 09 14 10:25:43.563#Z#DEBUG#16b25dd8-b026-11f1-940d-eeee0a931608.capm-service-db-deployer#flowable-async-job-executor-thread-1674#
[PollExecuteTaskStatusExecution] 070d8486-d915-4207-813d-4e7e9b8a0d10 [2026-09-14T10:25:34.855245] Precompiling "src/gen/data/raven.hr-LeaveRequests.hdbtabledata"... (STDOUT, APP/TASK/deploy)#
#2026 09 14 10:25:43.563#Z#DEBUG#16b25dd8-b026-11f1-940d-eeee0a931608.capm-service-db-deployer#flowable-async-job-executor-thread-1674#
[PollExecuteTaskStatusExecution] 070d8486-d915-4207-813d-4e7e9b8a0d10 [2026-09-14T10:25:34.855906] Precompiling "src/gen/data/raven.hr-LeaveRequests.hdbtabledata"... ok (0s 0ms) (STDOUT, APP/TASK/deploy)#
#2026 09 14 10:25:43.563#Z#DEBUG#16b25dd8-b026-11f1-940d-eeee0a931608.capm-service-db-deployer#flowable-async-job-executor-thread-1674#
[PollExecuteTaskStatusExecution] 070d8486-d915-4207-813d-4e7e9b8a0d10 [2026-09-14T10:25:34.856181] Precompiling "src/gen/data/raven.hr-LeaveRequests.hdbtabledata$0.expand"... (STDOUT, APP/TASK/deploy)#
#2026 09 14 10:25:43.563#Z#DEBUG#16b25dd8-b026-11f1-940d-eeee0a931608.capm-service-db-deployer#flowable-async-job-executor-thread-1674#
[PollExecuteTaskStatusExecution] 070d8486-d915-4207-813d-4e7e9b8a0d10 [2026-09-14T10:25:34.856224] Expanded from "src/gen/data/raven.hr-LeaveRequests.hdbtabledata" (STDOUT, APP/TASK/deploy)#
#2026 09 14 10:25:43.563#Z#DEBUG#16b25dd8-b026-11f1-940d-eeee0a931608.capm-service-db-deployer#flowable-async-job-executor-thread-1674#
[PollExecuteTaskStatusExecution] 070d8486-d915-4207-813d-4e7e9b8a0d10 [2026-09-14T10:25:34.856382] Precompiling "src/gen/data/raven.hr-LeaveBalances.hdbtabledata$0.expand"... ok (0s 2ms) (STDOUT, APP/TASK/deploy)#
#2026 09 14 10:25:43.563#Z#DEBUG#16b25dd8-b026-11f1-940d-eeee0a931608.capm-service-db-deployer#flowable-async-job-executor-thread-1674#
[PollExecuteTaskStatusExecution] 070d8486-d915-4207-813d-4e7e9b8a0d10 [2026-09-14T10:25:34.856521] Precompiling "src/gen/data/raven.hr-LeaveTypes.csv"... (STDOUT, APP/TASK/deploy)#
#2026 09 14 10:25:43.563#Z#DEBUG#16b25dd8-b026-11f1-940d-eeee0a931608.capm-service-db-deployer#flowable-async-job-executor-thread-1674#
[PollExecuteTaskStatusExecution] 070d8486-d915-4207-813d-4e7e9b8a0d10 [2026-09-14T10:25:34.856654] Precompiling "src/gen/data/raven.hr-LeaveTypes.csv"... ok (0s 1ms) (STDOUT, APP/TASK/deploy)#
#2026 09 14 10:25:43.563#Z#DEBUG#16b25dd8-b026-11f1-940d-eeee0a931608.capm-service-db-deployer#flowable-async-job-executor-thread-1674#
[PollExecuteTaskStatusExecution] 070d8486-d915-4207-813d-4e7e9b8a0d10 [2026-09-14T10:25:34.856814] Precompiling "src/gen/data/raven.hr-LeaveTypes.hdbtabledata"... (STDOUT, APP/TASK/deploy)#
#2026 09 14 10:25:43.563#Z#DEBUG#16b25dd8-b026-11f1-940d-eeee0a931608.capm-service-db-deployer#flowable-async-job-executor-thread-1674#
[PollExecuteTaskStatusExecution] 070d8486-d915-4207-813d-4e7e9b8a0d10 [2026-09-14T10:25:34.856958] Precompiling "src/gen/data/raven.hr-LeaveTypes.hdbtabledata"... ok (0s 0ms) (STDOUT, APP/TASK/deploy)#
#2026 09 14 10:25:43.563#Z#DEBUG#16b25dd8-b026-11f1-940d-eeee0a931608.capm-service-db-deployer#flowable-async-job-executor-thread-1674#
[PollExecuteTaskStatusExecution] 070d8486-d915-4207-813d-4e7e9b8a0d10 [2026-09-14T10:25:34.857076] Precompiling "src/gen/data/raven.hr-LeaveTypes.hdbtabledata$0.expand"... (STDOUT, APP/TASK/deploy)#
#2026 09 14 10:25:43.563#Z#DEBUG#16b25dd8-b026-11f1-940d-eeee0a931608.capm-service-db-deployer#flowable-async-job-executor-thread-1674#
[PollExecuteTaskStatusExecution] 070d8486-d915-4207-813d-4e7e9b8a0d10 [2026-09-14T10:25:34.857199] Expanded from "src/gen/data/raven.hr-LeaveTypes.hdbtabledata" (STDOUT, APP/TASK/deploy)#
#2026 09 14 10:25:43.563#Z#DEBUG#16b25dd8-b026-11f1-940d-eeee0a931608.capm-service-db-deployer#flowable-async-job-executor-thread-1674#
[PollExecuteTaskStatusExecution] 070d8486-d915-4207-813d-4e7e9b8a0d10 [2026-09-14T10:25:34.857326] Precompiling "src/gen/data/raven.hr-LeaveRequests.csv"... ok (0s 3ms) (STDOUT, APP/TASK/deploy)#
#2026 09 14 10:25:43.563#Z#DEBUG#16b25dd8-b026-11f1-940d-eeee0a931608.capm-service-db-deployer#flowable-async-job-executor-thread-1674#
[PollExecuteTaskStatusExecution] 070d8486-d915-4207-813d-4e7e9b8a0d10 [2026-09-14T10:25:34.857476] Precompiling "src/gen/HRService.LeaveRequestOverview.hdbview"... ok (0s 12ms) (STDOUT, APP/TASK/deploy)#
#2026 09 14 10:25:43.563#Z#DEBUG#16b25dd8-b026-11f1-940d-eeee0a931608.capm-service-db-deployer#flowable-async-job-executor-thread-1674#
[PollExecuteTaskStatusExecution] 070d8486-d915-4207-813d-4e7e9b8a0d10 [2026-09-14T10:25:34.857599] Precompiling "src/gen/raven.hr.Departments.hdbtable"... (STDOUT, APP/TASK/deploy)#
#2026 09 14 10:25:43.563#Z#DEBUG#16b25dd8-b026-11f1-940d-eeee0a931608.capm-service-db-deployer#flowable-async-job-executor-thread-1674#
[PollExecuteTaskStatusExecution] 070d8486-d915-4207-813d-4e7e9b8a0d10 [2026-09-14T10:25:34.857729] Precompiling "src/gen/raven.hr.Employees.hdbtable"... (STDOUT, APP/TASK/deploy)#
#2026 09 14 10:25:43.563#Z#DEBUG#16b25dd8-b026-11f1-940d-eeee0a931608.capm-service-db-deployer#flowable-async-job-executor-thread-1674#
[PollExecuteTaskStatusExecution] 070d8486-d915-4207-813d-4e7e9b8a0d10 [2026-09-14T10:25:34.857866] Precompiling "src/gen/data/raven.hr-LeaveRequests.hdbtabledata$0.expand"... ok (0s 2ms) (STDOUT, APP/TASK/deploy)#
#2026 09 14 10:25:43.563#Z#DEBUG#16b25dd8-b026-11f1-940d-eeee0a931608.capm-service-db-deployer#flowable-async-job-executor-thread-1674#
[PollExecuteTaskStatusExecution] 070d8486-d915-4207-813d-4e7e9b8a0d10 [2026-09-14T10:25:34.858] Precompiling "src/gen/raven.hr.LeaveBalances.hdbtable"... (STDOUT, APP/TASK/deploy)#
#2026 09 14 10:25:43.563#Z#DEBUG#16b25dd8-b026-11f1-940d-eeee0a931608.capm-service-db-deployer#flowable-async-job-executor-thread-1674#
[PollExecuteTaskStatusExecution] 070d8486-d915-4207-813d-4e7e9b8a0d10 [2026-09-14T10:25:34.858143] Precompiling "src/gen/data/raven.hr-LeaveTypes.hdbtabledata$0.expand"... ok (0s 2ms) (STDOUT, APP/TASK/deploy)#
#2026 09 14 10:25:43.563#Z#DEBUG#16b25dd8-b026-11f1-940d-eeee0a931608.capm-service-db-deployer#flowable-async-job-executor-thread-1674#
[PollExecuteTaskStatusExecution] 070d8486-d915-4207-813d-4e7e9b8a0d10 [2026-09-14T10:25:34.858260] Precompiling "src/gen/raven.hr.LeaveRequestAttachments.hdbtable"... (STDOUT, APP/TASK/deploy)#
#2026 09 14 10:25:43.563#Z#DEBUG#16b25dd8-b026-11f1-940d-eeee0a931608.capm-service-db-deployer#flowable-async-job-executor-thread-1674#
[PollExecuteTaskStatusExecution] 070d8486-d915-4207-813d-4e7e9b8a0d10 [2026-09-14T10:25:34.858443] Precompiling "src/gen/raven.hr.Employees.hdbtable"... ok (0s 8ms) (STDOUT, APP/TASK/deploy)#
#2026 09 14 10:25:43.563#Z#DEBUG#16b25dd8-b026-11f1-940d-eeee0a931608.capm-service-db-deployer#flowable-async-job-executor-thread-1674#
[PollExecuteTaskStatusExecution] 070d8486-d915-4207-813d-4e7e9b8a0d10 [2026-09-14T10:25:34.858549] Precompiling "src/gen/raven.hr.LeaveRequestOverview.hdbview"... (STDOUT, APP/TASK/deploy)#
#2026 09 14 10:25:43.563#Z#DEBUG#16b25dd8-b026-11f1-940d-eeee0a931608.capm-service-db-deployer#flowable-async-job-executor-thread-1674#
[PollExecuteTaskStatusExecution] 070d8486-d915-4207-813d-4e7e9b8a0d10 [2026-09-14T10:25:34.858646] Precompiling "src/gen/raven.hr.LeaveRequestAttachments.hdbtable"... ok (0s 9ms) (STDOUT, APP/TASK/deploy)#
#2026 09 14 10:25:43.563#Z#DEBUG#16b25dd8-b026-11f1-940d-eeee0a931608.capm-service-db-deployer#flowable-async-job-executor-thread-1674#
[PollExecuteTaskStatusExecution] 070d8486-d915-4207-813d-4e7e9b8a0d10 [2026-09-14T10:25:34.858761] Precompiling "src/gen/raven.hr.LeaveRequests.hdbtable"... (STDOUT, APP/TASK/deploy)#
#2026 09 14 10:25:43.563#Z#DEBUG#16b25dd8-b026-11f1-940d-eeee0a931608.capm-service-db-deployer#flowable-async-job-executor-thread-1674#
[PollExecuteTaskStatusExecution] 070d8486-d915-4207-813d-4e7e9b8a0d10 [2026-09-14T10:25:34.858868] Precompiling "src/gen/raven.hr.LeaveBalances.hdbtable"... ok (0s 10ms) (STDOUT, APP/TASK/deploy)#
#2026 09 14 10:25:43.563#Z#DEBUG#16b25dd8-b026-11f1-940d-eeee0a931608.capm-service-db-deployer#flowable-async-job-executor-thread-1674#
[PollExecuteTaskStatusExecution] 070d8486-d915-4207-813d-4e7e9b8a0d10 [2026-09-14T10:25:34.858956] Precompiling "src/gen/raven.hr.Departments.hdbtable"... ok (0s 10ms) (STDOUT, APP/TASK/deploy)#
#2026 09 14 10:25:43.563#Z#DEBUG#16b25dd8-b026-11f1-940d-eeee0a931608.capm-service-db-deployer#flowable-async-job-executor-thread-1674#
[PollExecuteTaskStatusExecution] 070d8486-d915-4207-813d-4e7e9b8a0d10 [2026-09-14T10:25:34.859071] Precompiling "src/gen/raven.hr.LeaveTypes.hdbtable"... (STDOUT, APP/TASK/deploy)#
#2026 09 14 10:25:43.563#Z#DEBUG#16b25dd8-b026-11f1-940d-eeee0a931608.capm-service-db-deployer#flowable-async-job-executor-thread-1674#
[PollExecuteTaskStatusExecution] 070d8486-d915-4207-813d-4e7e9b8a0d10 [2026-09-14T10:25:34.859248] Precompiling "src/leaveRequestNumber.hdbsequence"... (STDOUT, APP/TASK/deploy)#
#2026 09 14 10:25:43.563#Z#DEBUG#16b25dd8-b026-11f1-940d-eeee0a931608.capm-service-db-deployer#flowable-async-job-executor-thread-1674#
[PollExecuteTaskStatusExecution] 070d8486-d915-4207-813d-4e7e9b8a0d10 [2026-09-14T10:25:34.859350] Precompiling "src/gen/raven.hr.LeaveRequestOverview.hdbview"... ok (0s 8ms) (STDOUT, APP/TASK/deploy)#
#2026 09 14 10:25:43.563#Z#DEBUG#16b25dd8-b026-11f1-940d-eeee0a931608.capm-service-db-deployer#flowable-async-job-executor-thread-1674#
[PollExecuteTaskStatusExecution] 070d8486-d915-4207-813d-4e7e9b8a0d10 [2026-09-14T10:25:34.859427] Precompiling "src/recalcLeaveBalance.hdbprocedure"... (STDOUT, APP/TASK/deploy)#
#2026 09 14 10:25:43.563#Z#DEBUG#16b25dd8-b026-11f1-940d-eeee0a931608.capm-service-db-deployer#flowable-async-job-executor-thread-1674#
[PollExecuteTaskStatusExecution] 070d8486-d915-4207-813d-4e7e9b8a0d10 [2026-09-14T10:25:34.860081] Error: com.sap.hana.di.sequence: Syntax error: "incorrect syntax near ":"" [8250009] (STDERR, APP/TASK/deploy)#
#2026 09 14 10:25:43.563#Z#DEBUG#16b25dd8-b026-11f1-940d-eeee0a931608.capm-service-db-deployer#flowable-async-job-executor-thread-1674#
[PollExecuteTaskStatusExecution] 070d8486-d915-4207-813d-4e7e9b8a0d10 [2026-09-14T10:25:34.860174] at "src/leaveRequestNumber.hdbsequence" (1:7) (STDOUT, APP/TASK/deploy)#
#2026 09 14 10:25:43.563#Z#DEBUG#16b25dd8-b026-11f1-940d-eeee0a931608.capm-service-db-deployer#flowable-async-job-executor-thread-1674#
[PollExecuteTaskStatusExecution] 070d8486-d915-4207-813d-4e7e9b8a0d10 [2026-09-14T10:25:34.860323] Precompiling "src/gen/raven.hr.LeaveRequests.hdbtable"... ok (0s 8ms) (STDOUT, APP/TASK/deploy)#
#2026 09 14 10:25:43.563#Z#DEBUG#16b25dd8-b026-11f1-940d-eeee0a931608.capm-service-db-deployer#flowable-async-job-executor-thread-1674#
[PollExecuteTaskStatusExecution] 070d8486-d915-4207-813d-4e7e9b8a0d10 [2026-09-14T10:25:34.860450] Precompiling "src/gen/raven.hr.LeaveTypes.hdbtable"... ok (0s 10ms) (STDOUT, APP/TASK/deploy)#
#2026 09 14 10:25:43.563#Z#DEBUG#16b25dd8-b026-11f1-940d-eeee0a931608.capm-service-db-deployer#flowable-async-job-executor-thread-1674#
[PollExecuteTaskStatusExecution] 070d8486-d915-4207-813d-4e7e9b8a0d10 [2026-09-14T10:25:34.860656] Precompiling "src/recalcLeaveBalance.hdbprocedure"... ok (0s 6ms) (STDOUT, APP/TASK/deploy)#
#2026 09 14 10:25:43.563#Z#DEBUG#16b25dd8-b026-11f1-940d-eeee0a931608.capm-service-db-deployer#flowable-async-job-executor-thread-1674#
[PollExecuteTaskStatusExecution] 070d8486-d915-4207-813d-4e7e9b8a0d10 [2026-09-14T10:25:34.861284] Error: Precompiling... failed [8212133] (STDERR, APP/TASK/deploy)#
#2026 09 14 10:25:43.563#Z#DEBUG#16b25dd8-b026-11f1-940d-eeee0a931608.capm-service-db-deployer#flowable-async-job-executor-thread-1674#
[PollExecuteTaskStatusExecution] 070d8486-d915-4207-813d-4e7e9b8a0d10 [2026-09-14T10:25:34.861535] Error: Calculating dependencies... failed [8212108] (STDERR, APP/TASK/deploy)#
#2026 09 14 10:25:43.563#Z#DEBUG#16b25dd8-b026-11f1-940d-eeee0a931608.capm-service-db-deployer#flowable-async-job-executor-thread-1674#
[PollExecuteTaskStatusExecution] 070d8486-d915-4207-813d-4e7e9b8a0d10 [2026-09-14T10:25:34.861679] Make failed (5 errors, 0 warnings): tried to deploy 22 files, undeploy 0 files, redeploy 0 dependent files (STDOUT, APP/TASK/deploy)#
#2026 09 14 10:25:43.563#Z#DEBUG#16b25dd8-b026-11f1-940d-eeee0a931608.capm-service-db-deployer#flowable-async-job-executor-thread-1674#
[PollExecuteTaskStatusExecution] 070d8486-d915-4207-813d-4e7e9b8a0d10 [2026-09-14T10:25:34.861844] Error: Making... failed [8211605] (STDERR, APP/TASK/deploy)#
#2026 09 14 10:25:43.563#Z#DEBUG#16b25dd8-b026-11f1-940d-eeee0a931608.capm-service-db-deployer#flowable-async-job-executor-thread-1674#
[PollExecuteTaskStatusExecution] 070d8486-d915-4207-813d-4e7e9b8a0d10 [2026-09-14T10:25:34.861987] Error: Starting make in the container "6A5478B8D26E43D8A56BA48D201A9E69" with 22 files to deploy, 0 files to undeploy... failed [8214168] (STDERR, APP/TASK/deploy)#
#2026 09 14 10:25:43.563#Z#DEBUG#16b25dd8-b026-11f1-940d-eeee0a931608.capm-service-db-deployer#flowable-async-job-executor-thread-1674#
[PollExecuteTaskStatusExecution] 070d8486-d915-4207-813d-4e7e9b8a0d10 [2026-09-14T10:25:34.863058] Deployment to container 6A5478B8D26E43D8A56BA48D201A9E69 failed - error: HDI make failed [Deployment ID: none]. (STDERR, APP/TASK/deploy)#
#2026 09 14 10:25:43.563#Z#DEBUG#16b25dd8-b026-11f1-940d-eeee0a931608.capm-service-db-deployer#flowable-async-job-executor-thread-1674#
[PollExecuteTaskStatusExecution] 070d8486-d915-4207-813d-4e7e9b8a0d10 [2026-09-14T10:25:34.869830] Deployment ended at 2026-09-14 10:25:34 (STDOUT, APP/TASK/deploy)#
#2026 09 14 10:25:43.563#Z#DEBUG#16b25dd8-b026-11f1-940d-eeee0a931608.capm-service-db-deployer#flowable-async-job-executor-thread-1674#
[PollExecuteTaskStatusExecution] 070d8486-d915-4207-813d-4e7e9b8a0d10 [2026-09-14T10:25:34.871135] Error: HDI make failed (STDERR, APP/TASK/deploy)#
#2026 09 14 10:25:43.563#Z#DEBUG#16b25dd8-b026-11f1-940d-eeee0a931608.capm-service-db-deployer#flowable-async-job-executor-thread-1674#
[PollExecuteTaskStatusExecution] 070d8486-d915-4207-813d-4e7e9b8a0d10 [2026-09-14T10:25:34.872273] (3s 305ms) (STDOUT, APP/TASK/deploy)#
#2026 09 14 10:25:43.563#Z#DEBUG#16b25dd8-b026-11f1-940d-eeee0a931608.capm-service-db-deployer#flowable-async-job-executor-thread-1674#
[PollExecuteTaskStatusExecution] 070d8486-d915-4207-813d-4e7e9b8a0d10 [2026-09-14T10:25:34.909535] npm notice (STDERR, APP/TASK/deploy)#
#2026 09 14 10:25:43.563#Z#DEBUG#16b25dd8-b026-11f1-940d-eeee0a931608.capm-service-db-deployer#flowable-async-job-executor-thread-1674#
[PollExecuteTaskStatusExecution] 070d8486-d915-4207-813d-4e7e9b8a0d10 [2026-09-14T10:25:34.909570] npm notice New major version of npm available! 11.16.0 -> 12.0.2 (STDERR, APP/TASK/deploy)#
#2026 09 14 10:25:43.563#Z#DEBUG#16b25dd8-b026-11f1-940d-eeee0a931608.capm-service-db-deployer#flowable-async-job-executor-thread-1674#
[PollExecuteTaskStatusExecution] 070d8486-d915-4207-813d-4e7e9b8a0d10 [2026-09-14T10:25:34.909575] npm notice Changelog: https://github.com/npm/cli/releases/tag/v12.0.2 (STDERR, APP/TASK/deploy)#
#2026 09 14 10:25:43.563#Z#DEBUG#16b25dd8-b026-11f1-940d-eeee0a931608.capm-service-db-deployer#flowable-async-job-executor-thread-1674#
[PollExecuteTaskStatusExecution] 070d8486-d915-4207-813d-4e7e9b8a0d10 [2026-09-14T10:25:34.909579] npm notice To update run: npm install -g npm@12.0.2 (STDERR, APP/TASK/deploy)#
#2026 09 14 10:25:43.563#Z#DEBUG#16b25dd8-b026-11f1-940d-eeee0a931608.capm-service-db-deployer#flowable-async-job-executor-thread-1674#
[PollExecuteTaskStatusExecution] 070d8486-d915-4207-813d-4e7e9b8a0d10 [2026-09-14T10:25:34.909581] npm notice (STDERR, APP/TASK/deploy)#
#2026 09 14 10:25:43.563#Z#DEBUG#16b25dd8-b026-11f1-940d-eeee0a931608.capm-service-db-deployer#flowable-async-job-executor-thread-1674#
[PollExecuteTaskStatusExecution] 070d8486-d915-4207-813d-4e7e9b8a0d10 [2026-09-14T10:25:35.055111] Exit status 1 (STDOUT, APP/TASK/deploy)#
#2026 09 14 10:25:43.563#Z#DEBUG#16b25dd8-b026-11f1-940d-eeee0a931608.capm-service-db-deployer#flowable-async-job-executor-thread-1674#
[PollExecuteTaskStatusExecution] 070d8486-d915-4207-813d-4e7e9b8a0d10 [2026-09-14T10:25:35.333738] Cell 684caff8-89cd-492b-be01-b3d0835f1763 stopping instance f8c023bd-0d7e-4424-bd86-e6d863438f23 (STDOUT, CELL)#
#2026 09 14 10:25:43.563#Z#DEBUG#16b25dd8-b026-11f1-940d-eeee0a931608.capm-service-db-deployer#flowable-async-job-executor-thread-1674#
[PollExecuteTaskStatusExecution] 070d8486-d915-4207-813d-4e7e9b8a0d10 [2026-09-14T10:25:35.333793] Cell 684caff8-89cd-492b-be01-b3d0835f1763 destroying container for instance f8c023bd-0d7e-4424-bd86-e6d863438f23 (STDOUT, CELL)#
#2026 09 14 10:25:43.563#Z#DEBUG#16b25dd8-b026-11f1-940d-eeee0a931608.capm-service-db-deployer#flowable-async-job-executor-thread-1674#
[PollExecuteTaskStatusExecution] 070d8486-d915-4207-813d-4e7e9b8a0d10 [2026-09-14T10:25:38.135277] Cell 684caff8-89cd-492b-be01-b3d0835f1763 successfully destroyed container for instance f8c023bd-0d7e-4424-bd86-e6d863438f23 (STDOUT, CELL)#
#2026 09 14 10:25:53.610#Z#DEBUG#16b25dd8-b026-11f1-940d-eeee0a931608.capm-service-db-deployer#flowable-async-job-executor-thread-1679#
[PollExecuteTaskStatusExecution] 070d8486-d915-4207-813d-4e7e9b8a0d10 [2026-09-14T10:25:33.241368] Deleting files... (STDOUT, APP/TASK/deploy)#
#2026 09 14 10:25:53.610#Z#DEBUG#16b25dd8-b026-11f1-940d-eeee0a931608.capm-service-db-deployer#flowable-async-job-executor-thread-1679#
[PollExecuteTaskStatusExecution] 070d8486-d915-4207-813d-4e7e9b8a0d10 [2026-09-14T10:25:33.453998] Deleting files... ok (STDOUT, APP/TASK/deploy)#
#2026 09 14 10:25:53.610#Z#DEBUG#16b25dd8-b026-11f1-940d-eeee0a931608.capm-service-db-deployer#flowable-async-job-executor-thread-1679#
[PollExecuteTaskStatusExecution] 070d8486-d915-4207-813d-4e7e9b8a0d10 [2026-09-14T10:25:33.454056] Writing files... (STDOUT, APP/TASK/deploy)#
#2026 09 14 10:25:53.610#Z#DEBUG#16b25dd8-b026-11f1-940d-eeee0a931608.capm-service-db-deployer#flowable-async-job-executor-thread-1679#
[PollExecuteTaskStatusExecution] 070d8486-d915-4207-813d-4e7e9b8a0d10 [2026-09-14T10:25:33.454303] Writing 25 items (STDOUT, APP/TASK/deploy)#
#2026 09 14 10:25:53.610#Z#DEBUG#16b25dd8-b026-11f1-940d-eeee0a931608.capm-service-db-deployer#flowable-async-job-executor-thread-1679#
[PollExecuteTaskStatusExecution] 070d8486-d915-4207-813d-4e7e9b8a0d10 [2026-09-14T10:25:33.948767] Writing files... ok (STDOUT, APP/TASK/deploy)#
#2026 09 14 10:25:53.610#Z#DEBUG#16b25dd8-b026-11f1-940d-eeee0a931608.capm-service-db-deployer#flowable-async-job-executor-thread-1679#
[PollExecuteTaskStatusExecution] 070d8486-d915-4207-813d-4e7e9b8a0d10 [2026-09-14T10:25:33.948804] Synchronizing files with the container "6A5478B8D26E43D8A56BA48D201A9E69"... ok (1s 101ms) (STDOUT, APP/TASK/deploy)#
#2026 09 14 10:25:53.610#Z#DEBUG#16b25dd8-b026-11f1-940d-eeee0a931608.capm-service-db-deployer#flowable-async-job-executor-thread-1679#
[PollExecuteTaskStatusExecution] 070d8486-d915-4207-813d-4e7e9b8a0d10 [2026-09-14T10:25:33.949328] added files: [ (STDOUT, APP/TASK/deploy)#
#2026 09 14 10:25:53.610#Z#DEBUG#16b25dd8-b026-11f1-940d-eeee0a931608.capm-service-db-deployer#flowable-async-job-executor-thread-1679#
[PollExecuteTaskStatusExecution] 070d8486-d915-4207-813d-4e7e9b8a0d10 [2026-09-14T10:25:33.949350] "src/gen/data/raven.hr-Departments.csv", (STDOUT, APP/TASK/deploy)#
#2026 09 14 10:25:53.610#Z#DEBUG#16b25dd8-b026-11f1-940d-eeee0a931608.capm-service-db-deployer#flowable-async-job-executor-thread-1679#
[PollExecuteTaskStatusExecution] 070d8486-d915-4207-813d-4e7e9b8a0d10 [2026-09-14T10:25:33.949355] "src/gen/data/raven.hr-Departments.hdbtabledata", (STDOUT, APP/TASK/deploy)#
#2026 09 14 10:25:53.610#Z#DEBUG#16b25dd8-b026-11f1-940d-eeee0a931608.capm-service-db-deployer#flowable-async-job-executor-thread-1679#
[PollExecuteTaskStatusExecution] 070d8486-d915-4207-813d-4e7e9b8a0d10 [2026-09-14T10:25:33.949359] "src/gen/data/raven.hr-Employees.csv", (STDOUT, APP/TASK/deploy)#
#2026 09 14 10:25:53.610#Z#DEBUG#16b25dd8-b026-11f1-940d-eeee0a931608.capm-service-db-deployer#flowable-async-job-executor-thread-1679#
[PollExecuteTaskStatusExecution] 070d8486-d915-4207-813d-4e7e9b8a0d10 [2026-09-14T10:25:33.949361] "src/gen/data/raven.hr-Employees.hdbtabledata", (STDOUT, APP/TASK/deploy)#
#2026 09 14 10:25:53.610#Z#DEBUG#16b25dd8-b026-11f1-940d-eeee0a931608.capm-service-db-deployer#flowable-async-job-executor-thread-1679#
[PollExecuteTaskStatusExecution] 070d8486-d915-4207-813d-4e7e9b8a0d10 [2026-09-14T10:25:33.949364] "src/gen/data/raven.hr-LeaveBalances.csv", (STDOUT, APP/TASK/deploy)#
#2026 09 14 10:25:53.610#Z#DEBUG#16b25dd8-b026-11f1-940d-eeee0a931608.capm-service-db-deployer#flowable-async-job-executor-thread-1679#
[PollExecuteTaskStatusExecution] 070d8486-d915-4207-813d-4e7e9b8a0d10 [2026-09-14T10:25:33.949366] "src/gen/data/raven.hr-LeaveBalances.hdbtabledata", (STDOUT, APP/TASK/deploy)#
#2026 09 14 10:25:53.610#Z#DEBUG#16b25dd8-b026-11f1-940d-eeee0a931608.capm-service-db-deployer#flowable-async-job-executor-thread-1679#
[PollExecuteTaskStatusExecution] 070d8486-d915-4207-813d-4e7e9b8a0d10 [2026-09-14T10:25:33.949368] "src/gen/data/raven.hr-LeaveRequests.csv", (STDOUT, APP/TASK/deploy)#
#2026 09 14 10:25:53.610#Z#DEBUG#16b25dd8-b026-11f1-940d-eeee0a931608.capm-service-db-deployer#flowable-async-job-executor-thread-1679#
[PollExecuteTaskStatusExecution] 070d8486-d915-4207-813d-4e7e9b8a0d10 [2026-09-14T10:25:33.949371] "src/gen/data/raven.hr-LeaveRequests.hdbtabledata", (STDOUT, APP/TASK/deploy)#
#2026 09 14 10:25:53.610#Z#DEBUG#16b25dd8-b026-11f1-940d-eeee0a931608.capm-service-db-deployer#flowable-async-job-executor-thread-1679#
[PollExecuteTaskStatusExecution] 070d8486-d915-4207-813d-4e7e9b8a0d10 [2026-09-14T10:25:33.949373] "src/gen/data/raven.hr-LeaveTypes.csv", (STDOUT, APP/TASK/deploy)#
#2026 09 14 10:25:53.610#Z#DEBUG#16b25dd8-b026-11f1-940d-eeee0a931608.capm-service-db-deployer#flowable-async-job-executor-thread-1679#
[PollExecuteTaskStatusExecution] 070d8486-d915-4207-813d-4e7e9b8a0d10 [2026-09-14T10:25:33.949376] "src/gen/data/raven.hr-LeaveTypes.hdbtabledata" (STDOUT, APP/TASK/deploy)#
#2026 09 14 10:25:53.610#Z#DEBUG#16b25dd8-b026-11f1-940d-eeee0a931608.capm-service-db-deployer#flowable-async-job-executor-thread-1679#
[PollExecuteTaskStatusExecution] 070d8486-d915-4207-813d-4e7e9b8a0d10 [2026-09-14T10:25:33.949378] ] (STDOUT, APP/TASK/deploy)#
#2026 09 14 10:25:53.610#Z#DEBUG#16b25dd8-b026-11f1-940d-eeee0a931608.capm-service-db-deployer#flowable-async-job-executor-thread-1679#
[PollExecuteTaskStatusExecution] 070d8486-d915-4207-813d-4e7e9b8a0d10 [2026-09-14T10:25:33.949405] modified files: [ (STDOUT, APP/TASK/deploy)#
#2026 09 14 10:25:53.610#Z#DEBUG#16b25dd8-b026-11f1-940d-eeee0a931608.capm-service-db-deployer#flowable-async-job-executor-thread-1679#
[PollExecuteTaskStatusExecution] 070d8486-d915-4207-813d-4e7e9b8a0d10 [2026-09-14T10:25:33.949408] "src/.hdiconfig", (STDOUT, APP/TASK/deploy)#
#2026 09 14 10:25:53.610#Z#DEBUG#16b25dd8-b026-11f1-940d-eeee0a931608.capm-service-db-deployer#flowable-async-job-executor-thread-1679#
[PollExecuteTaskStatusExecution] 070d8486-d915-4207-813d-4e7e9b8a0d10 [2026-09-14T10:25:33.949411] "src/gen/.hdiconfig", (STDOUT, APP/TASK/deploy)#
#2026 09 14 10:25:53.610#Z#DEBUG#16b25dd8-b026-11f1-940d-eeee0a931608.capm-service-db-deployer#flowable-async-job-executor-thread-1679#
[PollExecuteTaskStatusExecution] 070d8486-d915-4207-813d-4e7e9b8a0d10 [2026-09-14T10:25:33.949413] "src/gen/HRService.LeaveRequestOverview.hdbview", (STDOUT, APP/TASK/deploy)#
#2026 09 14 10:25:53.610#Z#DEBUG#16b25dd8-b026-11f1-940d-eeee0a931608.capm-service-db-deployer#flowable-async-job-executor-thread-1679#
[PollExecuteTaskStatusExecution] 070d8486-d915-4207-813d-4e7e9b8a0d10 [2026-09-14T10:25:33.949416] "src/gen/raven.hr.Departments.hdbtable", (STDOUT, APP/TASK/deploy)#
#2026 09 14 10:25:53.610#Z#DEBUG#16b25dd8-b026-11f1-940d-eeee0a931608.capm-service-db-deployer#flowable-async-job-executor-thread-1679#
[PollExecuteTaskStatusExecution] 070d8486-d915-4207-813d-4e7e9b8a0d10 [2026-09-14T10:25:33.949418] "src/gen/raven.hr.Employees.hdbtable", (STDOUT, APP/TASK/deploy)#
#2026 09 14 10:25:53.610#Z#DEBUG#16b25dd8-b026-11f1-940d-eeee0a931608.capm-service-db-deployer#flowable-async-job-executor-thread-1679#
[PollExecuteTaskStatusExecution] 070d8486-d915-4207-813d-4e7e9b8a0d10 [2026-09-14T10:25:33.949424] "src/gen/raven.hr.LeaveBalances.hdbtable", (STDOUT, APP/TASK/deploy)#
#2026 09 14 10:25:53.610#Z#DEBUG#16b25dd8-b026-11f1-940d-eeee0a931608.capm-service-db-deployer#flowable-async-job-executor-thread-1679#
[PollExecuteTaskStatusExecution] 070d8486-d915-4207-813d-4e7e9b8a0d10 [2026-09-14T10:25:33.949427] "src/gen/raven.hr.LeaveRequestAttachments.hdbtable", (STDOUT, APP/TASK/deploy)#
#2026 09 14 10:25:53.610#Z#DEBUG#16b25dd8-b026-11f1-940d-eeee0a931608.capm-service-db-deployer#flowable-async-job-executor-thread-1679#
[PollExecuteTaskStatusExecution] 070d8486-d915-4207-813d-4e7e9b8a0d10 [2026-09-14T10:25:33.949429] "src/gen/raven.hr.LeaveRequestOverview.hdbview", (STDOUT, APP/TASK/deploy)#
#2026 09 14 10:25:53.610#Z#DEBUG#16b25dd8-b026-11f1-940d-eeee0a931608.capm-service-db-deployer#flowable-async-job-executor-thread-1679#
[PollExecuteTaskStatusExecution] 070d8486-d915-4207-813d-4e7e9b8a0d10 [2026-09-14T10:25:33.949431] "src/gen/raven.hr.LeaveRequests.hdbtable", (STDOUT, APP/TASK/deploy)#
#2026 09 14 10:25:53.610#Z#DEBUG#16b25dd8-b026-11f1-940d-eeee0a931608.capm-service-db-deployer#flowable-async-job-executor-thread-1679#
[PollExecuteTaskStatusExecution] 070d8486-d915-4207-813d-4e7e9b8a0d10 [2026-09-14T10:25:33.949434] "src/gen/raven.hr.LeaveTypes.hdbtable", (STDOUT, APP/TASK/deploy)#
#2026 09 14 10:25:53.610#Z#DEBUG#16b25dd8-b026-11f1-940d-eeee0a931608.capm-service-db-deployer#flowable-async-job-executor-thread-1679#
[PollExecuteTaskStatusExecution] 070d8486-d915-4207-813d-4e7e9b8a0d10 [2026-09-14T10:25:33.949436] "src/leaveRequestNumber.hdbsequence", (STDOUT, APP/TASK/deploy)#
#2026 09 14 10:25:53.610#Z#DEBUG#16b25dd8-b026-11f1-940d-eeee0a931608.capm-service-db-deployer#flowable-async-job-executor-thread-1679#
[PollExecuteTaskStatusExecution] 070d8486-d915-4207-813d-4e7e9b8a0d10 [2026-09-14T10:25:33.949438] "src/recalcLeaveBalance.hdbprocedure" (STDOUT, APP/TASK/deploy)#
#2026 09 14 10:25:53.610#Z#DEBUG#16b25dd8-b026-11f1-940d-eeee0a931608.capm-service-db-deployer#flowable-async-job-executor-thread-1679#
[PollExecuteTaskStatusExecution] 070d8486-d915-4207-813d-4e7e9b8a0d10 [2026-09-14T10:25:33.949454] ] (STDOUT, APP/TASK/deploy)#
#2026 09 14 10:25:53.610#Z#DEBUG#16b25dd8-b026-11f1-940d-eeee0a931608.capm-service-db-deployer#flowable-async-job-executor-thread-1679#
[PollExecuteTaskStatusExecution] 070d8486-d915-4207-813d-4e7e9b8a0d10 [2026-09-14T10:25:33.949475] deleted files: [] (STDOUT, APP/TASK/deploy)#
#2026 09 14 10:25:53.610#Z#DEBUG#16b25dd8-b026-11f1-940d-eeee0a931608.capm-service-db-deployer#flowable-async-job-executor-thread-1679#
[PollExecuteTaskStatusExecution] 070d8486-d915-4207-813d-4e7e9b8a0d10 [2026-09-14T10:25:33.949744] 22 modified or added files are scheduled for deploy based on delta detection (STDOUT, APP/TASK/deploy)#
#2026 09 14 10:25:53.610#Z#DEBUG#16b25dd8-b026-11f1-940d-eeee0a931608.capm-service-db-deployer#flowable-async-job-executor-thread-1679#
[PollExecuteTaskStatusExecution] 070d8486-d915-4207-813d-4e7e9b8a0d10 [2026-09-14T10:25:33.949999] 0 deleted files are scheduled for undeploy based on delta detection (filtered by undeploy allowlist) (STDOUT, APP/TASK/deploy)#
#2026 09 14 10:25:53.610#Z#DEBUG#16b25dd8-b026-11f1-940d-eeee0a931608.capm-service-db-deployer#flowable-async-job-executor-thread-1679#
[PollExecuteTaskStatusExecution] 070d8486-d915-4207-813d-4e7e9b8a0d10 [2026-09-14T10:25:33.950321] 0 files are scheduled for deploy based on explicit specification (STDOUT, APP/TASK/deploy)#
#2026 09 14 10:25:53.610#Z#DEBUG#16b25dd8-b026-11f1-940d-eeee0a931608.capm-service-db-deployer#flowable-async-job-executor-thread-1679#
[PollExecuteTaskStatusExecution] 070d8486-d915-4207-813d-4e7e9b8a0d10 [2026-09-14T10:25:33.950338] 0 files are scheduled for undeploy based on explicit specification (STDOUT, APP/TASK/deploy)#
#2026 09 14 10:25:53.610#Z#DEBUG#16b25dd8-b026-11f1-940d-eeee0a931608.capm-service-db-deployer#flowable-async-job-executor-thread-1679#
[PollExecuteTaskStatusExecution] 070d8486-d915-4207-813d-4e7e9b8a0d10 [2026-09-14T10:25:33.950616] Deploying to the container "6A5478B8D26E43D8A56BA48D201A9E69"... (STDOUT, APP/TASK/deploy)#
#2026 09 14 10:25:53.610#Z#DEBUG#16b25dd8-b026-11f1-940d-eeee0a931608.capm-service-db-deployer#flowable-async-job-executor-thread-1679#
[PollExecuteTaskStatusExecution] 070d8486-d915-4207-813d-4e7e9b8a0d10 [2026-09-14T10:25:34.838786] Starting make in the container "6A5478B8D26E43D8A56BA48D201A9E69" with 22 files to deploy, 0 files to undeploy... (STDOUT, APP/TASK/deploy)#
#2026 09 14 10:25:53.610#Z#DEBUG#16b25dd8-b026-11f1-940d-eeee0a931608.capm-service-db-deployer#flowable-async-job-executor-thread-1679#
[PollExecuteTaskStatusExecution] 070d8486-d915-4207-813d-4e7e9b8a0d10 [2026-09-14T10:25:34.841992] Disabling table replication for the container schema "6A5478B8D26E43D8A56BA48D201A9E69"... (STDOUT, APP/TASK/deploy)#
#2026 09 14 10:25:53.610#Z#DEBUG#16b25dd8-b026-11f1-940d-eeee0a931608.capm-service-db-deployer#flowable-async-job-executor-thread-1679#
[PollExecuteTaskStatusExecution] 070d8486-d915-4207-813d-4e7e9b8a0d10 [2026-09-14T10:25:34.842084] Disabling table replication for the container schema "6A5478B8D26E43D8A56BA48D201A9E69"... ok (0s 15ms) (STDOUT, APP/TASK/deploy)#
#2026 09 14 10:25:53.610#Z#DEBUG#16b25dd8-b026-11f1-940d-eeee0a931608.capm-service-db-deployer#flowable-async-job-executor-thread-1679#
[PollExecuteTaskStatusExecution] 070d8486-d915-4207-813d-4e7e9b8a0d10 [2026-09-14T10:25:34.842158] Migrating libraries... (STDOUT, APP/TASK/deploy)#
#2026 09 14 10:25:53.610#Z#DEBUG#16b25dd8-b026-11f1-940d-eeee0a931608.capm-service-db-deployer#flowable-async-job-executor-thread-1679#
[PollExecuteTaskStatusExecution] 070d8486-d915-4207-813d-4e7e9b8a0d10 [2026-09-14T10:25:34.843268] Migrating libraries... ok (0s 22ms) (STDOUT, APP/TASK/deploy)#
#2026 09 14 10:25:53.610#Z#DEBUG#16b25dd8-b026-11f1-940d-eeee0a931608.capm-service-db-deployer#flowable-async-job-executor-thread-1679#
[PollExecuteTaskStatusExecution] 070d8486-d915-4207-813d-4e7e9b8a0d10 [2026-09-14T10:25:34.843335] Making... (STDOUT, APP/TASK/deploy)#
#2026 09 14 10:25:53.610#Z#DEBUG#16b25dd8-b026-11f1-940d-eeee0a931608.capm-service-db-deployer#flowable-async-job-executor-thread-1679#
[PollExecuteTaskStatusExecution] 070d8486-d915-4207-813d-4e7e9b8a0d10 [2026-09-14T10:25:34.843377] Preparing... (STDOUT, APP/TASK/deploy)#
#2026 09 14 10:25:53.610#Z#DEBUG#16b25dd8-b026-11f1-940d-eeee0a931608.capm-service-db-deployer#flowable-async-job-executor-thread-1679#
[PollExecuteTaskStatusExecution] 070d8486-d915-4207-813d-4e7e9b8a0d10 [2026-09-14T10:25:34.843487] Preparing the make transaction... (STDOUT, APP/TASK/deploy)#
#2026 09 14 10:25:53.610#Z#DEBUG#16b25dd8-b026-11f1-940d-eeee0a931608.capm-service-db-deployer#flowable-async-job-executor-thread-1679#
[PollExecuteTaskStatusExecution] 070d8486-d915-4207-813d-4e7e9b8a0d10 [2026-09-14T10:25:34.843628] Preparing the make transaction... ok (0s 23ms) (STDOUT, APP/TASK/deploy)#
#2026 09 14 10:25:53.610#Z#DEBUG#16b25dd8-b026-11f1-940d-eeee0a931608.capm-service-db-deployer#flowable-async-job-executor-thread-1679#
[PollExecuteTaskStatusExecution] 070d8486-d915-4207-813d-4e7e9b8a0d10 [2026-09-14T10:25:34.843965] Deploying the configuration file "src/.hdiconfig"... (STDOUT, APP/TASK/deploy)#
#2026 09 14 10:25:53.610#Z#DEBUG#16b25dd8-b026-11f1-940d-eeee0a931608.capm-service-db-deployer#flowable-async-job-executor-thread-1679#
[PollExecuteTaskStatusExecution] 070d8486-d915-4207-813d-4e7e9b8a0d10 [2026-09-14T10:25:34.847044] Deploying the configuration file "src/.hdiconfig"... ok (0s 8ms) (STDOUT, APP/TASK/deploy)#
#2026 09 14 10:25:53.610#Z#DEBUG#16b25dd8-b026-11f1-940d-eeee0a931608.capm-service-db-deployer#flowable-async-job-executor-thread-1679#
[PollExecuteTaskStatusExecution] 070d8486-d915-4207-813d-4e7e9b8a0d10 [2026-09-14T10:25:34.847122] Deploying the configuration file "src/gen/.hdiconfig"... (STDOUT, APP/TASK/deploy)#
#2026 09 14 10:25:53.610#Z#DEBUG#16b25dd8-b026-11f1-940d-eeee0a931608.capm-service-db-deployer#flowable-async-job-executor-thread-1679#
[PollExecuteTaskStatusExecution] 070d8486-d915-4207-813d-4e7e9b8a0d10 [2026-09-14T10:25:34.847279] Deploying the configuration file "src/gen/.hdiconfig"... ok (0s 6ms) (STDOUT, APP/TASK/deploy)#
#2026 09 14 10:25:53.610#Z#DEBUG#16b25dd8-b026-11f1-940d-eeee0a931608.capm-service-db-deployer#flowable-async-job-executor-thread-1679#
[PollExecuteTaskStatusExecution] 070d8486-d915-4207-813d-4e7e9b8a0d10 [2026-09-14T10:25:34.847329] Adding "src/gen/HRService.LeaveRequestOverview.hdbview" for deploy... (STDOUT, APP/TASK/deploy)#
#2026 09 14 10:25:53.610#Z#DEBUG#16b25dd8-b026-11f1-940d-eeee0a931608.capm-service-db-deployer#flowable-async-job-executor-thread-1679#
[PollExecuteTaskStatusExecution] 070d8486-d915-4207-813d-4e7e9b8a0d10 [2026-09-14T10:25:34.847359] Adding "src/gen/HRService.LeaveRequestOverview.hdbview" for deploy... ok (0s 1ms) (STDOUT, APP/TASK/deploy)#
#2026 09 14 10:25:53.610#Z#DEBUG#16b25dd8-b026-11f1-940d-eeee0a931608.capm-service-db-deployer#flowable-async-job-executor-thread-1679#
[PollExecuteTaskStatusExecution] 070d8486-d915-4207-813d-4e7e9b8a0d10 [2026-09-14T10:25:34.847445] Adding "src/gen/data/raven.hr-Departments.csv" for deploy... (STDOUT, APP/TASK/deploy)#
#2026 09 14 10:25:53.610#Z#DEBUG#16b25dd8-b026-11f1-940d-eeee0a931608.capm-service-db-deployer#flowable-async-job-executor-thread-1679#
[PollExecuteTaskStatusExecution] 070d8486-d915-4207-813d-4e7e9b8a0d10 [2026-09-14T10:25:34.847525] Adding "src/gen/data/raven.hr-Departments.csv" for deploy... ok (0s 4ms) (STDOUT, APP/TASK/deploy)#
#2026 09 14 10:25:53.610#Z#DEBUG#16b25dd8-b026-11f1-940d-eeee0a931608.capm-service-db-deployer#flowable-async-job-executor-thread-1679#
[PollExecuteTaskStatusExecution] 070d8486-d915-4207-813d-4e7e9b8a0d10 [2026-09-14T10:25:34.847579] Adding "src/gen/data/raven.hr-Departments.hdbtabledata" for deploy... (STDOUT, APP/TASK/deploy)#
#2026 09 14 10:25:53.610#Z#DEBUG#16b25dd8-b026-11f1-940d-eeee0a931608.capm-service-db-deployer#flowable-async-job-executor-thread-1679#
[PollExecuteTaskStatusExecution] 070d8486-d915-4207-813d-4e7e9b8a0d10 [2026-09-14T10:25:34.847663] Adding "src/gen/data/raven.hr-Departments.hdbtabledata" for deploy... ok (0s 0ms) (STDOUT, APP/TASK/deploy)#
#2026 09 14 10:25:53.610#Z#DEBUG#16b25dd8-b026-11f1-940d-eeee0a931608.capm-service-db-deployer#flowable-async-job-executor-thread-1679#
[PollExecuteTaskStatusExecution] 070d8486-d915-4207-813d-4e7e9b8a0d10 [2026-09-14T10:25:34.847744] Adding "src/gen/data/raven.hr-Employees.csv" for deploy... (STDOUT, APP/TASK/deploy)#
#2026 09 14 10:25:53.610#Z#DEBUG#16b25dd8-b026-11f1-940d-eeee0a931608.capm-service-db-deployer#flowable-async-job-executor-thread-1679#
[PollExecuteTaskStatusExecution] 070d8486-d915-4207-813d-4e7e9b8a0d10 [2026-09-14T10:25:34.847824] Adding "src/gen/data/raven.hr-Employees.csv" for deploy... ok (0s 0ms) (STDOUT, APP/TASK/deploy)#
#2026 09 14 10:25:53.610#Z#DEBUG#16b25dd8-b026-11f1-940d-eeee0a931608.capm-service-db-deployer#flowable-async-job-executor-thread-1679#
[PollExecuteTaskStatusExecution] 070d8486-d915-4207-813d-4e7e9b8a0d10 [2026-09-14T10:25:34.847904] Adding "src/gen/data/raven.hr-Employees.hdbtabledata" for deploy... (STDOUT, APP/TASK/deploy)#
#2026 09 14 10:25:53.610#Z#DEBUG#16b25dd8-b026-11f1-940d-eeee0a931608.capm-service-db-deployer#flowable-async-job-executor-thread-1679#
[PollExecuteTaskStatusExecution] 070d8486-d915-4207-813d-4e7e9b8a0d10 [2026-09-14T10:25:34.847983] Adding "src/gen/data/raven.hr-Employees.hdbtabledata" for deploy... ok (0s 1ms) (STDOUT, APP/TASK/deploy)#
#2026 09 14 10:25:53.610#Z#DEBUG#16b25dd8-b026-11f1-940d-eeee0a931608.capm-service-db-deployer#flowable-async-job-executor-thread-1679#
[PollExecuteTaskStatusExecution] 070d8486-d915-4207-813d-4e7e9b8a0d10 [2026-09-14T10:25:34.848066] Adding "src/gen/data/raven.hr-LeaveBalances.csv" for deploy... (STDOUT, APP/TASK/deploy)#
#2026 09 14 10:25:53.610#Z#DEBUG#16b25dd8-b026-11f1-940d-eeee0a931608.capm-service-db-deployer#flowable-async-job-executor-thread-1679#
[PollExecuteTaskStatusExecution] 070d8486-d915-4207-813d-4e7e9b8a0d10 [2026-09-14T10:25:34.848130] Adding "src/gen/data/raven.hr-LeaveBalances.csv" for deploy... ok (0s 0ms) (STDOUT, APP/TASK/deploy)#
#2026 09 14 10:25:53.610#Z#DEBUG#16b25dd8-b026-11f1-940d-eeee0a931608.capm-service-db-deployer#flowable-async-job-executor-thread-1679#
[PollExecuteTaskStatusExecution] 070d8486-d915-4207-813d-4e7e9b8a0d10 [2026-09-14T10:25:34.848224] Adding "src/gen/data/raven.hr-LeaveBalances.hdbtabledata" for deploy... (STDOUT, APP/TASK/deploy)#
#2026 09 14 10:25:53.610#Z#DEBUG#16b25dd8-b026-11f1-940d-eeee0a931608.capm-service-db-deployer#flowable-async-job-executor-thread-1679#
[PollExecuteTaskStatusExecution] 070d8486-d915-4207-813d-4e7e9b8a0d10 [2026-09-14T10:25:34.848284] Adding "src/gen/data/raven.hr-LeaveBalances.hdbtabledata" for deploy... ok (0s 0ms) (STDOUT, APP/TASK/deploy)#
#2026 09 14 10:25:53.610#Z#DEBUG#16b25dd8-b026-11f1-940d-eeee0a931608.capm-service-db-deployer#flowable-async-job-executor-thread-1679#
[PollExecuteTaskStatusExecution] 070d8486-d915-4207-813d-4e7e9b8a0d10 [2026-09-14T10:25:34.848370] Adding "src/gen/data/raven.hr-LeaveRequests.csv" for deploy... (STDOUT, APP/TASK/deploy)#
#2026 09 14 10:25:53.610#Z#DEBUG#16b25dd8-b026-11f1-940d-eeee0a931608.capm-service-db-deployer#flowable-async-job-executor-thread-1679#
[PollExecuteTaskStatusExecution] 070d8486-d915-4207-813d-4e7e9b8a0d10 [2026-09-14T10:25:34.848426] Adding "src/gen/data/raven.hr-LeaveRequests.csv" for deploy... ok (0s 0ms) (STDOUT, APP/TASK/deploy)#
#2026 09 14 10:25:53.610#Z#DEBUG#16b25dd8-b026-11f1-940d-eeee0a931608.capm-service-db-deployer#flowable-async-job-executor-thread-1679#
[PollExecuteTaskStatusExecution] 070d8486-d915-4207-813d-4e7e9b8a0d10 [2026-09-14T10:25:34.848566] Adding "src/gen/data/raven.hr-LeaveRequests.hdbtabledata" for deploy... (STDOUT, APP/TASK/deploy)#
#2026 09 14 10:25:53.610#Z#DEBUG#16b25dd8-b026-11f1-940d-eeee0a931608.capm-service-db-deployer#flowable-async-job-executor-thread-1679#
[PollExecuteTaskStatusExecution] 070d8486-d915-4207-813d-4e7e9b8a0d10 [2026-09-14T10:25:34.848584] Adding "src/gen/data/raven.hr-LeaveRequests.hdbtabledata" for deploy... ok (0s 0ms) (STDOUT, APP/TASK/deploy)#
#2026 09 14 10:25:53.610#Z#DEBUG#16b25dd8-b026-11f1-940d-eeee0a931608.capm-service-db-deployer#flowable-async-job-executor-thread-1679#
[PollExecuteTaskStatusExecution] 070d8486-d915-4207-813d-4e7e9b8a0d10 [2026-09-14T10:25:34.848678] Adding "src/gen/data/raven.hr-LeaveTypes.csv" for deploy... (STDOUT, APP/TASK/deploy)#
#2026 09 14 10:25:53.610#Z#DEBUG#16b25dd8-b026-11f1-940d-eeee0a931608.capm-service-db-deployer#flowable-async-job-executor-thread-1679#
[PollExecuteTaskStatusExecution] 070d8486-d915-4207-813d-4e7e9b8a0d10 [2026-09-14T10:25:34.848691] Adding "src/gen/data/raven.hr-LeaveTypes.csv" for deploy... ok (0s 0ms) (STDOUT, APP/TASK/deploy)#
#2026 09 14 10:25:53.610#Z#DEBUG#16b25dd8-b026-11f1-940d-eeee0a931608.capm-service-db-deployer#flowable-async-job-executor-thread-1679#
[PollExecuteTaskStatusExecution] 070d8486-d915-4207-813d-4e7e9b8a0d10 [2026-09-14T10:25:34.848846] Adding "src/gen/data/raven.hr-LeaveTypes.hdbtabledata" for deploy... (STDOUT, APP/TASK/deploy)#
#2026 09 14 10:25:53.610#Z#DEBUG#16b25dd8-b026-11f1-940d-eeee0a931608.capm-service-db-deployer#flowable-async-job-executor-thread-1679#
[PollExecuteTaskStatusExecution] 070d8486-d915-4207-813d-4e7e9b8a0d10 [2026-09-14T10:25:34.848890] Adding "src/gen/data/raven.hr-LeaveTypes.hdbtabledata" for deploy... ok (0s 0ms) (STDOUT, APP/TASK/deploy)#
#2026 09 14 10:25:53.610#Z#DEBUG#16b25dd8-b026-11f1-940d-eeee0a931608.capm-service-db-deployer#flowable-async-job-executor-thread-1679#
[PollExecuteTaskStatusExecution] 070d8486-d915-4207-813d-4e7e9b8a0d10 [2026-09-14T10:25:34.848952] Adding "src/gen/raven.hr.Departments.hdbtable" for deploy... (STDOUT, APP/TASK/deploy)#
#2026 09 14 10:25:53.610#Z#DEBUG#16b25dd8-b026-11f1-940d-eeee0a931608.capm-service-db-deployer#flowable-async-job-executor-thread-1679#
[PollExecuteTaskStatusExecution] 070d8486-d915-4207-813d-4e7e9b8a0d10 [2026-09-14T10:25:34.849048] Adding "src/gen/raven.hr.Departments.hdbtable" for deploy... ok (0s 0ms) (STDOUT, APP/TASK/deploy)#
#2026 09 14 10:25:53.610#Z#DEBUG#16b25dd8-b026-11f1-940d-eeee0a931608.capm-service-db-deployer#flowable-async-job-executor-thread-1679#
[PollExecuteTaskStatusExecution] 070d8486-d915-4207-813d-4e7e9b8a0d10 [2026-09-14T10:25:34.849134] Adding "src/gen/raven.hr.Employees.hdbtable" for deploy... (STDOUT, APP/TASK/deploy)#
#2026 09 14 10:25:53.610#Z#DEBUG#16b25dd8-b026-11f1-940d-eeee0a931608.capm-service-db-deployer#flowable-async-job-executor-thread-1679#
[PollExecuteTaskStatusExecution] 070d8486-d915-4207-813d-4e7e9b8a0d10 [2026-09-14T10:25:34.849224] Adding "src/gen/raven.hr.Employees.hdbtable" for deploy... ok (0s 0ms) (STDOUT, APP/TASK/deploy)#
#2026 09 14 10:25:53.610#Z#DEBUG#16b25dd8-b026-11f1-940d-eeee0a931608.capm-service-db-deployer#flowable-async-job-executor-thread-1679#
[PollExecuteTaskStatusExecution] 070d8486-d915-4207-813d-4e7e9b8a0d10 [2026-09-14T10:25:34.849318] Adding "src/gen/raven.hr.LeaveBalances.hdbtable" for deploy... (STDOUT, APP/TASK/deploy)#
#2026 09 14 10:25:53.610#Z#DEBUG#16b25dd8-b026-11f1-940d-eeee0a931608.capm-service-db-deployer#flowable-async-job-executor-thread-1679#
[PollExecuteTaskStatusExecution] 070d8486-d915-4207-813d-4e7e9b8a0d10 [2026-09-14T10:25:34.849425] Adding "src/gen/raven.hr.LeaveBalances.hdbtable" for deploy... ok (0s 1ms) (STDOUT, APP/TASK/deploy)#
#2026 09 14 10:25:53.610#Z#DEBUG#16b25dd8-b026-11f1-940d-eeee0a931608.capm-service-db-deployer#flowable-async-job-executor-thread-1679#
[PollExecuteTaskStatusExecution] 070d8486-d915-4207-813d-4e7e9b8a0d10 [2026-09-14T10:25:34.849494] Adding "src/gen/raven.hr.LeaveRequestAttachments.hdbtable" for deploy... (STDOUT, APP/TASK/deploy)#
#2026 09 14 10:25:53.610#Z#DEBUG#16b25dd8-b026-11f1-940d-eeee0a931608.capm-service-db-deployer#flowable-async-job-executor-thread-1679#
[PollExecuteTaskStatusExecution] 070d8486-d915-4207-813d-4e7e9b8a0d10 [2026-09-14T10:25:34.849586] Adding "src/gen/raven.hr.LeaveRequestAttachments.hdbtable" for deploy... ok (0s 0ms) (STDOUT, APP/TASK/deploy)#
#2026 09 14 10:25:53.610#Z#DEBUG#16b25dd8-b026-11f1-940d-eeee0a931608.capm-service-db-deployer#flowable-async-job-executor-thread-1679#
[PollExecuteTaskStatusExecution] 070d8486-d915-4207-813d-4e7e9b8a0d10 [2026-09-14T10:25:34.849675] Adding "src/gen/raven.hr.LeaveRequestOverview.hdbview" for deploy... (STDOUT, APP/TASK/deploy)#
#2026 09 14 10:25:53.610#Z#DEBUG#16b25dd8-b026-11f1-940d-eeee0a931608.capm-service-db-deployer#flowable-async-job-executor-thread-1679#
[PollExecuteTaskStatusExecution] 070d8486-d915-4207-813d-4e7e9b8a0d10 [2026-09-14T10:25:34.849765] Adding "src/gen/raven.hr.LeaveRequestOverview.hdbview" for deploy... ok (0s 0ms) (STDOUT, APP/TASK/deploy)#
#2026 09 14 10:25:53.610#Z#DEBUG#16b25dd8-b026-11f1-940d-eeee0a931608.capm-service-db-deployer#flowable-async-job-executor-thread-1679#
[PollExecuteTaskStatusExecution] 070d8486-d915-4207-813d-4e7e9b8a0d10 [2026-09-14T10:25:34.849857] Adding "src/gen/raven.hr.LeaveRequests.hdbtable" for deploy... (STDOUT, APP/TASK/deploy)#
#2026 09 14 10:25:53.610#Z#DEBUG#16b25dd8-b026-11f1-940d-eeee0a931608.capm-service-db-deployer#flowable-async-job-executor-thread-1679#
[PollExecuteTaskStatusExecution] 070d8486-d915-4207-813d-4e7e9b8a0d10 [2026-09-14T10:25:34.849958] Adding "src/gen/raven.hr.LeaveRequests.hdbtable" for deploy... ok (0s 0ms) (STDOUT, APP/TASK/deploy)#
#2026 09 14 10:25:53.610#Z#DEBUG#16b25dd8-b026-11f1-940d-eeee0a931608.capm-service-db-deployer#flowable-async-job-executor-thread-1679#
[PollExecuteTaskStatusExecution] 070d8486-d915-4207-813d-4e7e9b8a0d10 [2026-09-14T10:25:34.850038] Adding "src/gen/raven.hr.LeaveTypes.hdbtable" for deploy... (STDOUT, APP/TASK/deploy)#
#2026 09 14 10:25:53.610#Z#DEBUG#16b25dd8-b026-11f1-940d-eeee0a931608.capm-service-db-deployer#flowable-async-job-executor-thread-1679#
[PollExecuteTaskStatusExecution] 070d8486-d915-4207-813d-4e7e9b8a0d10 [2026-09-14T10:25:34.850131] Adding "src/gen/raven.hr.LeaveTypes.hdbtable" for deploy... ok (0s 1ms) (STDOUT, APP/TASK/deploy)#
#2026 09 14 10:25:53.610#Z#DEBUG#16b25dd8-b026-11f1-940d-eeee0a931608.capm-service-db-deployer#flowable-async-job-executor-thread-1679#
[PollExecuteTaskStatusExecution] 070d8486-d915-4207-813d-4e7e9b8a0d10 [2026-09-14T10:25:34.850245] Adding "src/leaveRequestNumber.hdbsequence" for deploy... (STDOUT, APP/TASK/deploy)#
#2026 09 14 10:25:53.610#Z#DEBUG#16b25dd8-b026-11f1-940d-eeee0a931608.capm-service-db-deployer#flowable-async-job-executor-thread-1679#
[PollExecuteTaskStatusExecution] 070d8486-d915-4207-813d-4e7e9b8a0d10 [2026-09-14T10:25:34.850295] Adding "src/leaveRequestNumber.hdbsequence" for deploy... ok (0s 1ms) (STDOUT, APP/TASK/deploy)#
#2026 09 14 10:25:53.610#Z#DEBUG#16b25dd8-b026-11f1-940d-eeee0a931608.capm-service-db-deployer#flowable-async-job-executor-thread-1679#
[PollExecuteTaskStatusExecution] 070d8486-d915-4207-813d-4e7e9b8a0d10 [2026-09-14T10:25:34.850389] Adding "src/recalcLeaveBalance.hdbprocedure" for deploy... (STDOUT, APP/TASK/deploy)#
#2026 09 14 10:25:53.610#Z#DEBUG#16b25dd8-b026-11f1-940d-eeee0a931608.capm-service-db-deployer#flowable-async-job-executor-thread-1679#
[PollExecuteTaskStatusExecution] 070d8486-d915-4207-813d-4e7e9b8a0d10 [2026-09-14T10:25:34.850477] Adding "src/recalcLeaveBalance.hdbprocedure" for deploy... ok (0s 0ms) (STDOUT, APP/TASK/deploy)#
#2026 09 14 10:25:53.610#Z#DEBUG#16b25dd8-b026-11f1-940d-eeee0a931608.capm-service-db-deployer#flowable-async-job-executor-thread-1679#
[PollExecuteTaskStatusExecution] 070d8486-d915-4207-813d-4e7e9b8a0d10 [2026-09-14T10:25:34.850581] Preparing... ok (0s 126ms) (STDOUT, APP/TASK/deploy)#
#2026 09 14 10:25:53.610#Z#DEBUG#16b25dd8-b026-11f1-940d-eeee0a931608.capm-service-db-deployer#flowable-async-job-executor-thread-1679#
[PollExecuteTaskStatusExecution] 070d8486-d915-4207-813d-4e7e9b8a0d10 [2026-09-14T10:25:34.850662] Calculating dependencies... (STDOUT, APP/TASK/deploy)#
#2026 09 14 10:25:53.610#Z#DEBUG#16b25dd8-b026-11f1-940d-eeee0a931608.capm-service-db-deployer#flowable-async-job-executor-thread-1679#
[PollExecuteTaskStatusExecution] 070d8486-d915-4207-813d-4e7e9b8a0d10 [2026-09-14T10:25:34.850745] Expanding... (STDOUT, APP/TASK/deploy)#
#2026 09 14 10:25:53.610#Z#DEBUG#16b25dd8-b026-11f1-940d-eeee0a931608.capm-service-db-deployer#flowable-async-job-executor-thread-1679#
[PollExecuteTaskStatusExecution] 070d8486-d915-4207-813d-4e7e9b8a0d10 [2026-09-14T10:25:34.850815] Expanding "src/gen/HRService.LeaveRequestOverview.hdbview"... (STDOUT, APP/TASK/deploy)#
#2026 09 14 10:25:53.610#Z#DEBUG#16b25dd8-b026-11f1-940d-eeee0a931608.capm-service-db-deployer#flowable-async-job-executor-thread-1679#
[PollExecuteTaskStatusExecution] 070d8486-d915-4207-813d-4e7e9b8a0d10 [2026-09-14T10:25:34.850908] Expanding "src/gen/data/raven.hr-Departments.hdbtabledata"... (STDOUT, APP/TASK/deploy)#
#2026 09 14 10:25:53.610#Z#DEBUG#16b25dd8-b026-11f1-940d-eeee0a931608.capm-service-db-deployer#flowable-async-job-executor-thread-1679#
[PollExecuteTaskStatusExecution] 070d8486-d915-4207-813d-4e7e9b8a0d10 [2026-09-14T10:25:34.850966] Expanding "src/gen/data/raven.hr-Employees.hdbtabledata"... (STDOUT, APP/TASK/deploy)#
#2026 09 14 10:25:53.610#Z#DEBUG#16b25dd8-b026-11f1-940d-eeee0a931608.capm-service-db-deployer#flowable-async-job-executor-thread-1679#
[PollExecuteTaskStatusExecution] 070d8486-d915-4207-813d-4e7e9b8a0d10 [2026-09-14T10:25:34.851047] Expanding "src/gen/data/raven.hr-LeaveBalances.hdbtabledata"... (STDOUT, APP/TASK/deploy)#
#2026 09 14 10:25:53.610#Z#DEBUG#16b25dd8-b026-11f1-940d-eeee0a931608.capm-service-db-deployer#flowable-async-job-executor-thread-1679#
[PollExecuteTaskStatusExecution] 070d8486-d915-4207-813d-4e7e9b8a0d10 [2026-09-14T10:25:34.851111] Expanding "src/gen/data/raven.hr-Departments.hdbtabledata"... ok (0s 4ms) (STDOUT, APP/TASK/deploy)#
#2026 09 14 10:25:53.610#Z#DEBUG#16b25dd8-b026-11f1-940d-eeee0a931608.capm-service-db-deployer#flowable-async-job-executor-thread-1679#
[PollExecuteTaskStatusExecution] 070d8486-d915-4207-813d-4e7e9b8a0d10 [2026-09-14T10:25:34.851192] Expanding "src/gen/data/raven.hr-LeaveRequests.hdbtabledata"... (STDOUT, APP/TASK/deploy)#
#2026 09 14 10:25:53.610#Z#DEBUG#16b25dd8-b026-11f1-940d-eeee0a931608.capm-service-db-deployer#flowable-async-job-executor-thread-1679#
[PollExecuteTaskStatusExecution] 070d8486-d915-4207-813d-4e7e9b8a0d10 [2026-09-14T10:25:34.851274] Expanding "src/gen/data/raven.hr-LeaveRequests.hdbtabledata"... ok (0s 3ms) (STDOUT, APP/TASK/deploy)#
#2026 09 14 10:25:53.610#Z#DEBUG#16b25dd8-b026-11f1-940d-eeee0a931608.capm-service-db-deployer#flowable-async-job-executor-thread-1679#
[PollExecuteTaskStatusExecution] 070d8486-d915-4207-813d-4e7e9b8a0d10 [2026-09-14T10:25:34.851353] Expanding "src/gen/data/raven.hr-LeaveTypes.hdbtabledata"... (STDOUT, APP/TASK/deploy)#
#2026 09 14 10:25:53.610#Z#DEBUG#16b25dd8-b026-11f1-940d-eeee0a931608.capm-service-db-deployer#flowable-async-job-executor-thread-1679#
[PollExecuteTaskStatusExecution] 070d8486-d915-4207-813d-4e7e9b8a0d10 [2026-09-14T10:25:34.851440] Expanding "src/gen/data/raven.hr-Employees.hdbtabledata"... ok (0s 4ms) (STDOUT, APP/TASK/deploy)#
#2026 09 14 10:25:53.610#Z#DEBUG#16b25dd8-b026-11f1-940d-eeee0a931608.capm-service-db-deployer#flowable-async-job-executor-thread-1679#
[PollExecuteTaskStatusExecution] 070d8486-d915-4207-813d-4e7e9b8a0d10 [2026-09-14T10:25:34.851520] Expanding "src/gen/data/raven.hr-LeaveBalances.hdbtabledata"... ok (0s 3ms) (STDOUT, APP/TASK/deploy)#
#2026 09 14 10:25:53.610#Z#DEBUG#16b25dd8-b026-11f1-940d-eeee0a931608.capm-service-db-deployer#flowable-async-job-executor-thread-1679#
[PollExecuteTaskStatusExecution] 070d8486-d915-4207-813d-4e7e9b8a0d10 [2026-09-14T10:25:34.851584] Expanding "src/gen/raven.hr.Departments.hdbtable"... (STDOUT, APP/TASK/deploy)#
#2026 09 14 10:25:53.610#Z#DEBUG#16b25dd8-b026-11f1-940d-eeee0a931608.capm-service-db-deployer#flowable-async-job-executor-thread-1679#
[PollExecuteTaskStatusExecution] 070d8486-d915-4207-813d-4e7e9b8a0d10 [2026-09-14T10:25:34.851694] Expanding "src/gen/raven.hr.Employees.hdbtable"... (STDOUT, APP/TASK/deploy)#
#2026 09 14 10:25:53.610#Z#DEBUG#16b25dd8-b026-11f1-940d-eeee0a931608.capm-service-db-deployer#flowable-async-job-executor-thread-1679#
[PollExecuteTaskStatusExecution] 070d8486-d915-4207-813d-4e7e9b8a0d10 [2026-09-14T10:25:34.851751] Expanding "src/gen/data/raven.hr-LeaveTypes.hdbtabledata"... ok (0s 3ms) (STDOUT, APP/TASK/deploy)#
#2026 09 14 10:25:53.610#Z#DEBUG#16b25dd8-b026-11f1-940d-eeee0a931608.capm-service-db-deployer#flowable-async-job-executor-thread-1679#
[PollExecuteTaskStatusExecution] 070d8486-d915-4207-813d-4e7e9b8a0d10 [2026-09-14T10:25:34.851827] Expanding "src/gen/raven.hr.LeaveBalances.hdbtable"... (STDOUT, APP/TASK/deploy)#
#2026 09 14 10:25:53.610#Z#DEBUG#16b25dd8-b026-11f1-940d-eeee0a931608.capm-service-db-deployer#flowable-async-job-executor-thread-1679#
[PollExecuteTaskStatusExecution] 070d8486-d915-4207-813d-4e7e9b8a0d10 [2026-09-14T10:25:34.851908] Expanding "src/gen/HRService.LeaveRequestOverview.hdbview"... ok (0s 13ms) (STDOUT, APP/TASK/deploy)#
#2026 09 14 10:25:53.610#Z#DEBUG#16b25dd8-b026-11f1-940d-eeee0a931608.capm-service-db-deployer#flowable-async-job-executor-thread-1679#
[PollExecuteTaskStatusExecution] 070d8486-d915-4207-813d-4e7e9b8a0d10 [2026-09-14T10:25:34.851987] Expanding "src/gen/raven.hr.LeaveRequestAttachments.hdbtable"... (STDOUT, APP/TASK/deploy)#
#2026 09 14 10:25:53.610#Z#DEBUG#16b25dd8-b026-11f1-940d-eeee0a931608.capm-service-db-deployer#flowable-async-job-executor-thread-1679#
[PollExecuteTaskStatusExecution] 070d8486-d915-4207-813d-4e7e9b8a0d10 [2026-09-14T10:25:34.852074] Expanding "src/gen/raven.hr.Departments.hdbtable"... ok (0s 11ms) (STDOUT, APP/TASK/deploy)#
#2026 09 14 10:25:53.610#Z#DEBUG#16b25dd8-b026-11f1-940d-eeee0a931608.capm-service-db-deployer#flowable-async-job-executor-thread-1679#
[PollExecuteTaskStatusExecution] 070d8486-d915-4207-813d-4e7e9b8a0d10 [2026-09-14T10:25:34.852129] Expanding "src/gen/raven.hr.LeaveRequestOverview.hdbview"... (STDOUT, APP/TASK/deploy)#
#2026 09 14 10:25:53.610#Z#DEBUG#16b25dd8-b026-11f1-940d-eeee0a931608.capm-service-db-deployer#flowable-async-job-executor-thread-1679#
[PollExecuteTaskStatusExecution] 070d8486-d915-4207-813d-4e7e9b8a0d10 [2026-09-14T10:25:34.852212] Expanding "src/gen/raven.hr.LeaveBalances.hdbtable"... ok (0s 11ms) (STDOUT, APP/TASK/deploy)#
#2026 09 14 10:25:53.610#Z#DEBUG#16b25dd8-b026-11f1-940d-eeee0a931608.capm-service-db-deployer#flowable-async-job-executor-thread-1679#
[PollExecuteTaskStatusExecution] 070d8486-d915-4207-813d-4e7e9b8a0d10 [2026-09-14T10:25:34.852275] Expanding "src/gen/raven.hr.LeaveRequests.hdbtable"... (STDOUT, APP/TASK/deploy)#
#2026 09 14 10:25:53.610#Z#DEBUG#16b25dd8-b026-11f1-940d-eeee0a931608.capm-service-db-deployer#flowable-async-job-executor-thread-1679#
[PollExecuteTaskStatusExecution] 070d8486-d915-4207-813d-4e7e9b8a0d10 [2026-09-14T10:25:34.852362] Expanding "src/gen/raven.hr.Employees.hdbtable"... ok (0s 14ms) (STDOUT, APP/TASK/deploy)#
#2026 09 14 10:25:53.610#Z#DEBUG#16b25dd8-b026-11f1-940d-eeee0a931608.capm-service-db-deployer#flowable-async-job-executor-thread-1679#
[PollExecuteTaskStatusExecution] 070d8486-d915-4207-813d-4e7e9b8a0d10 [2026-09-14T10:25:34.852443] Expanding "src/gen/raven.hr.LeaveTypes.hdbtable"... (STDOUT, APP/TASK/deploy)#
#2026 09 14 10:25:53.610#Z#DEBUG#16b25dd8-b026-11f1-940d-eeee0a931608.capm-service-db-deployer#flowable-async-job-executor-thread-1679#
[PollExecuteTaskStatusExecution] 070d8486-d915-4207-813d-4e7e9b8a0d10 [2026-09-14T10:25:34.852550] Expanding "src/gen/raven.hr.LeaveRequestAttachments.hdbtable"... ok (0s 9ms) (STDOUT, APP/TASK/deploy)#
#2026 09 14 10:25:53.610#Z#DEBUG#16b25dd8-b026-11f1-940d-eeee0a931608.capm-service-db-deployer#flowable-async-job-executor-thread-1679#
[PollExecuteTaskStatusExecution] 070d8486-d915-4207-813d-4e7e9b8a0d10 [2026-09-14T10:25:34.852639] Expanding "src/gen/raven.hr.LeaveRequestOverview.hdbview"... ok (0s 9ms) (STDOUT, APP/TASK/deploy)#
#2026 09 14 10:25:53.610#Z#DEBUG#16b25dd8-b026-11f1-940d-eeee0a931608.capm-service-db-deployer#flowable-async-job-executor-thread-1679#
[PollExecuteTaskStatusExecution] 070d8486-d915-4207-813d-4e7e9b8a0d10 [2026-09-14T10:25:34.852770] Expanding "src/gen/raven.hr.LeaveRequests.hdbtable"... ok (0s 8ms) (STDOUT, APP/TASK/deploy)#
#2026 09 14 10:25:53.610#Z#DEBUG#16b25dd8-b026-11f1-940d-eeee0a931608.capm-service-db-deployer#flowable-async-job-executor-thread-1679#
[PollExecuteTaskStatusExecution] 070d8486-d915-4207-813d-4e7e9b8a0d10 [2026-09-14T10:25:34.852867] Expanding "src/gen/raven.hr.LeaveTypes.hdbtable"... ok (0s 10ms) (STDOUT, APP/TASK/deploy)#
#2026 09 14 10:25:53.610#Z#DEBUG#16b25dd8-b026-11f1-940d-eeee0a931608.capm-service-db-deployer#flowable-async-job-executor-thread-1679#
[PollExecuteTaskStatusExecution] 070d8486-d915-4207-813d-4e7e9b8a0d10 [2026-09-14T10:25:34.852978] Expanding... ok (0s 57ms) (STDOUT, APP/TASK/deploy)#
#2026 09 14 10:25:53.610#Z#DEBUG#16b25dd8-b026-11f1-940d-eeee0a931608.capm-service-db-deployer#flowable-async-job-executor-thread-1679#
[PollExecuteTaskStatusExecution] 070d8486-d915-4207-813d-4e7e9b8a0d10 [2026-09-14T10:25:34.853058] Precompiling... (STDOUT, APP/TASK/deploy)#
#2026 09 14 10:25:53.610#Z#DEBUG#16b25dd8-b026-11f1-940d-eeee0a931608.capm-service-db-deployer#flowable-async-job-executor-thread-1679#
[PollExecuteTaskStatusExecution] 070d8486-d915-4207-813d-4e7e9b8a0d10 [2026-09-14T10:25:34.853149] Precompiling "src/gen/HRService.LeaveRequestOverview.hdbview"... (STDOUT, APP/TASK/deploy)#
#2026 09 14 10:25:53.610#Z#DEBUG#16b25dd8-b026-11f1-940d-eeee0a931608.capm-service-db-deployer#flowable-async-job-executor-thread-1679#
[PollExecuteTaskStatusExecution] 070d8486-d915-4207-813d-4e7e9b8a0d10 [2026-09-14T10:25:34.853240] Precompiling "src/gen/data/raven.hr-Departments.csv"... (STDOUT, APP/TASK/deploy)#
#2026 09 14 10:25:53.610#Z#DEBUG#16b25dd8-b026-11f1-940d-eeee0a931608.capm-service-db-deployer#flowable-async-job-executor-thread-1679#
[PollExecuteTaskStatusExecution] 070d8486-d915-4207-813d-4e7e9b8a0d10 [2026-09-14T10:25:34.853332] Precompiling "src/gen/data/raven.hr-Departments.hdbtabledata"... (STDOUT, APP/TASK/deploy)#
#2026 09 14 10:25:53.610#Z#DEBUG#16b25dd8-b026-11f1-940d-eeee0a931608.capm-service-db-deployer#flowable-async-job-executor-thread-1679#
[PollExecuteTaskStatusExecution] 070d8486-d915-4207-813d-4e7e9b8a0d10 [2026-09-14T10:25:34.853430] Precompiling "src/gen/data/raven.hr-Departments.hdbtabledata"... ok (0s 0ms) (STDOUT, APP/TASK/deploy)#
#2026 09 14 10:25:53.610#Z#DEBUG#16b25dd8-b026-11f1-940d-eeee0a931608.capm-service-db-deployer#flowable-async-job-executor-thread-1679#
[PollExecuteTaskStatusExecution] 070d8486-d915-4207-813d-4e7e9b8a0d10 [2026-09-14T10:25:34.853563] Precompiling "src/gen/data/raven.hr-Departments.hdbtabledata$0.expand"... (STDOUT, APP/TASK/deploy)#
#2026 09 14 10:25:53.610#Z#DEBUG#16b25dd8-b026-11f1-940d-eeee0a931608.capm-service-db-deployer#flowable-async-job-executor-thread-1679#
[PollExecuteTaskStatusExecution] 070d8486-d915-4207-813d-4e7e9b8a0d10 [2026-09-14T10:25:34.853655] Expanded from "src/gen/data/raven.hr-Departments.hdbtabledata" (STDOUT, APP/TASK/deploy)#
#2026 09 14 10:25:53.610#Z#DEBUG#16b25dd8-b026-11f1-940d-eeee0a931608.capm-service-db-deployer#flowable-async-job-executor-thread-1679#
[PollExecuteTaskStatusExecution] 070d8486-d915-4207-813d-4e7e9b8a0d10 [2026-09-14T10:25:34.853743] Precompiling "src/gen/data/raven.hr-Employees.csv"... (STDOUT, APP/TASK/deploy)#
#2026 09 14 10:25:53.610#Z#DEBUG#16b25dd8-b026-11f1-940d-eeee0a931608.capm-service-db-deployer#flowable-async-job-executor-thread-1679#
[PollExecuteTaskStatusExecution] 070d8486-d915-4207-813d-4e7e9b8a0d10 [2026-09-14T10:25:34.853858] Precompiling "src/gen/data/raven.hr-Departments.hdbtabledata$0.expand"... ok (0s 1ms) (STDOUT, APP/TASK/deploy)#
#2026 09 14 10:25:53.610#Z#DEBUG#16b25dd8-b026-11f1-940d-eeee0a931608.capm-service-db-deployer#flowable-async-job-executor-thread-1679#
[PollExecuteTaskStatusExecution] 070d8486-d915-4207-813d-4e7e9b8a0d10 [2026-09-14T10:25:34.853947] Precompiling "src/gen/data/raven.hr-Employees.hdbtabledata"... (STDOUT, APP/TASK/deploy)#
#2026 09 14 10:25:53.610#Z#DEBUG#16b25dd8-b026-11f1-940d-eeee0a931608.capm-service-db-deployer#flowable-async-job-executor-thread-1679#
[PollExecuteTaskStatusExecution] 070d8486-d915-4207-813d-4e7e9b8a0d10 [2026-09-14T10:25:34.854039] Precompiling "src/gen/data/raven.hr-Employees.hdbtabledata"... ok (0s 0ms) (STDOUT, APP/TASK/deploy)#
#2026 09 14 10:25:53.610#Z#DEBUG#16b25dd8-b026-11f1-940d-eeee0a931608.capm-service-db-deployer#flowable-async-job-executor-thread-1679#
[PollExecuteTaskStatusExecution] 070d8486-d915-4207-813d-4e7e9b8a0d10 [2026-09-14T10:25:34.854139] Precompiling "src/gen/data/raven.hr-Employees.hdbtabledata$0.expand"... (STDOUT, APP/TASK/deploy)#
#2026 09 14 10:25:53.610#Z#DEBUG#16b25dd8-b026-11f1-940d-eeee0a931608.capm-service-db-deployer#flowable-async-job-executor-thread-1679#
[PollExecuteTaskStatusExecution] 070d8486-d915-4207-813d-4e7e9b8a0d10 [2026-09-14T10:25:34.854218] Expanded from "src/gen/data/raven.hr-Employees.hdbtabledata" (STDOUT, APP/TASK/deploy)#
#2026 09 14 10:25:53.610#Z#DEBUG#16b25dd8-b026-11f1-940d-eeee0a931608.capm-service-db-deployer#flowable-async-job-executor-thread-1679#
[PollExecuteTaskStatusExecution] 070d8486-d915-4207-813d-4e7e9b8a0d10 [2026-09-14T10:25:34.854317] Precompiling "src/gen/data/raven.hr-Departments.csv"... ok (0s 3ms) (STDOUT, APP/TASK/deploy)#
#2026 09 14 10:25:53.610#Z#DEBUG#16b25dd8-b026-11f1-940d-eeee0a931608.capm-service-db-deployer#flowable-async-job-executor-thread-1679#
[PollExecuteTaskStatusExecution] 070d8486-d915-4207-813d-4e7e9b8a0d10 [2026-09-14T10:25:34.854415] Precompiling "src/gen/data/raven.hr-LeaveBalances.csv"... (STDOUT, APP/TASK/deploy)#
#2026 09 14 10:25:53.610#Z#DEBUG#16b25dd8-b026-11f1-940d-eeee0a931608.capm-service-db-deployer#flowable-async-job-executor-thread-1679#
[PollExecuteTaskStatusExecution] 070d8486-d915-4207-813d-4e7e9b8a0d10 [2026-09-14T10:25:34.854506] Precompiling "src/gen/data/raven.hr-Employees.csv"... ok (0s 3ms) (STDOUT, APP/TASK/deploy)#
#2026 09 14 10:25:53.611#Z#DEBUG#16b25dd8-b026-11f1-940d-eeee0a931608.capm-service-db-deployer#flowable-async-job-executor-thread-1679#
[PollExecuteTaskStatusExecution] 070d8486-d915-4207-813d-4e7e9b8a0d10 [2026-09-14T10:25:34.854646] Precompiling "src/gen/data/raven.hr-LeaveBalances.hdbtabledata"... (STDOUT, APP/TASK/deploy)#
#2026 09 14 10:25:53.611#Z#DEBUG#16b25dd8-b026-11f1-940d-eeee0a931608.capm-service-db-deployer#flowable-async-job-executor-thread-1679#
[PollExecuteTaskStatusExecution] 070d8486-d915-4207-813d-4e7e9b8a0d10 [2026-09-14T10:25:34.854680] Precompiling "src/gen/data/raven.hr-LeaveBalances.hdbtabledata"... ok (0s 0ms) (STDOUT, APP/TASK/deploy)#
#2026 09 14 10:25:53.611#Z#DEBUG#16b25dd8-b026-11f1-940d-eeee0a931608.capm-service-db-deployer#flowable-async-job-executor-thread-1679#
[PollExecuteTaskStatusExecution] 070d8486-d915-4207-813d-4e7e9b8a0d10 [2026-09-14T10:25:34.854783] Precompiling "src/gen/data/raven.hr-Employees.hdbtabledata$0.expand"... ok (0s 2ms) (STDOUT, APP/TASK/deploy)#
#2026 09 14 10:25:53.611#Z#DEBUG#16b25dd8-b026-11f1-940d-eeee0a931608.capm-service-db-deployer#flowable-async-job-executor-thread-1679#
[PollExecuteTaskStatusExecution] 070d8486-d915-4207-813d-4e7e9b8a0d10 [2026-09-14T10:25:34.854874] Precompiling "src/gen/data/raven.hr-LeaveBalances.hdbtabledata$0.expand"... (STDOUT, APP/TASK/deploy)#
#2026 09 14 10:25:53.611#Z#DEBUG#16b25dd8-b026-11f1-940d-eeee0a931608.capm-service-db-deployer#flowable-async-job-executor-thread-1679#
[PollExecuteTaskStatusExecution] 070d8486-d915-4207-813d-4e7e9b8a0d10 [2026-09-14T10:25:34.854960] Expanded from "src/gen/data/raven.hr-LeaveBalances.hdbtabledata" (STDOUT, APP/TASK/deploy)#
#2026 09 14 10:25:53.611#Z#DEBUG#16b25dd8-b026-11f1-940d-eeee0a931608.capm-service-db-deployer#flowable-async-job-executor-thread-1679#
[PollExecuteTaskStatusExecution] 070d8486-d915-4207-813d-4e7e9b8a0d10 [2026-09-14T10:25:34.855053] Precompiling "src/gen/data/raven.hr-LeaveRequests.csv"... (STDOUT, APP/TASK/deploy)#
#2026 09 14 10:25:53.611#Z#DEBUG#16b25dd8-b026-11f1-940d-eeee0a931608.capm-service-db-deployer#flowable-async-job-executor-thread-1679#
[PollExecuteTaskStatusExecution] 070d8486-d915-4207-813d-4e7e9b8a0d10 [2026-09-14T10:25:34.855144] Precompiling "src/gen/data/raven.hr-LeaveBalances.csv"... ok (0s 1ms) (STDOUT, APP/TASK/deploy)#
#2026 09 14 10:25:53.611#Z#DEBUG#16b25dd8-b026-11f1-940d-eeee0a931608.capm-service-db-deployer#flowable-async-job-executor-thread-1679#
[PollExecuteTaskStatusExecution] 070d8486-d915-4207-813d-4e7e9b8a0d10 [2026-09-14T10:25:34.855245] Precompiling "src/gen/data/raven.hr-LeaveRequests.hdbtabledata"... (STDOUT, APP/TASK/deploy)#
#2026 09 14 10:25:53.611#Z#DEBUG#16b25dd8-b026-11f1-940d-eeee0a931608.capm-service-db-deployer#flowable-async-job-executor-thread-1679#
[PollExecuteTaskStatusExecution] 070d8486-d915-4207-813d-4e7e9b8a0d10 [2026-09-14T10:25:34.855906] Precompiling "src/gen/data/raven.hr-LeaveRequests.hdbtabledata"... ok (0s 0ms) (STDOUT, APP/TASK/deploy)#
#2026 09 14 10:25:53.611#Z#DEBUG#16b25dd8-b026-11f1-940d-eeee0a931608.capm-service-db-deployer#flowable-async-job-executor-thread-1679#
[PollExecuteTaskStatusExecution] 070d8486-d915-4207-813d-4e7e9b8a0d10 [2026-09-14T10:25:34.856181] Precompiling "src/gen/data/raven.hr-LeaveRequests.hdbtabledata$0.expand"... (STDOUT, APP/TASK/deploy)#
#2026 09 14 10:25:53.611#Z#DEBUG#16b25dd8-b026-11f1-940d-eeee0a931608.capm-service-db-deployer#flowable-async-job-executor-thread-1679#
[PollExecuteTaskStatusExecution] 070d8486-d915-4207-813d-4e7e9b8a0d10 [2026-09-14T10:25:34.856224] Expanded from "src/gen/data/raven.hr-LeaveRequests.hdbtabledata" (STDOUT, APP/TASK/deploy)#
#2026 09 14 10:25:53.611#Z#DEBUG#16b25dd8-b026-11f1-940d-eeee0a931608.capm-service-db-deployer#flowable-async-job-executor-thread-1679#
[PollExecuteTaskStatusExecution] 070d8486-d915-4207-813d-4e7e9b8a0d10 [2026-09-14T10:25:34.856382] Precompiling "src/gen/data/raven.hr-LeaveBalances.hdbtabledata$0.expand"... ok (0s 2ms) (STDOUT, APP/TASK/deploy)#
#2026 09 14 10:25:53.611#Z#DEBUG#16b25dd8-b026-11f1-940d-eeee0a931608.capm-service-db-deployer#flowable-async-job-executor-thread-1679#
[PollExecuteTaskStatusExecution] 070d8486-d915-4207-813d-4e7e9b8a0d10 [2026-09-14T10:25:34.856521] Precompiling "src/gen/data/raven.hr-LeaveTypes.csv"... (STDOUT, APP/TASK/deploy)#
#2026 09 14 10:25:53.611#Z#DEBUG#16b25dd8-b026-11f1-940d-eeee0a931608.capm-service-db-deployer#flowable-async-job-executor-thread-1679#
[PollExecuteTaskStatusExecution] 070d8486-d915-4207-813d-4e7e9b8a0d10 [2026-09-14T10:25:34.856654] Precompiling "src/gen/data/raven.hr-LeaveTypes.csv"... ok (0s 1ms) (STDOUT, APP/TASK/deploy)#
#2026 09 14 10:25:53.611#Z#DEBUG#16b25dd8-b026-11f1-940d-eeee0a931608.capm-service-db-deployer#flowable-async-job-executor-thread-1679#
[PollExecuteTaskStatusExecution] 070d8486-d915-4207-813d-4e7e9b8a0d10 [2026-09-14T10:25:34.856814] Precompiling "src/gen/data/raven.hr-LeaveTypes.hdbtabledata"... (STDOUT, APP/TASK/deploy)#
#2026 09 14 10:25:53.611#Z#DEBUG#16b25dd8-b026-11f1-940d-eeee0a931608.capm-service-db-deployer#flowable-async-job-executor-thread-1679#
[PollExecuteTaskStatusExecution] 070d8486-d915-4207-813d-4e7e9b8a0d10 [2026-09-14T10:25:34.856958] Precompiling "src/gen/data/raven.hr-LeaveTypes.hdbtabledata"... ok (0s 0ms) (STDOUT, APP/TASK/deploy)#
#2026 09 14 10:25:53.611#Z#DEBUG#16b25dd8-b026-11f1-940d-eeee0a931608.capm-service-db-deployer#flowable-async-job-executor-thread-1679#
[PollExecuteTaskStatusExecution] 070d8486-d915-4207-813d-4e7e9b8a0d10 [2026-09-14T10:25:34.857076] Precompiling "src/gen/data/raven.hr-LeaveTypes.hdbtabledata$0.expand"... (STDOUT, APP/TASK/deploy)#
#2026 09 14 10:25:53.611#Z#DEBUG#16b25dd8-b026-11f1-940d-eeee0a931608.capm-service-db-deployer#flowable-async-job-executor-thread-1679#
[PollExecuteTaskStatusExecution] 070d8486-d915-4207-813d-4e7e9b8a0d10 [2026-09-14T10:25:34.857199] Expanded from "src/gen/data/raven.hr-LeaveTypes.hdbtabledata" (STDOUT, APP/TASK/deploy)#
#2026 09 14 10:25:53.611#Z#DEBUG#16b25dd8-b026-11f1-940d-eeee0a931608.capm-service-db-deployer#flowable-async-job-executor-thread-1679#
[PollExecuteTaskStatusExecution] 070d8486-d915-4207-813d-4e7e9b8a0d10 [2026-09-14T10:25:34.857326] Precompiling "src/gen/data/raven.hr-LeaveRequests.csv"... ok (0s 3ms) (STDOUT, APP/TASK/deploy)#
#2026 09 14 10:25:53.611#Z#DEBUG#16b25dd8-b026-11f1-940d-eeee0a931608.capm-service-db-deployer#flowable-async-job-executor-thread-1679#
[PollExecuteTaskStatusExecution] 070d8486-d915-4207-813d-4e7e9b8a0d10 [2026-09-14T10:25:34.857476] Precompiling "src/gen/HRService.LeaveRequestOverview.hdbview"... ok (0s 12ms) (STDOUT, APP/TASK/deploy)#
#2026 09 14 10:25:53.611#Z#DEBUG#16b25dd8-b026-11f1-940d-eeee0a931608.capm-service-db-deployer#flowable-async-job-executor-thread-1679#
[PollExecuteTaskStatusExecution] 070d8486-d915-4207-813d-4e7e9b8a0d10 [2026-09-14T10:25:34.857599] Precompiling "src/gen/raven.hr.Departments.hdbtable"... (STDOUT, APP/TASK/deploy)#
#2026 09 14 10:25:53.611#Z#DEBUG#16b25dd8-b026-11f1-940d-eeee0a931608.capm-service-db-deployer#flowable-async-job-executor-thread-1679#
[PollExecuteTaskStatusExecution] 070d8486-d915-4207-813d-4e7e9b8a0d10 [2026-09-14T10:25:34.857729] Precompiling "src/gen/raven.hr.Employees.hdbtable"... (STDOUT, APP/TASK/deploy)#
#2026 09 14 10:25:53.611#Z#DEBUG#16b25dd8-b026-11f1-940d-eeee0a931608.capm-service-db-deployer#flowable-async-job-executor-thread-1679#
[PollExecuteTaskStatusExecution] 070d8486-d915-4207-813d-4e7e9b8a0d10 [2026-09-14T10:25:34.857866] Precompiling "src/gen/data/raven.hr-LeaveRequests.hdbtabledata$0.expand"... ok (0s 2ms) (STDOUT, APP/TASK/deploy)#
#2026 09 14 10:25:53.611#Z#DEBUG#16b25dd8-b026-11f1-940d-eeee0a931608.capm-service-db-deployer#flowable-async-job-executor-thread-1679#
[PollExecuteTaskStatusExecution] 070d8486-d915-4207-813d-4e7e9b8a0d10 [2026-09-14T10:25:34.858] Precompiling "src/gen/raven.hr.LeaveBalances.hdbtable"... (STDOUT, APP/TASK/deploy)#
#2026 09 14 10:25:53.611#Z#DEBUG#16b25dd8-b026-11f1-940d-eeee0a931608.capm-service-db-deployer#flowable-async-job-executor-thread-1679#
[PollExecuteTaskStatusExecution] 070d8486-d915-4207-813d-4e7e9b8a0d10 [2026-09-14T10:25:34.858143] Precompiling "src/gen/data/raven.hr-LeaveTypes.hdbtabledata$0.expand"... ok (0s 2ms) (STDOUT, APP/TASK/deploy)#
#2026 09 14 10:25:53.611#Z#DEBUG#16b25dd8-b026-11f1-940d-eeee0a931608.capm-service-db-deployer#flowable-async-job-executor-thread-1679#
[PollExecuteTaskStatusExecution] 070d8486-d915-4207-813d-4e7e9b8a0d10 [2026-09-14T10:25:34.858260] Precompiling "src/gen/raven.hr.LeaveRequestAttachments.hdbtable"... (STDOUT, APP/TASK/deploy)#
#2026 09 14 10:25:53.611#Z#DEBUG#16b25dd8-b026-11f1-940d-eeee0a931608.capm-service-db-deployer#flowable-async-job-executor-thread-1679#
[PollExecuteTaskStatusExecution] 070d8486-d915-4207-813d-4e7e9b8a0d10 [2026-09-14T10:25:34.858443] Precompiling "src/gen/raven.hr.Employees.hdbtable"... ok (0s 8ms) (STDOUT, APP/TASK/deploy)#
#2026 09 14 10:25:53.611#Z#DEBUG#16b25dd8-b026-11f1-940d-eeee0a931608.capm-service-db-deployer#flowable-async-job-executor-thread-1679#
[PollExecuteTaskStatusExecution] 070d8486-d915-4207-813d-4e7e9b8a0d10 [2026-09-14T10:25:34.858549] Precompiling "src/gen/raven.hr.LeaveRequestOverview.hdbview"... (STDOUT, APP/TASK/deploy)#
#2026 09 14 10:25:53.611#Z#DEBUG#16b25dd8-b026-11f1-940d-eeee0a931608.capm-service-db-deployer#flowable-async-job-executor-thread-1679#
[PollExecuteTaskStatusExecution] 070d8486-d915-4207-813d-4e7e9b8a0d10 [2026-09-14T10:25:34.858646] Precompiling "src/gen/raven.hr.LeaveRequestAttachments.hdbtable"... ok (0s 9ms) (STDOUT, APP/TASK/deploy)#
#2026 09 14 10:25:53.611#Z#DEBUG#16b25dd8-b026-11f1-940d-eeee0a931608.capm-service-db-deployer#flowable-async-job-executor-thread-1679#
[PollExecuteTaskStatusExecution] 070d8486-d915-4207-813d-4e7e9b8a0d10 [2026-09-14T10:25:34.858761] Precompiling "src/gen/raven.hr.LeaveRequests.hdbtable"... (STDOUT, APP/TASK/deploy)#
#2026 09 14 10:25:53.611#Z#DEBUG#16b25dd8-b026-11f1-940d-eeee0a931608.capm-service-db-deployer#flowable-async-job-executor-thread-1679#
[PollExecuteTaskStatusExecution] 070d8486-d915-4207-813d-4e7e9b8a0d10 [2026-09-14T10:25:34.858868] Precompiling "src/gen/raven.hr.LeaveBalances.hdbtable"... ok (0s 10ms) (STDOUT, APP/TASK/deploy)#
#2026 09 14 10:25:53.611#Z#DEBUG#16b25dd8-b026-11f1-940d-eeee0a931608.capm-service-db-deployer#flowable-async-job-executor-thread-1679#
[PollExecuteTaskStatusExecution] 070d8486-d915-4207-813d-4e7e9b8a0d10 [2026-09-14T10:25:34.858956] Precompiling "src/gen/raven.hr.Departments.hdbtable"... ok (0s 10ms) (STDOUT, APP/TASK/deploy)#
#2026 09 14 10:25:53.611#Z#DEBUG#16b25dd8-b026-11f1-940d-eeee0a931608.capm-service-db-deployer#flowable-async-job-executor-thread-1679#
[PollExecuteTaskStatusExecution] 070d8486-d915-4207-813d-4e7e9b8a0d10 [2026-09-14T10:25:34.859071] Precompiling "src/gen/raven.hr.LeaveTypes.hdbtable"... (STDOUT, APP/TASK/deploy)#
#2026 09 14 10:25:53.611#Z#DEBUG#16b25dd8-b026-11f1-940d-eeee0a931608.capm-service-db-deployer#flowable-async-job-executor-thread-1679#
[PollExecuteTaskStatusExecution] 070d8486-d915-4207-813d-4e7e9b8a0d10 [2026-09-14T10:25:34.859248] Precompiling "src/leaveRequestNumber.hdbsequence"... (STDOUT, APP/TASK/deploy)#
#2026 09 14 10:25:53.611#Z#DEBUG#16b25dd8-b026-11f1-940d-eeee0a931608.capm-service-db-deployer#flowable-async-job-executor-thread-1679#
[PollExecuteTaskStatusExecution] 070d8486-d915-4207-813d-4e7e9b8a0d10 [2026-09-14T10:25:34.859350] Precompiling "src/gen/raven.hr.LeaveRequestOverview.hdbview"... ok (0s 8ms) (STDOUT, APP/TASK/deploy)#
#2026 09 14 10:25:53.611#Z#DEBUG#16b25dd8-b026-11f1-940d-eeee0a931608.capm-service-db-deployer#flowable-async-job-executor-thread-1679#
[PollExecuteTaskStatusExecution] 070d8486-d915-4207-813d-4e7e9b8a0d10 [2026-09-14T10:25:34.859427] Precompiling "src/recalcLeaveBalance.hdbprocedure"... (STDOUT, APP/TASK/deploy)#
#2026 09 14 10:25:53.611#Z#DEBUG#16b25dd8-b026-11f1-940d-eeee0a931608.capm-service-db-deployer#flowable-async-job-executor-thread-1679#
[PollExecuteTaskStatusExecution] 070d8486-d915-4207-813d-4e7e9b8a0d10 [2026-09-14T10:25:34.860081] Error: com.sap.hana.di.sequence: Syntax error: "incorrect syntax near ":"" [8250009] (STDERR, APP/TASK/deploy)#
#2026 09 14 10:25:53.611#Z#DEBUG#16b25dd8-b026-11f1-940d-eeee0a931608.capm-service-db-deployer#flowable-async-job-executor-thread-1679#
[PollExecuteTaskStatusExecution] 070d8486-d915-4207-813d-4e7e9b8a0d10 [2026-09-14T10:25:34.860174] at "src/leaveRequestNumber.hdbsequence" (1:7) (STDOUT, APP/TASK/deploy)#
#2026 09 14 10:25:53.611#Z#DEBUG#16b25dd8-b026-11f1-940d-eeee0a931608.capm-service-db-deployer#flowable-async-job-executor-thread-1679#
[PollExecuteTaskStatusExecution] 070d8486-d915-4207-813d-4e7e9b8a0d10 [2026-09-14T10:25:34.860323] Precompiling "src/gen/raven.hr.LeaveRequests.hdbtable"... ok (0s 8ms) (STDOUT, APP/TASK/deploy)#
#2026 09 14 10:25:53.611#Z#DEBUG#16b25dd8-b026-11f1-940d-eeee0a931608.capm-service-db-deployer#flowable-async-job-executor-thread-1679#
[PollExecuteTaskStatusExecution] 070d8486-d915-4207-813d-4e7e9b8a0d10 [2026-09-14T10:25:34.860450] Precompiling "src/gen/raven.hr.LeaveTypes.hdbtable"... ok (0s 10ms) (STDOUT, APP/TASK/deploy)#
#2026 09 14 10:25:53.611#Z#DEBUG#16b25dd8-b026-11f1-940d-eeee0a931608.capm-service-db-deployer#flowable-async-job-executor-thread-1679#
[PollExecuteTaskStatusExecution] 070d8486-d915-4207-813d-4e7e9b8a0d10 [2026-09-14T10:25:34.860656] Precompiling "src/recalcLeaveBalance.hdbprocedure"... ok (0s 6ms) (STDOUT, APP/TASK/deploy)#
#2026 09 14 10:25:53.611#Z#DEBUG#16b25dd8-b026-11f1-940d-eeee0a931608.capm-service-db-deployer#flowable-async-job-executor-thread-1679#
[PollExecuteTaskStatusExecution] 070d8486-d915-4207-813d-4e7e9b8a0d10 [2026-09-14T10:25:34.861284] Error: Precompiling... failed [8212133] (STDERR, APP/TASK/deploy)#
#2026 09 14 10:25:53.611#Z#DEBUG#16b25dd8-b026-11f1-940d-eeee0a931608.capm-service-db-deployer#flowable-async-job-executor-thread-1679#
[PollExecuteTaskStatusExecution] 070d8486-d915-4207-813d-4e7e9b8a0d10 [2026-09-14T10:25:34.861535] Error: Calculating dependencies... failed [8212108] (STDERR, APP/TASK/deploy)#
#2026 09 14 10:25:53.611#Z#DEBUG#16b25dd8-b026-11f1-940d-eeee0a931608.capm-service-db-deployer#flowable-async-job-executor-thread-1679#
[PollExecuteTaskStatusExecution] 070d8486-d915-4207-813d-4e7e9b8a0d10 [2026-09-14T10:25:34.861679] Make failed (5 errors, 0 warnings): tried to deploy 22 files, undeploy 0 files, redeploy 0 dependent files (STDOUT, APP/TASK/deploy)#
#2026 09 14 10:25:53.611#Z#DEBUG#16b25dd8-b026-11f1-940d-eeee0a931608.capm-service-db-deployer#flowable-async-job-executor-thread-1679#
[PollExecuteTaskStatusExecution] 070d8486-d915-4207-813d-4e7e9b8a0d10 [2026-09-14T10:25:34.861844] Error: Making... failed [8211605] (STDERR, APP/TASK/deploy)#
#2026 09 14 10:25:53.611#Z#DEBUG#16b25dd8-b026-11f1-940d-eeee0a931608.capm-service-db-deployer#flowable-async-job-executor-thread-1679#
[PollExecuteTaskStatusExecution] 070d8486-d915-4207-813d-4e7e9b8a0d10 [2026-09-14T10:25:34.861987] Error: Starting make in the container "6A5478B8D26E43D8A56BA48D201A9E69" with 22 files to deploy, 0 files to undeploy... failed [8214168] (STDERR, APP/TASK/deploy)#
#2026 09 14 10:25:53.611#Z#DEBUG#16b25dd8-b026-11f1-940d-eeee0a931608.capm-service-db-deployer#flowable-async-job-executor-thread-1679#
[PollExecuteTaskStatusExecution] 070d8486-d915-4207-813d-4e7e9b8a0d10 [2026-09-14T10:25:34.863058] Deployment to container 6A5478B8D26E43D8A56BA48D201A9E69 failed - error: HDI make failed [Deployment ID: none]. (STDERR, APP/TASK/deploy)#
#2026 09 14 10:25:53.611#Z#DEBUG#16b25dd8-b026-11f1-940d-eeee0a931608.capm-service-db-deployer#flowable-async-job-executor-thread-1679#
[PollExecuteTaskStatusExecution] 070d8486-d915-4207-813d-4e7e9b8a0d10 [2026-09-14T10:25:34.869830] Deployment ended at 2026-09-14 10:25:34 (STDOUT, APP/TASK/deploy)#
#2026 09 14 10:25:53.611#Z#DEBUG#16b25dd8-b026-11f1-940d-eeee0a931608.capm-service-db-deployer#flowable-async-job-executor-thread-1679#
[PollExecuteTaskStatusExecution] 070d8486-d915-4207-813d-4e7e9b8a0d10 [2026-09-14T10:25:34.871135] Error: HDI make failed (STDERR, APP/TASK/deploy)#
#2026 09 14 10:25:53.611#Z#DEBUG#16b25dd8-b026-11f1-940d-eeee0a931608.capm-service-db-deployer#flowable-async-job-executor-thread-1679#
[PollExecuteTaskStatusExecution] 070d8486-d915-4207-813d-4e7e9b8a0d10 [2026-09-14T10:25:34.872273] (3s 305ms) (STDOUT, APP/TASK/deploy)#
#2026 09 14 10:25:53.611#Z#DEBUG#16b25dd8-b026-11f1-940d-eeee0a931608.capm-service-db-deployer#flowable-async-job-executor-thread-1679#
[PollExecuteTaskStatusExecution] 070d8486-d915-4207-813d-4e7e9b8a0d10 [2026-09-14T10:25:34.909535] npm notice (STDERR, APP/TASK/deploy)#
#2026 09 14 10:25:53.611#Z#DEBUG#16b25dd8-b026-11f1-940d-eeee0a931608.capm-service-db-deployer#flowable-async-job-executor-thread-1679#
[PollExecuteTaskStatusExecution] 070d8486-d915-4207-813d-4e7e9b8a0d10 [2026-09-14T10:25:34.909570] npm notice New major version of npm available! 11.16.0 -> 12.0.2 (STDERR, APP/TASK/deploy)#
#2026 09 14 10:25:53.611#Z#DEBUG#16b25dd8-b026-11f1-940d-eeee0a931608.capm-service-db-deployer#flowable-async-job-executor-thread-1679#
[PollExecuteTaskStatusExecution] 070d8486-d915-4207-813d-4e7e9b8a0d10 [2026-09-14T10:25:34.909575] npm notice Changelog: https://github.com/npm/cli/releases/tag/v12.0.2 (STDERR, APP/TASK/deploy)#
#2026 09 14 10:25:53.611#Z#DEBUG#16b25dd8-b026-11f1-940d-eeee0a931608.capm-service-db-deployer#flowable-async-job-executor-thread-1679#
[PollExecuteTaskStatusExecution] 070d8486-d915-4207-813d-4e7e9b8a0d10 [2026-09-14T10:25:34.909579] npm notice To update run: npm install -g npm@12.0.2 (STDERR, APP/TASK/deploy)#
#2026 09 14 10:25:53.611#Z#DEBUG#16b25dd8-b026-11f1-940d-eeee0a931608.capm-service-db-deployer#flowable-async-job-executor-thread-1679#
[PollExecuteTaskStatusExecution] 070d8486-d915-4207-813d-4e7e9b8a0d10 [2026-09-14T10:25:34.909581] npm notice (STDERR, APP/TASK/deploy)#
#2026 09 14 10:25:53.611#Z#DEBUG#16b25dd8-b026-11f1-940d-eeee0a931608.capm-service-db-deployer#flowable-async-job-executor-thread-1679#
[PollExecuteTaskStatusExecution] 070d8486-d915-4207-813d-4e7e9b8a0d10 [2026-09-14T10:25:35.055111] Exit status 1 (STDOUT, APP/TASK/deploy)#
#2026 09 14 10:25:53.611#Z#DEBUG#16b25dd8-b026-11f1-940d-eeee0a931608.capm-service-db-deployer#flowable-async-job-executor-thread-1679#
[PollExecuteTaskStatusExecution] 070d8486-d915-4207-813d-4e7e9b8a0d10 [2026-09-14T10:25:35.333738] Cell 684caff8-89cd-492b-be01-b3d0835f1763 stopping instance f8c023bd-0d7e-4424-bd86-e6d863438f23 (STDOUT, CELL)#
#2026 09 14 10:25:53.611#Z#DEBUG#16b25dd8-b026-11f1-940d-eeee0a931608.capm-service-db-deployer#flowable-async-job-executor-thread-1679#
[PollExecuteTaskStatusExecution] 070d8486-d915-4207-813d-4e7e9b8a0d10 [2026-09-14T10:25:35.333793] Cell 684caff8-89cd-492b-be01-b3d0835f1763 destroying container for instance f8c023bd-0d7e-4424-bd86-e6d863438f23 (STDOUT, CELL)#
#2026 09 14 10:25:53.611#Z#DEBUG#16b25dd8-b026-11f1-940d-eeee0a931608.capm-service-db-deployer#flowable-async-job-executor-thread-1679#
[PollExecuteTaskStatusExecution] 070d8486-d915-4207-813d-4e7e9b8a0d10 [2026-09-14T10:25:38.135277] Cell 684caff8-89cd-492b-be01-b3d0835f1763 successfully destroyed container for instance f8c023bd-0d7e-4424-bd86-e6d863438f23 (STDOUT, CELL)#
#2026 09 14 10:25:53.611#Z#DEBUG#16b25dd8-b026-11f1-940d-eeee0a931608.capm-service-db-deployer#flowable-async-job-executor-thread-1679#
[PollExecuteTaskStatusExecution] 070d8486-d915-4207-813d-4e7e9b8a0d10 [2026-09-14T10:25:45.616321] Cell d1cc041a-d5a1-41d6-b9f6-6cda736ce3f0 creating container for instance 0672ff2d-5801-469b-8f24-d2387eac477d (STDOUT, CELL)#
#2026 09 14 10:25:53.611#Z#DEBUG#16b25dd8-b026-11f1-940d-eeee0a931608.capm-service-db-deployer#flowable-async-job-executor-thread-1679#
[PollExecuteTaskStatusExecution] 070d8486-d915-4207-813d-4e7e9b8a0d10 [2026-09-14T10:25:46.446917] Security group rules were updated (STDOUT, CELL)#
#2026 09 14 10:25:53.611#Z#DEBUG#16b25dd8-b026-11f1-940d-eeee0a931608.capm-service-db-deployer#flowable-async-job-executor-thread-1679#
[PollExecuteTaskStatusExecution] 070d8486-d915-4207-813d-4e7e9b8a0d10 [2026-09-14T10:25:46.541089] Cell d1cc041a-d5a1-41d6-b9f6-6cda736ce3f0 successfully created container for instance 0672ff2d-5801-469b-8f24-d2387eac477d (STDOUT, CELL)#
#2026 09 14 10:25:53.611#Z#DEBUG#16b25dd8-b026-11f1-940d-eeee0a931608.capm-service-db-deployer#flowable-async-job-executor-thread-1679#
[PollExecuteTaskStatusExecution] 070d8486-d915-4207-813d-4e7e9b8a0d10 [2026-09-14T10:25:51.075428] Invoking pre-start scripts. (STDOUT, APP/TASK/deploy)#
#2026 09 14 10:25:53.611#Z#DEBUG#16b25dd8-b026-11f1-940d-eeee0a931608.capm-service-db-deployer#flowable-async-job-executor-thread-1679#
[PollExecuteTaskStatusExecution] 070d8486-d915-4207-813d-4e7e9b8a0d10 [2026-09-14T10:25:51.290764] Invoking start command. (STDOUT, APP/TASK/deploy)#
#2026 09 14 10:25:53.611#Z#DEBUG#16b25dd8-b026-11f1-940d-eeee0a931608.capm-service-db-deployer#flowable-async-job-executor-thread-1679#
[PollExecuteTaskStatusExecution] 070d8486-d915-4207-813d-4e7e9b8a0d10 [2026-09-14T10:25:51.769187] > start (STDOUT, APP/TASK/deploy)#
#2026 09 14 10:25:53.611#Z#DEBUG#16b25dd8-b026-11f1-940d-eeee0a931608.capm-service-db-deployer#flowable-async-job-executor-thread-1679#
[PollExecuteTaskStatusExecution] 070d8486-d915-4207-813d-4e7e9b8a0d10 [2026-09-14T10:25:51.769227] > node node_modules/@sap/hdi-deploy/deploy.js --use-hdb --parameter com.sap.hana.di.table/try_fast_table_migration=true (STDOUT, APP/TASK/deploy)#
#2026 09 14 10:25:53.611#Z#DEBUG#16b25dd8-b026-11f1-940d-eeee0a931608.capm-service-db-deployer#flowable-async-job-executor-thread-1679#
[PollExecuteTaskStatusExecution] 070d8486-d915-4207-813d-4e7e9b8a0d10 [2026-09-14T10:25:51.950784] VCAP_SERVICES: (STDOUT, APP/TASK/deploy)#
#2026 09 14 10:25:53.611#Z#DEBUG#16b25dd8-b026-11f1-940d-eeee0a931608.capm-service-db-deployer#flowable-async-job-executor-thread-1679#
[PollExecuteTaskStatusExecution] 070d8486-d915-4207-813d-4e7e9b8a0d10 [2026-09-14T10:25:51.951798] { (STDOUT, APP/TASK/deploy)#
#2026 09 14 10:25:53.611#Z#DEBUG#16b25dd8-b026-11f1-940d-eeee0a931608.capm-service-db-deployer#flowable-async-job-executor-thread-1679#
[PollExecuteTaskStatusExecution] 070d8486-d915-4207-813d-4e7e9b8a0d10 [2026-09-14T10:25:51.951830] "hana": [ (STDOUT, APP/TASK/deploy)#
#2026 09 14 10:25:53.611#Z#DEBUG#16b25dd8-b026-11f1-940d-eeee0a931608.capm-service-db-deployer#flowable-async-job-executor-thread-1679#
[PollExecuteTaskStatusExecution] 070d8486-d915-4207-813d-4e7e9b8a0d10 [2026-09-14T10:25:51.951833] { (STDOUT, APP/TASK/deploy)#
#2026 09 14 10:25:53.611#Z#DEBUG#16b25dd8-b026-11f1-940d-eeee0a931608.capm-service-db-deployer#flowable-async-job-executor-thread-1679#
[PollExecuteTaskStatusExecution] 070d8486-d915-4207-813d-4e7e9b8a0d10 [2026-09-14T10:25:51.951838] "name": "capm-service-db", (STDOUT, APP/TASK/deploy)#
#2026 09 14 10:25:53.611#Z#DEBUG#16b25dd8-b026-11f1-940d-eeee0a931608.capm-service-db-deployer#flowable-async-job-executor-thread-1679#
[PollExecuteTaskStatusExecution] 070d8486-d915-4207-813d-4e7e9b8a0d10 [2026-09-14T10:25:51.951842] "label": "hana", (STDOUT, APP/TASK/deploy)#
#2026 09 14 10:25:53.611#Z#DEBUG#16b25dd8-b026-11f1-940d-eeee0a931608.capm-service-db-deployer#flowable-async-job-executor-thread-1679#
[PollExecuteTaskStatusExecution] 070d8486-d915-4207-813d-4e7e9b8a0d10 [2026-09-14T10:25:51.951844] "plan": "hdi-shared", (STDOUT, APP/TASK/deploy)#
#2026 09 14 10:25:53.611#Z#DEBUG#16b25dd8-b026-11f1-940d-eeee0a931608.capm-service-db-deployer#flowable-async-job-executor-thread-1679#
[PollExecuteTaskStatusExecution] 070d8486-d915-4207-813d-4e7e9b8a0d10 [2026-09-14T10:25:51.951846] "credentials": { (STDOUT, APP/TASK/deploy)#
#2026 09 14 10:25:53.611#Z#DEBUG#16b25dd8-b026-11f1-940d-eeee0a931608.capm-service-db-deployer#flowable-async-job-executor-thread-1679#
[PollExecuteTaskStatusExecution] 070d8486-d915-4207-813d-4e7e9b8a0d10 [2026-09-14T10:25:51.951855] "schema": "6A5478B8D26E43D8A56BA48D201A9E69", (STDOUT, APP/TASK/deploy)#
#2026 09 14 10:25:53.611#Z#DEBUG#16b25dd8-b026-11f1-940d-eeee0a931608.capm-service-db-deployer#flowable-async-job-executor-thread-1679#
[PollExecuteTaskStatusExecution] 070d8486-d915-4207-813d-4e7e9b8a0d10 [2026-09-14T10:25:51.951858] "database_id": "221ad0bc-2da6-46e8-8162-1eebb6fdd039", (STDOUT, APP/TASK/deploy)#
#2026 09 14 10:25:53.611#Z#DEBUG#16b25dd8-b026-11f1-940d-eeee0a931608.capm-service-db-deployer#flowable-async-job-executor-thread-1679#
[PollExecuteTaskStatusExecution] 070d8486-d915-4207-813d-4e7e9b8a0d10 [2026-09-14T10:25:51.951862] "user": "6A5478B8D26E43D8A56BA48D201A9E69_0A5QTHQO93V752I1NIUZEL1CU_RT", (STDOUT, APP/TASK/deploy)#
#2026 09 14 10:25:53.611#Z#DEBUG#16b25dd8-b026-11f1-940d-eeee0a931608.capm-service-db-deployer#flowable-async-job-executor-thread-1679#
[PollExecuteTaskStatusExecution] 070d8486-d915-4207-813d-4e7e9b8a0d10 [2026-09-14T10:25:51.951866] "hdi_user": "6A5478B8D26E43D8A56BA48D201A9E69_0A5QTHQO93V752I1NIUZEL1CU_DT" (STDOUT, APP/TASK/deploy)#
#2026 09 14 10:25:53.611#Z#DEBUG#16b25dd8-b026-11f1-940d-eeee0a931608.capm-service-db-deployer#flowable-async-job-executor-thread-1679#
[PollExecuteTaskStatusExecution] 070d8486-d915-4207-813d-4e7e9b8a0d10 [2026-09-14T10:25:51.951868] }, (STDOUT, APP/TASK/deploy)#
#2026 09 14 10:25:53.611#Z#DEBUG#16b25dd8-b026-11f1-940d-eeee0a931608.capm-service-db-deployer#flowable-async-job-executor-thread-1679#
[PollExecuteTaskStatusExecution] 070d8486-d915-4207-813d-4e7e9b8a0d10 [2026-09-14T10:25:51.951871] "tags": [ (STDOUT, APP/TASK/deploy)#
#2026 09 14 10:25:53.611#Z#DEBUG#16b25dd8-b026-11f1-940d-eeee0a931608.capm-service-db-deployer#flowable-async-job-executor-thread-1679#
[PollExecuteTaskStatusExecution] 070d8486-d915-4207-813d-4e7e9b8a0d10 [2026-09-14T10:25:51.951873] "hana", (STDOUT, APP/TASK/deploy)#
#2026 09 14 10:25:53.611#Z#DEBUG#16b25dd8-b026-11f1-940d-eeee0a931608.capm-service-db-deployer#flowable-async-job-executor-thread-1679#
[PollExecuteTaskStatusExecution] 070d8486-d915-4207-813d-4e7e9b8a0d10 [2026-09-14T10:25:51.951878] "database", (STDOUT, APP/TASK/deploy)#
#2026 09 14 10:25:53.611#Z#DEBUG#16b25dd8-b026-11f1-940d-eeee0a931608.capm-service-db-deployer#flowable-async-job-executor-thread-1679#
[PollExecuteTaskStatusExecution] 070d8486-d915-4207-813d-4e7e9b8a0d10 [2026-09-14T10:25:51.951884] "relational" (STDOUT, APP/TASK/deploy)#
#2026 09 14 10:25:53.611#Z#DEBUG#16b25dd8-b026-11f1-940d-eeee0a931608.capm-service-db-deployer#flowable-async-job-executor-thread-1679#
[PollExecuteTaskStatusExecution] 070d8486-d915-4207-813d-4e7e9b8a0d10 [2026-09-14T10:25:51.951887] ] (STDOUT, APP/TASK/deploy)#
#2026 09 14 10:25:53.611#Z#DEBUG#16b25dd8-b026-11f1-940d-eeee0a931608.capm-service-db-deployer#flowable-async-job-executor-thread-1679#
[PollExecuteTaskStatusExecution] 070d8486-d915-4207-813d-4e7e9b8a0d10 [2026-09-14T10:25:51.951889] } (STDOUT, APP/TASK/deploy)#
#2026 09 14 10:25:53.611#Z#DEBUG#16b25dd8-b026-11f1-940d-eeee0a931608.capm-service-db-deployer#flowable-async-job-executor-thread-1679#
[PollExecuteTaskStatusExecution] 070d8486-d915-4207-813d-4e7e9b8a0d10 [2026-09-14T10:25:51.951892] ] (STDOUT, APP/TASK/deploy)#
#2026 09 14 10:25:53.611#Z#DEBUG#16b25dd8-b026-11f1-940d-eeee0a931608.capm-service-db-deployer#flowable-async-job-executor-thread-1679#
[PollExecuteTaskStatusExecution] 070d8486-d915-4207-813d-4e7e9b8a0d10 [2026-09-14T10:25:51.951894] } (STDOUT, APP/TASK/deploy)#
#2026 09 14 10:25:53.611#Z#DEBUG#16b25dd8-b026-11f1-940d-eeee0a931608.capm-service-db-deployer#flowable-async-job-executor-thread-1679#
[PollExecuteTaskStatusExecution] 070d8486-d915-4207-813d-4e7e9b8a0d10 [2026-09-14T10:25:52.452435] @sap/hdi-deploy, version 5.7.0 (mode default), server version 4.00.000.00.1787043349 (4.0.0.0), cloud version 2026.14.16, node version 24.18.0, HDI version 1016, container API version 1007 (STDOUT, APP/TASK/deploy)#
#2026 09 14 10:25:53.611#Z#DEBUG#16b25dd8-b026-11f1-940d-eeee0a931608.capm-service-db-deployer#flowable-async-job-executor-thread-1679#
[PollExecuteTaskStatusExecution] 070d8486-d915-4207-813d-4e7e9b8a0d10 [2026-09-14T10:25:52.452471] Deployment started at 2026-09-14 10:25:52 (STDOUT, APP/TASK/deploy)#
#2026 09 14 10:25:53.611#Z#DEBUG#16b25dd8-b026-11f1-940d-eeee0a931608.capm-service-db-deployer#flowable-async-job-executor-thread-1679#
[PollExecuteTaskStatusExecution] 070d8486-d915-4207-813d-4e7e9b8a0d10 [2026-09-14T10:25:52.452720] Using hdb@2.29.6 for connection (STDOUT, APP/TASK/deploy)#
#2026 09 14 10:25:53.611#Z#DEBUG#16b25dd8-b026-11f1-940d-eeee0a931608.capm-service-db-deployer#flowable-async-job-executor-thread-1679#
[PollExecuteTaskStatusExecution] 070d8486-d915-4207-813d-4e7e9b8a0d10 [2026-09-14T10:25:52.472993] No ignore file at /home/vcap/app/.hdiignore. (STDOUT, APP/TASK/deploy)#
#2026 09 14 10:25:53.611#Z#DEBUG#16b25dd8-b026-11f1-940d-eeee0a931608.capm-service-db-deployer#flowable-async-job-executor-thread-1679#
[PollExecuteTaskStatusExecution] 070d8486-d915-4207-813d-4e7e9b8a0d10 [2026-09-14T10:25:52.474800] Collecting files... (STDOUT, APP/TASK/deploy)#
#2026 09 14 10:25:53.611#Z#DEBUG#16b25dd8-b026-11f1-940d-eeee0a931608.capm-service-db-deployer#flowable-async-job-executor-thread-1679#
[PollExecuteTaskStatusExecution] 070d8486-d915-4207-813d-4e7e9b8a0d10 [2026-09-14T10:25:52.478706] Collecting files... ok (0s 5ms) (STDOUT, APP/TASK/deploy)#
#2026 09 14 10:25:53.611#Z#DEBUG#16b25dd8-b026-11f1-940d-eeee0a931608.capm-service-db-deployer#flowable-async-job-executor-thread-1679#
[PollExecuteTaskStatusExecution] 070d8486-d915-4207-813d-4e7e9b8a0d10 [2026-09-14T10:25:52.478750] 3 directories collected (STDOUT, APP/TASK/deploy)#
#2026 09 14 10:25:53.611#Z#DEBUG#16b25dd8-b026-11f1-940d-eeee0a931608.capm-service-db-deployer#flowable-async-job-executor-thread-1679#
[PollExecuteTaskStatusExecution] 070d8486-d915-4207-813d-4e7e9b8a0d10 [2026-09-14T10:25:52.478770] 30 files collected (STDOUT, APP/TASK/deploy)#
#2026 09 14 10:25:53.611#Z#DEBUG#16b25dd8-b026-11f1-940d-eeee0a931608.capm-service-db-deployer#flowable-async-job-executor-thread-1679#
[PollExecuteTaskStatusExecution] 070d8486-d915-4207-813d-4e7e9b8a0d10 [2026-09-14T10:25:52.478777] 0 reusable modules collected (STDOUT, APP/TASK/deploy)#
#2026 09 14 10:25:53.611#Z#DEBUG#16b25dd8-b026-11f1-940d-eeee0a931608.capm-service-db-deployer#flowable-async-job-executor-thread-1679#
[PollExecuteTaskStatusExecution] 070d8486-d915-4207-813d-4e7e9b8a0d10 [2026-09-14T10:25:52.478781] Target service: capm-service-db (STDOUT, APP/TASK/deploy)#
#2026 09 14 10:25:53.611#Z#DEBUG#16b25dd8-b026-11f1-940d-eeee0a931608.capm-service-db-deployer#flowable-async-job-executor-thread-1679#
[PollExecuteTaskStatusExecution] 070d8486-d915-4207-813d-4e7e9b8a0d10 [2026-09-14T10:25:52.651628] Previous build with request ID 468 finished at 2026-09-14T10:25:34.706 with status Canceled and message: Make failed (5 errors, 0 warnings): tried to deploy 22 files, undeploy 0 files, redeploy 0 dependent files. (STDOUT, APP/TASK/deploy)#
#2026 09 14 10:25:53.611#Z#DEBUG#16b25dd8-b026-11f1-940d-eeee0a931608.capm-service-db-deployer#flowable-async-job-executor-thread-1679#
[PollExecuteTaskStatusExecution] 070d8486-d915-4207-813d-4e7e9b8a0d10 [2026-09-14T10:25:52.651745] Processing revoke files... (STDOUT, APP/TASK/deploy)#
#2026 09 14 10:25:53.611#Z#DEBUG#16b25dd8-b026-11f1-940d-eeee0a931608.capm-service-db-deployer#flowable-async-job-executor-thread-1679#
[PollExecuteTaskStatusExecution] 070d8486-d915-4207-813d-4e7e9b8a0d10 [2026-09-14T10:25:52.651780] Processing revoke files... ok (0s 0ms) (STDOUT, APP/TASK/deploy)#
#2026 09 14 10:25:53.611#Z#DEBUG#16b25dd8-b026-11f1-940d-eeee0a931608.capm-service-db-deployer#flowable-async-job-executor-thread-1679#
[PollExecuteTaskStatusExecution] 070d8486-d915-4207-813d-4e7e9b8a0d10 [2026-09-14T10:25:52.651937] Processing grants files... (STDOUT, APP/TASK/deploy)#
#2026 09 14 10:25:53.611#Z#DEBUG#16b25dd8-b026-11f1-940d-eeee0a931608.capm-service-db-deployer#flowable-async-job-executor-thread-1679#
[PollExecuteTaskStatusExecution] 070d8486-d915-4207-813d-4e7e9b8a0d10 [2026-09-14T10:25:52.652006] Processing grants files... ok (0s 0ms) (STDOUT, APP/TASK/deploy)#
#2026 09 14 10:25:53.611#Z#DEBUG#16b25dd8-b026-11f1-940d-eeee0a931608.capm-service-db-deployer#flowable-async-job-executor-thread-1679#
[PollExecuteTaskStatusExecution] 070d8486-d915-4207-813d-4e7e9b8a0d10 [2026-09-14T10:25:52.654616] Preprocessing files... (STDOUT, APP/TASK/deploy)#
#2026 09 14 10:25:53.611#Z#DEBUG#16b25dd8-b026-11f1-940d-eeee0a931608.capm-service-db-deployer#flowable-async-job-executor-thread-1679#
[PollExecuteTaskStatusExecution] 070d8486-d915-4207-813d-4e7e9b8a0d10 [2026-09-14T10:25:52.654863] Preprocessing files... ok (0s 0ms) (STDOUT, APP/TASK/deploy)#
#2026 09 14 10:25:53.611#Z#DEBUG#16b25dd8-b026-11f1-940d-eeee0a931608.capm-service-db-deployer#flowable-async-job-executor-thread-1679#
[PollExecuteTaskStatusExecution] 070d8486-d915-4207-813d-4e7e9b8a0d10 [2026-09-14T10:25:52.655068] Connecting to the container "6A5478B8D26E43D8A56BA48D201A9E69"... (STDOUT, APP/TASK/deploy)#
#2026 09 14 10:25:53.611#Z#DEBUG#16b25dd8-b026-11f1-940d-eeee0a931608.capm-service-db-deployer#flowable-async-job-executor-thread-1679#
[PollExecuteTaskStatusExecution] 070d8486-d915-4207-813d-4e7e9b8a0d10 [2026-09-14T10:25:52.736730] Connecting to the container "6A5478B8D26E43D8A56BA48D201A9E69"... ok (0s 81ms) (STDOUT, APP/TASK/deploy)#
#2026 09 14 10:25:53.611#Z#DEBUG#16b25dd8-b026-11f1-940d-eeee0a931608.capm-service-db-deployer#flowable-async-job-executor-thread-1679#
[PollExecuteTaskStatusExecution] 070d8486-d915-4207-813d-4e7e9b8a0d10 [2026-09-14T10:25:52.736836] Locking the container "6A5478B8D26E43D8A56BA48D201A9E69"... (STDOUT, APP/TASK/deploy)#
#2026 09 14 10:25:53.611#Z#DEBUG#16b25dd8-b026-11f1-940d-eeee0a931608.capm-service-db-deployer#flowable-async-job-executor-thread-1679#
[PollExecuteTaskStatusExecution] 070d8486-d915-4207-813d-4e7e9b8a0d10 [2026-09-14T10:25:52.870570] Locking the container "6A5478B8D26E43D8A56BA48D201A9E69"... ok (0s 134ms) (STDOUT, APP/TASK/deploy)#
#2026 09 14 10:25:53.611#Z#DEBUG#16b25dd8-b026-11f1-940d-eeee0a931608.capm-service-db-deployer#flowable-async-job-executor-thread-1679#
[PollExecuteTaskStatusExecution] 070d8486-d915-4207-813d-4e7e9b8a0d10 [2026-09-14T10:25:52.870680] Synchronizing files with the container "6A5478B8D26E43D8A56BA48D201A9E69"... (STDOUT, APP/TASK/deploy)#
#2026 09 14 10:25:53.611#Z#DEBUG#16b25dd8-b026-11f1-940d-eeee0a931608.capm-service-db-deployer#flowable-async-job-executor-thread-1679#
[PollExecuteTaskStatusExecution] 070d8486-d915-4207-813d-4e7e9b8a0d10 [2026-09-14T10:25:53.042855] Deleting files... (STDOUT, APP/TASK/deploy)#
#2026 09 14 10:25:53.611#Z#DEBUG#16b25dd8-b026-11f1-940d-eeee0a931608.capm-service-db-deployer#flowable-async-job-executor-thread-1679#
[PollExecuteTaskStatusExecution] 070d8486-d915-4207-813d-4e7e9b8a0d10 [2026-09-14T10:25:53.192248] Deleting files... ok (STDOUT, APP/TASK/deploy)#
#2026 09 14 10:25:53.611#Z#DEBUG#16b25dd8-b026-11f1-940d-eeee0a931608.capm-service-db-deployer#flowable-async-job-executor-thread-1679#
[PollExecuteTaskStatusExecution] 070d8486-d915-4207-813d-4e7e9b8a0d10 [2026-09-14T10:25:53.192295] Writing files... (STDOUT, APP/TASK/deploy)#
#2026 09 14 10:25:53.611#Z#DEBUG#16b25dd8-b026-11f1-940d-eeee0a931608.capm-service-db-deployer#flowable-async-job-executor-thread-1679#
[PollExecuteTaskStatusExecution] 070d8486-d915-4207-813d-4e7e9b8a0d10 [2026-09-14T10:25:53.192512] Writing 25 items (STDOUT, APP/TASK/deploy)#
#2026 09 14 10:26:03.696#Z#DEBUG#16b25dd8-b026-11f1-940d-eeee0a931608.capm-service-db-deployer#flowable-async-job-executor-thread-1686#
[PollExecuteTaskStatusExecution] 070d8486-d915-4207-813d-4e7e9b8a0d10 [2026-09-14T10:25:53.462931] Writing files... ok (STDOUT, APP/TASK/deploy)#
#2026 09 14 10:26:03.696#Z#DEBUG#16b25dd8-b026-11f1-940d-eeee0a931608.capm-service-db-deployer#flowable-async-job-executor-thread-1686#
[PollExecuteTaskStatusExecution] 070d8486-d915-4207-813d-4e7e9b8a0d10 [2026-09-14T10:25:53.462977] Synchronizing files with the container "6A5478B8D26E43D8A56BA48D201A9E69"... ok (0s 592ms) (STDOUT, APP/TASK/deploy)#
#2026 09 14 10:26:03.696#Z#DEBUG#16b25dd8-b026-11f1-940d-eeee0a931608.capm-service-db-deployer#flowable-async-job-executor-thread-1686#
[PollExecuteTaskStatusExecution] 070d8486-d915-4207-813d-4e7e9b8a0d10 [2026-09-14T10:25:53.463361] added files: [ (STDOUT, APP/TASK/deploy)#
#2026 09 14 10:26:03.696#Z#DEBUG#16b25dd8-b026-11f1-940d-eeee0a931608.capm-service-db-deployer#flowable-async-job-executor-thread-1686#
[PollExecuteTaskStatusExecution] 070d8486-d915-4207-813d-4e7e9b8a0d10 [2026-09-14T10:25:53.463383] "src/gen/data/raven.hr-Departments.csv", (STDOUT, APP/TASK/deploy)#
#2026 09 14 10:26:03.696#Z#DEBUG#16b25dd8-b026-11f1-940d-eeee0a931608.capm-service-db-deployer#flowable-async-job-executor-thread-1686#
[PollExecuteTaskStatusExecution] 070d8486-d915-4207-813d-4e7e9b8a0d10 [2026-09-14T10:25:53.463397] "src/gen/data/raven.hr-Departments.hdbtabledata", (STDOUT, APP/TASK/deploy)#
#2026 09 14 10:26:03.696#Z#DEBUG#16b25dd8-b026-11f1-940d-eeee0a931608.capm-service-db-deployer#flowable-async-job-executor-thread-1686#
[PollExecuteTaskStatusExecution] 070d8486-d915-4207-813d-4e7e9b8a0d10 [2026-09-14T10:25:53.463401] "src/gen/data/raven.hr-Employees.csv", (STDOUT, APP/TASK/deploy)#
#2026 09 14 10:26:03.696#Z#DEBUG#16b25dd8-b026-11f1-940d-eeee0a931608.capm-service-db-deployer#flowable-async-job-executor-thread-1686#
[PollExecuteTaskStatusExecution] 070d8486-d915-4207-813d-4e7e9b8a0d10 [2026-09-14T10:25:53.463404] "src/gen/data/raven.hr-Employees.hdbtabledata", (STDOUT, APP/TASK/deploy)#
#2026 09 14 10:26:03.696#Z#DEBUG#16b25dd8-b026-11f1-940d-eeee0a931608.capm-service-db-deployer#flowable-async-job-executor-thread-1686#
[PollExecuteTaskStatusExecution] 070d8486-d915-4207-813d-4e7e9b8a0d10 [2026-09-14T10:25:53.463407] "src/gen/data/raven.hr-LeaveBalances.csv", (STDOUT, APP/TASK/deploy)#
#2026 09 14 10:26:03.696#Z#DEBUG#16b25dd8-b026-11f1-940d-eeee0a931608.capm-service-db-deployer#flowable-async-job-executor-thread-1686#
[PollExecuteTaskStatusExecution] 070d8486-d915-4207-813d-4e7e9b8a0d10 [2026-09-14T10:25:53.463410] "src/gen/data/raven.hr-LeaveBalances.hdbtabledata", (STDOUT, APP/TASK/deploy)#
#2026 09 14 10:26:03.696#Z#DEBUG#16b25dd8-b026-11f1-940d-eeee0a931608.capm-service-db-deployer#flowable-async-job-executor-thread-1686#
[PollExecuteTaskStatusExecution] 070d8486-d915-4207-813d-4e7e9b8a0d10 [2026-09-14T10:25:53.463414] "src/gen/data/raven.hr-LeaveRequests.csv", (STDOUT, APP/TASK/deploy)#
#2026 09 14 10:26:03.696#Z#DEBUG#16b25dd8-b026-11f1-940d-eeee0a931608.capm-service-db-deployer#flowable-async-job-executor-thread-1686#
[PollExecuteTaskStatusExecution] 070d8486-d915-4207-813d-4e7e9b8a0d10 [2026-09-14T10:25:53.463422] "src/gen/data/raven.hr-LeaveRequests.hdbtabledata", (STDOUT, APP/TASK/deploy)#
#2026 09 14 10:26:03.696#Z#DEBUG#16b25dd8-b026-11f1-940d-eeee0a931608.capm-service-db-deployer#flowable-async-job-executor-thread-1686#
[PollExecuteTaskStatusExecution] 070d8486-d915-4207-813d-4e7e9b8a0d10 [2026-09-14T10:25:53.463425] "src/gen/data/raven.hr-LeaveTypes.csv", (STDOUT, APP/TASK/deploy)#
#2026 09 14 10:26:03.696#Z#DEBUG#16b25dd8-b026-11f1-940d-eeee0a931608.capm-service-db-deployer#flowable-async-job-executor-thread-1686#
[PollExecuteTaskStatusExecution] 070d8486-d915-4207-813d-4e7e9b8a0d10 [2026-09-14T10:25:53.463431] "src/gen/data/raven.hr-LeaveTypes.hdbtabledata" (STDOUT, APP/TASK/deploy)#
#2026 09 14 10:26:03.696#Z#DEBUG#16b25dd8-b026-11f1-940d-eeee0a931608.capm-service-db-deployer#flowable-async-job-executor-thread-1686#
[PollExecuteTaskStatusExecution] 070d8486-d915-4207-813d-4e7e9b8a0d10 [2026-09-14T10:25:53.463435] ] (STDOUT, APP/TASK/deploy)#
#2026 09 14 10:26:03.696#Z#DEBUG#16b25dd8-b026-11f1-940d-eeee0a931608.capm-service-db-deployer#flowable-async-job-executor-thread-1686#
[PollExecuteTaskStatusExecution] 070d8486-d915-4207-813d-4e7e9b8a0d10 [2026-09-14T10:25:53.463439] modified files: [ (STDOUT, APP/TASK/deploy)#
#2026 09 14 10:26:03.696#Z#DEBUG#16b25dd8-b026-11f1-940d-eeee0a931608.capm-service-db-deployer#flowable-async-job-executor-thread-1686#
[PollExecuteTaskStatusExecution] 070d8486-d915-4207-813d-4e7e9b8a0d10 [2026-09-14T10:25:53.463441] "src/.hdiconfig", (STDOUT, APP/TASK/deploy)#
#2026 09 14 10:26:03.696#Z#DEBUG#16b25dd8-b026-11f1-940d-eeee0a931608.capm-service-db-deployer#flowable-async-job-executor-thread-1686#
[PollExecuteTaskStatusExecution] 070d8486-d915-4207-813d-4e7e9b8a0d10 [2026-09-14T10:25:53.463445] "src/gen/HRService.LeaveRequestOverview.hdbview", (STDOUT, APP/TASK/deploy)#
#2026 09 14 10:26:03.696#Z#DEBUG#16b25dd8-b026-11f1-940d-eeee0a931608.capm-service-db-deployer#flowable-async-job-executor-thread-1686#
[PollExecuteTaskStatusExecution] 070d8486-d915-4207-813d-4e7e9b8a0d10 [2026-09-14T10:25:53.463447] "src/gen/.hdiconfig", (STDOUT, APP/TASK/deploy)#
#2026 09 14 10:26:03.696#Z#DEBUG#16b25dd8-b026-11f1-940d-eeee0a931608.capm-service-db-deployer#flowable-async-job-executor-thread-1686#
[PollExecuteTaskStatusExecution] 070d8486-d915-4207-813d-4e7e9b8a0d10 [2026-09-14T10:25:53.463450] "src/gen/raven.hr.Departments.hdbtable", (STDOUT, APP/TASK/deploy)#
#2026 09 14 10:26:03.696#Z#DEBUG#16b25dd8-b026-11f1-940d-eeee0a931608.capm-service-db-deployer#flowable-async-job-executor-thread-1686#
[PollExecuteTaskStatusExecution] 070d8486-d915-4207-813d-4e7e9b8a0d10 [2026-09-14T10:25:53.463454] "src/gen/raven.hr.Employees.hdbtable", (STDOUT, APP/TASK/deploy)#
#2026 09 14 10:26:03.696#Z#DEBUG#16b25dd8-b026-11f1-940d-eeee0a931608.capm-service-db-deployer#flowable-async-job-executor-thread-1686#
[PollExecuteTaskStatusExecution] 070d8486-d915-4207-813d-4e7e9b8a0d10 [2026-09-14T10:25:53.463456] "src/gen/raven.hr.LeaveBalances.hdbtable", (STDOUT, APP/TASK/deploy)#
#2026 09 14 10:26:03.696#Z#DEBUG#16b25dd8-b026-11f1-940d-eeee0a931608.capm-service-db-deployer#flowable-async-job-executor-thread-1686#
[PollExecuteTaskStatusExecution] 070d8486-d915-4207-813d-4e7e9b8a0d10 [2026-09-14T10:25:53.463459] "src/gen/raven.hr.LeaveRequestAttachments.hdbtable", (STDOUT, APP/TASK/deploy)#
#2026 09 14 10:26:03.696#Z#DEBUG#16b25dd8-b026-11f1-940d-eeee0a931608.capm-service-db-deployer#flowable-async-job-executor-thread-1686#
[PollExecuteTaskStatusExecution] 070d8486-d915-4207-813d-4e7e9b8a0d10 [2026-09-14T10:25:53.463464] "src/gen/raven.hr.LeaveRequestOverview.hdbview", (STDOUT, APP/TASK/deploy)#
#2026 09 14 10:26:03.696#Z#DEBUG#16b25dd8-b026-11f1-940d-eeee0a931608.capm-service-db-deployer#flowable-async-job-executor-thread-1686#
[PollExecuteTaskStatusExecution] 070d8486-d915-4207-813d-4e7e9b8a0d10 [2026-09-14T10:25:53.463467] "src/gen/raven.hr.LeaveRequests.hdbtable", (STDOUT, APP/TASK/deploy)#
#2026 09 14 10:26:03.696#Z#DEBUG#16b25dd8-b026-11f1-940d-eeee0a931608.capm-service-db-deployer#flowable-async-job-executor-thread-1686#
[PollExecuteTaskStatusExecution] 070d8486-d915-4207-813d-4e7e9b8a0d10 [2026-09-14T10:25:53.463473] "src/gen/raven.hr.LeaveTypes.hdbtable", (STDOUT, APP/TASK/deploy)#
#2026 09 14 10:26:03.696#Z#DEBUG#16b25dd8-b026-11f1-940d-eeee0a931608.capm-service-db-deployer#flowable-async-job-executor-thread-1686#
[PollExecuteTaskStatusExecution] 070d8486-d915-4207-813d-4e7e9b8a0d10 [2026-09-14T10:25:53.463476] "src/leaveRequestNumber.hdbsequence", (STDOUT, APP/TASK/deploy)#
#2026 09 14 10:26:03.696#Z#DEBUG#16b25dd8-b026-11f1-940d-eeee0a931608.capm-service-db-deployer#flowable-async-job-executor-thread-1686#
[PollExecuteTaskStatusExecution] 070d8486-d915-4207-813d-4e7e9b8a0d10 [2026-09-14T10:25:53.463479] "src/recalcLeaveBalance.hdbprocedure" (STDOUT, APP/TASK/deploy)#
#2026 09 14 10:26:03.696#Z#DEBUG#16b25dd8-b026-11f1-940d-eeee0a931608.capm-service-db-deployer#flowable-async-job-executor-thread-1686#
[PollExecuteTaskStatusExecution] 070d8486-d915-4207-813d-4e7e9b8a0d10 [2026-09-14T10:25:53.463482] ] (STDOUT, APP/TASK/deploy)#
#2026 09 14 10:26:03.696#Z#DEBUG#16b25dd8-b026-11f1-940d-eeee0a931608.capm-service-db-deployer#flowable-async-job-executor-thread-1686#
[PollExecuteTaskStatusExecution] 070d8486-d915-4207-813d-4e7e9b8a0d10 [2026-09-14T10:25:53.463485] deleted files: [] (STDOUT, APP/TASK/deploy)#
#2026 09 14 10:26:03.696#Z#DEBUG#16b25dd8-b026-11f1-940d-eeee0a931608.capm-service-db-deployer#flowable-async-job-executor-thread-1686#
[PollExecuteTaskStatusExecution] 070d8486-d915-4207-813d-4e7e9b8a0d10 [2026-09-14T10:25:53.463508] 22 modified or added files are scheduled for deploy based on delta detection (STDOUT, APP/TASK/deploy)#
#2026 09 14 10:26:03.696#Z#DEBUG#16b25dd8-b026-11f1-940d-eeee0a931608.capm-service-db-deployer#flowable-async-job-executor-thread-1686#
[PollExecuteTaskStatusExecution] 070d8486-d915-4207-813d-4e7e9b8a0d10 [2026-09-14T10:25:53.463709] 0 deleted files are scheduled for undeploy based on delta detection (filtered by undeploy allowlist) (STDOUT, APP/TASK/deploy)#
#2026 09 14 10:26:03.696#Z#DEBUG#16b25dd8-b026-11f1-940d-eeee0a931608.capm-service-db-deployer#flowable-async-job-executor-thread-1686#
[PollExecuteTaskStatusExecution] 070d8486-d915-4207-813d-4e7e9b8a0d10 [2026-09-14T10:25:53.463843] 0 files are scheduled for deploy based on explicit specification (STDOUT, APP/TASK/deploy)#
#2026 09 14 10:26:03.696#Z#DEBUG#16b25dd8-b026-11f1-940d-eeee0a931608.capm-service-db-deployer#flowable-async-job-executor-thread-1686#
[PollExecuteTaskStatusExecution] 070d8486-d915-4207-813d-4e7e9b8a0d10 [2026-09-14T10:25:53.463860] 0 files are scheduled for undeploy based on explicit specification (STDOUT, APP/TASK/deploy)#
#2026 09 14 10:26:03.696#Z#DEBUG#16b25dd8-b026-11f1-940d-eeee0a931608.capm-service-db-deployer#flowable-async-job-executor-thread-1686#
[PollExecuteTaskStatusExecution] 070d8486-d915-4207-813d-4e7e9b8a0d10 [2026-09-14T10:25:53.464041] Deploying to the container "6A5478B8D26E43D8A56BA48D201A9E69"... (STDOUT, APP/TASK/deploy)#
#2026 09 14 10:26:03.696#Z#DEBUG#16b25dd8-b026-11f1-940d-eeee0a931608.capm-service-db-deployer#flowable-async-job-executor-thread-1686#
[PollExecuteTaskStatusExecution] 070d8486-d915-4207-813d-4e7e9b8a0d10 [2026-09-14T10:25:53.955703] Starting make in the container "6A5478B8D26E43D8A56BA48D201A9E69" with 22 files to deploy, 0 files to undeploy... (STDOUT, APP/TASK/deploy)#
#2026 09 14 10:26:03.696#Z#DEBUG#16b25dd8-b026-11f1-940d-eeee0a931608.capm-service-db-deployer#flowable-async-job-executor-thread-1686#
[PollExecuteTaskStatusExecution] 070d8486-d915-4207-813d-4e7e9b8a0d10 [2026-09-14T10:25:53.955809] Disabling table replication for the container schema "6A5478B8D26E43D8A56BA48D201A9E69"... (STDOUT, APP/TASK/deploy)#
#2026 09 14 10:26:03.696#Z#DEBUG#16b25dd8-b026-11f1-940d-eeee0a931608.capm-service-db-deployer#flowable-async-job-executor-thread-1686#
[PollExecuteTaskStatusExecution] 070d8486-d915-4207-813d-4e7e9b8a0d10 [2026-09-14T10:25:53.955882] Disabling table replication for the container schema "6A5478B8D26E43D8A56BA48D201A9E69"... ok (0s 17ms) (STDOUT, APP/TASK/deploy)#
#2026 09 14 10:26:03.696#Z#DEBUG#16b25dd8-b026-11f1-940d-eeee0a931608.capm-service-db-deployer#flowable-async-job-executor-thread-1686#
[PollExecuteTaskStatusExecution] 070d8486-d915-4207-813d-4e7e9b8a0d10 [2026-09-14T10:25:53.955921] Migrating libraries... (STDOUT, APP/TASK/deploy)#
#2026 09 14 10:26:03.696#Z#DEBUG#16b25dd8-b026-11f1-940d-eeee0a931608.capm-service-db-deployer#flowable-async-job-executor-thread-1686#
[PollExecuteTaskStatusExecution] 070d8486-d915-4207-813d-4e7e9b8a0d10 [2026-09-14T10:25:53.956357] Migrating libraries... ok (0s 10ms) (STDOUT, APP/TASK/deploy)#
#2026 09 14 10:26:03.696#Z#DEBUG#16b25dd8-b026-11f1-940d-eeee0a931608.capm-service-db-deployer#flowable-async-job-executor-thread-1686#
[PollExecuteTaskStatusExecution] 070d8486-d915-4207-813d-4e7e9b8a0d10 [2026-09-14T10:25:53.956430] Making... (STDOUT, APP/TASK/deploy)#
#2026 09 14 10:26:03.696#Z#DEBUG#16b25dd8-b026-11f1-940d-eeee0a931608.capm-service-db-deployer#flowable-async-job-executor-thread-1686#
[PollExecuteTaskStatusExecution] 070d8486-d915-4207-813d-4e7e9b8a0d10 [2026-09-14T10:25:53.956530] Preparing... (STDOUT, APP/TASK/deploy)#
#2026 09 14 10:26:03.696#Z#DEBUG#16b25dd8-b026-11f1-940d-eeee0a931608.capm-service-db-deployer#flowable-async-job-executor-thread-1686#
[PollExecuteTaskStatusExecution] 070d8486-d915-4207-813d-4e7e9b8a0d10 [2026-09-14T10:25:53.956580] Preparing the make transaction... (STDOUT, APP/TASK/deploy)#
#2026 09 14 10:26:03.696#Z#DEBUG#16b25dd8-b026-11f1-940d-eeee0a931608.capm-service-db-deployer#flowable-async-job-executor-thread-1686#
[PollExecuteTaskStatusExecution] 070d8486-d915-4207-813d-4e7e9b8a0d10 [2026-09-14T10:25:53.956585] Deploying the configuration file "src/.hdiconfig"... (STDOUT, APP/TASK/deploy)#
#2026 09 14 10:26:03.696#Z#DEBUG#16b25dd8-b026-11f1-940d-eeee0a931608.capm-service-db-deployer#flowable-async-job-executor-thread-1686#
[PollExecuteTaskStatusExecution] 070d8486-d915-4207-813d-4e7e9b8a0d10 [2026-09-14T10:25:53.956971] Preparing the make transaction... ok (0s 15ms) (STDOUT, APP/TASK/deploy)#
#2026 09 14 10:26:03.696#Z#DEBUG#16b25dd8-b026-11f1-940d-eeee0a931608.capm-service-db-deployer#flowable-async-job-executor-thread-1686#
[PollExecuteTaskStatusExecution] 070d8486-d915-4207-813d-4e7e9b8a0d10 [2026-09-14T10:25:53.957270] Deploying the configuration file "src/.hdiconfig"... ok (0s 6ms) (STDOUT, APP/TASK/deploy)#
#2026 09 14 10:26:03.696#Z#DEBUG#16b25dd8-b026-11f1-940d-eeee0a931608.capm-service-db-deployer#flowable-async-job-executor-thread-1686#
[PollExecuteTaskStatusExecution] 070d8486-d915-4207-813d-4e7e9b8a0d10 [2026-09-14T10:25:53.957427] Deploying the configuration file "src/gen/.hdiconfig"... (STDOUT, APP/TASK/deploy)#
#2026 09 14 10:26:03.696#Z#DEBUG#16b25dd8-b026-11f1-940d-eeee0a931608.capm-service-db-deployer#flowable-async-job-executor-thread-1686#
[PollExecuteTaskStatusExecution] 070d8486-d915-4207-813d-4e7e9b8a0d10 [2026-09-14T10:25:53.957510] Deploying the configuration file "src/gen/.hdiconfig"... ok (0s 5ms) (STDOUT, APP/TASK/deploy)#
#2026 09 14 10:26:03.696#Z#DEBUG#16b25dd8-b026-11f1-940d-eeee0a931608.capm-service-db-deployer#flowable-async-job-executor-thread-1686#
[PollExecuteTaskStatusExecution] 070d8486-d915-4207-813d-4e7e9b8a0d10 [2026-09-14T10:25:53.957602] Adding "src/gen/HRService.LeaveRequestOverview.hdbview" for deploy... (STDOUT, APP/TASK/deploy)#
#2026 09 14 10:26:03.696#Z#DEBUG#16b25dd8-b026-11f1-940d-eeee0a931608.capm-service-db-deployer#flowable-async-job-executor-thread-1686#
[PollExecuteTaskStatusExecution] 070d8486-d915-4207-813d-4e7e9b8a0d10 [2026-09-14T10:25:53.957711] Adding "src/gen/HRService.LeaveRequestOverview.hdbview" for deploy... ok (0s 1ms) (STDOUT, APP/TASK/deploy)#
#2026 09 14 10:26:03.696#Z#DEBUG#16b25dd8-b026-11f1-940d-eeee0a931608.capm-service-db-deployer#flowable-async-job-executor-thread-1686#
[PollExecuteTaskStatusExecution] 070d8486-d915-4207-813d-4e7e9b8a0d10 [2026-09-14T10:25:53.957865] Adding "src/gen/data/raven.hr-Departments.csv" for deploy... (STDOUT, APP/TASK/deploy)#
#2026 09 14 10:26:03.696#Z#DEBUG#16b25dd8-b026-11f1-940d-eeee0a931608.capm-service-db-deployer#flowable-async-job-executor-thread-1686#
[PollExecuteTaskStatusExecution] 070d8486-d915-4207-813d-4e7e9b8a0d10 [2026-09-14T10:25:53.957882] Adding "src/gen/data/raven.hr-Departments.csv" for deploy... ok (0s 3ms) (STDOUT, APP/TASK/deploy)#
#2026 09 14 10:26:03.696#Z#DEBUG#16b25dd8-b026-11f1-940d-eeee0a931608.capm-service-db-deployer#flowable-async-job-executor-thread-1686#
[PollExecuteTaskStatusExecution] 070d8486-d915-4207-813d-4e7e9b8a0d10 [2026-09-14T10:25:53.958101] Adding "src/gen/data/raven.hr-Departments.hdbtabledata" for deploy... (STDOUT, APP/TASK/deploy)#
#2026 09 14 10:26:03.696#Z#DEBUG#16b25dd8-b026-11f1-940d-eeee0a931608.capm-service-db-deployer#flowable-async-job-executor-thread-1686#
[PollExecuteTaskStatusExecution] 070d8486-d915-4207-813d-4e7e9b8a0d10 [2026-09-14T10:25:53.958109] Adding "src/gen/data/raven.hr-Departments.hdbtabledata" for deploy... ok (0s 0ms) (STDOUT, APP/TASK/deploy)#
#2026 09 14 10:26:03.696#Z#DEBUG#16b25dd8-b026-11f1-940d-eeee0a931608.capm-service-db-deployer#flowable-async-job-executor-thread-1686#
[PollExecuteTaskStatusExecution] 070d8486-d915-4207-813d-4e7e9b8a0d10 [2026-09-14T10:25:53.958123] Adding "src/gen/data/raven.hr-Employees.csv" for deploy... (STDOUT, APP/TASK/deploy)#
#2026 09 14 10:26:03.696#Z#DEBUG#16b25dd8-b026-11f1-940d-eeee0a931608.capm-service-db-deployer#flowable-async-job-executor-thread-1686#
[PollExecuteTaskStatusExecution] 070d8486-d915-4207-813d-4e7e9b8a0d10 [2026-09-14T10:25:53.958221] Adding "src/gen/data/raven.hr-Employees.csv" for deploy... ok (0s 0ms) (STDOUT, APP/TASK/deploy)#
#2026 09 14 10:26:03.696#Z#DEBUG#16b25dd8-b026-11f1-940d-eeee0a931608.capm-service-db-deployer#flowable-async-job-executor-thread-1686#
[PollExecuteTaskStatusExecution] 070d8486-d915-4207-813d-4e7e9b8a0d10 [2026-09-14T10:25:53.958230] Adding "src/gen/data/raven.hr-Employees.hdbtabledata" for deploy... (STDOUT, APP/TASK/deploy)#
#2026 09 14 10:26:03.696#Z#DEBUG#16b25dd8-b026-11f1-940d-eeee0a931608.capm-service-db-deployer#flowable-async-job-executor-thread-1686#
[PollExecuteTaskStatusExecution] 070d8486-d915-4207-813d-4e7e9b8a0d10 [2026-09-14T10:25:53.958303] Adding "src/gen/data/raven.hr-Employees.hdbtabledata" for deploy... ok (0s 0ms) (STDOUT, APP/TASK/deploy)#
#2026 09 14 10:26:03.696#Z#DEBUG#16b25dd8-b026-11f1-940d-eeee0a931608.capm-service-db-deployer#flowable-async-job-executor-thread-1686#
[PollExecuteTaskStatusExecution] 070d8486-d915-4207-813d-4e7e9b8a0d10 [2026-09-14T10:25:53.958313] Adding "src/gen/data/raven.hr-LeaveBalances.csv" for deploy... (STDOUT, APP/TASK/deploy)#
#2026 09 14 10:26:03.696#Z#DEBUG#16b25dd8-b026-11f1-940d-eeee0a931608.capm-service-db-deployer#flowable-async-job-executor-thread-1686#
[PollExecuteTaskStatusExecution] 070d8486-d915-4207-813d-4e7e9b8a0d10 [2026-09-14T10:25:53.958393] Adding "src/gen/data/raven.hr-LeaveBalances.csv" for deploy... ok (0s 0ms) (STDOUT, APP/TASK/deploy)#
#2026 09 14 10:26:03.696#Z#DEBUG#16b25dd8-b026-11f1-940d-eeee0a931608.capm-service-db-deployer#flowable-async-job-executor-thread-1686#
[PollExecuteTaskStatusExecution] 070d8486-d915-4207-813d-4e7e9b8a0d10 [2026-09-14T10:25:53.958401] Adding "src/gen/data/raven.hr-LeaveBalances.hdbtabledata" for deploy... (STDOUT, APP/TASK/deploy)#
#2026 09 14 10:26:03.696#Z#DEBUG#16b25dd8-b026-11f1-940d-eeee0a931608.capm-service-db-deployer#flowable-async-job-executor-thread-1686#
[PollExecuteTaskStatusExecution] 070d8486-d915-4207-813d-4e7e9b8a0d10 [2026-09-14T10:25:53.958439] Adding "src/gen/data/raven.hr-LeaveBalances.hdbtabledata" for deploy... ok (0s 0ms) (STDOUT, APP/TASK/deploy)#
#2026 09 14 10:26:03.696#Z#DEBUG#16b25dd8-b026-11f1-940d-eeee0a931608.capm-service-db-deployer#flowable-async-job-executor-thread-1686#
[PollExecuteTaskStatusExecution] 070d8486-d915-4207-813d-4e7e9b8a0d10 [2026-09-14T10:25:53.958500] Adding "src/gen/data/raven.hr-LeaveRequests.csv" for deploy... (STDOUT, APP/TASK/deploy)#
#2026 09 14 10:26:03.696#Z#DEBUG#16b25dd8-b026-11f1-940d-eeee0a931608.capm-service-db-deployer#flowable-async-job-executor-thread-1686#
[PollExecuteTaskStatusExecution] 070d8486-d915-4207-813d-4e7e9b8a0d10 [2026-09-14T10:25:53.958564] Adding "src/gen/data/raven.hr-LeaveRequests.csv" for deploy... ok (0s 0ms) (STDOUT, APP/TASK/deploy)#
#2026 09 14 10:26:03.696#Z#DEBUG#16b25dd8-b026-11f1-940d-eeee0a931608.capm-service-db-deployer#flowable-async-job-executor-thread-1686#
[PollExecuteTaskStatusExecution] 070d8486-d915-4207-813d-4e7e9b8a0d10 [2026-09-14T10:25:53.958631] Adding "src/gen/data/raven.hr-LeaveRequests.hdbtabledata" for deploy... (STDOUT, APP/TASK/deploy)#
#2026 09 14 10:26:03.696#Z#DEBUG#16b25dd8-b026-11f1-940d-eeee0a931608.capm-service-db-deployer#flowable-async-job-executor-thread-1686#
[PollExecuteTaskStatusExecution] 070d8486-d915-4207-813d-4e7e9b8a0d10 [2026-09-14T10:25:53.958692] Adding "src/gen/data/raven.hr-LeaveRequests.hdbtabledata" for deploy... ok (0s 0ms) (STDOUT, APP/TASK/deploy)#
#2026 09 14 10:26:03.696#Z#DEBUG#16b25dd8-b026-11f1-940d-eeee0a931608.capm-service-db-deployer#flowable-async-job-executor-thread-1686#
[PollExecuteTaskStatusExecution] 070d8486-d915-4207-813d-4e7e9b8a0d10 [2026-09-14T10:25:53.958725] Adding "src/gen/data/raven.hr-LeaveTypes.csv" for deploy... (STDOUT, APP/TASK/deploy)#
#2026 09 14 10:26:03.696#Z#DEBUG#16b25dd8-b026-11f1-940d-eeee0a931608.capm-service-db-deployer#flowable-async-job-executor-thread-1686#
[PollExecuteTaskStatusExecution] 070d8486-d915-4207-813d-4e7e9b8a0d10 [2026-09-14T10:25:53.958763] Adding "src/gen/data/raven.hr-LeaveTypes.csv" for deploy... ok (0s 0ms) (STDOUT, APP/TASK/deploy)#
#2026 09 14 10:26:03.696#Z#DEBUG#16b25dd8-b026-11f1-940d-eeee0a931608.capm-service-db-deployer#flowable-async-job-executor-thread-1686#
[PollExecuteTaskStatusExecution] 070d8486-d915-4207-813d-4e7e9b8a0d10 [2026-09-14T10:25:53.958807] Adding "src/gen/data/raven.hr-LeaveTypes.hdbtabledata" for deploy... (STDOUT, APP/TASK/deploy)#
#2026 09 14 10:26:03.696#Z#DEBUG#16b25dd8-b026-11f1-940d-eeee0a931608.capm-service-db-deployer#flowable-async-job-executor-thread-1686#
[PollExecuteTaskStatusExecution] 070d8486-d915-4207-813d-4e7e9b8a0d10 [2026-09-14T10:25:53.958842] Adding "src/gen/data/raven.hr-LeaveTypes.hdbtabledata" for deploy... ok (0s 1ms) (STDOUT, APP/TASK/deploy)#
#2026 09 14 10:26:03.696#Z#DEBUG#16b25dd8-b026-11f1-940d-eeee0a931608.capm-service-db-deployer#flowable-async-job-executor-thread-1686#
[PollExecuteTaskStatusExecution] 070d8486-d915-4207-813d-4e7e9b8a0d10 [2026-09-14T10:25:53.958873] Adding "src/gen/raven.hr.Departments.hdbtable" for deploy... (STDOUT, APP/TASK/deploy)#
#2026 09 14 10:26:03.696#Z#DEBUG#16b25dd8-b026-11f1-940d-eeee0a931608.capm-service-db-deployer#flowable-async-job-executor-thread-1686#
[PollExecuteTaskStatusExecution] 070d8486-d915-4207-813d-4e7e9b8a0d10 [2026-09-14T10:25:53.958908] Adding "src/gen/raven.hr.Departments.hdbtable" for deploy... ok (0s 0ms) (STDOUT, APP/TASK/deploy)#
#2026 09 14 10:26:03.696#Z#DEBUG#16b25dd8-b026-11f1-940d-eeee0a931608.capm-service-db-deployer#flowable-async-job-executor-thread-1686#
[PollExecuteTaskStatusExecution] 070d8486-d915-4207-813d-4e7e9b8a0d10 [2026-09-14T10:25:53.958943] Adding "src/gen/raven.hr.Employees.hdbtable" for deploy... (STDOUT, APP/TASK/deploy)#
#2026 09 14 10:26:03.696#Z#DEBUG#16b25dd8-b026-11f1-940d-eeee0a931608.capm-service-db-deployer#flowable-async-job-executor-thread-1686#
[PollExecuteTaskStatusExecution] 070d8486-d915-4207-813d-4e7e9b8a0d10 [2026-09-14T10:25:53.959168] Adding "src/gen/raven.hr.Employees.hdbtable" for deploy... ok (0s 0ms) (STDOUT, APP/TASK/deploy)#
#2026 09 14 10:26:03.696#Z#DEBUG#16b25dd8-b026-11f1-940d-eeee0a931608.capm-service-db-deployer#flowable-async-job-executor-thread-1686#
[PollExecuteTaskStatusExecution] 070d8486-d915-4207-813d-4e7e9b8a0d10 [2026-09-14T10:25:53.959219] Adding "src/gen/raven.hr.LeaveBalances.hdbtable" for deploy... (STDOUT, APP/TASK/deploy)#
#2026 09 14 10:26:03.696#Z#DEBUG#16b25dd8-b026-11f1-940d-eeee0a931608.capm-service-db-deployer#flowable-async-job-executor-thread-1686#
[PollExecuteTaskStatusExecution] 070d8486-d915-4207-813d-4e7e9b8a0d10 [2026-09-14T10:25:53.959260] Adding "src/gen/raven.hr.LeaveBalances.hdbtable" for deploy... ok (0s 0ms) (STDOUT, APP/TASK/deploy)#
#2026 09 14 10:26:03.696#Z#DEBUG#16b25dd8-b026-11f1-940d-eeee0a931608.capm-service-db-deployer#flowable-async-job-executor-thread-1686#
[PollExecuteTaskStatusExecution] 070d8486-d915-4207-813d-4e7e9b8a0d10 [2026-09-14T10:25:53.959325] Adding "src/gen/raven.hr.LeaveRequestAttachments.hdbtable" for deploy... (STDOUT, APP/TASK/deploy)#
#2026 09 14 10:26:03.696#Z#DEBUG#16b25dd8-b026-11f1-940d-eeee0a931608.capm-service-db-deployer#flowable-async-job-executor-thread-1686#
[PollExecuteTaskStatusExecution] 070d8486-d915-4207-813d-4e7e9b8a0d10 [2026-09-14T10:25:53.959358] Adding "src/gen/raven.hr.LeaveRequestAttachments.hdbtable" for deploy... ok (0s 0ms) (STDOUT, APP/TASK/deploy)#
#2026 09 14 10:26:03.696#Z#DEBUG#16b25dd8-b026-11f1-940d-eeee0a931608.capm-service-db-deployer#flowable-async-job-executor-thread-1686#
[PollExecuteTaskStatusExecution] 070d8486-d915-4207-813d-4e7e9b8a0d10 [2026-09-14T10:25:53.959389] Adding "src/gen/raven.hr.LeaveRequestOverview.hdbview" for deploy... (STDOUT, APP/TASK/deploy)#
#2026 09 14 10:26:03.696#Z#DEBUG#16b25dd8-b026-11f1-940d-eeee0a931608.capm-service-db-deployer#flowable-async-job-executor-thread-1686#
[PollExecuteTaskStatusExecution] 070d8486-d915-4207-813d-4e7e9b8a0d10 [2026-09-14T10:25:53.959434] Adding "src/gen/raven.hr.LeaveRequestOverview.hdbview" for deploy... ok (0s 0ms) (STDOUT, APP/TASK/deploy)#
#2026 09 14 10:26:03.696#Z#DEBUG#16b25dd8-b026-11f1-940d-eeee0a931608.capm-service-db-deployer#flowable-async-job-executor-thread-1686#
[PollExecuteTaskStatusExecution] 070d8486-d915-4207-813d-4e7e9b8a0d10 [2026-09-14T10:25:53.959464] Adding "src/gen/raven.hr.LeaveRequests.hdbtable" for deploy... (STDOUT, APP/TASK/deploy)#
#2026 09 14 10:26:03.696#Z#DEBUG#16b25dd8-b026-11f1-940d-eeee0a931608.capm-service-db-deployer#flowable-async-job-executor-thread-1686#
[PollExecuteTaskStatusExecution] 070d8486-d915-4207-813d-4e7e9b8a0d10 [2026-09-14T10:25:53.959509] Adding "src/gen/raven.hr.LeaveRequests.hdbtable" for deploy... ok (0s 0ms) (STDOUT, APP/TASK/deploy)#
#2026 09 14 10:26:03.696#Z#DEBUG#16b25dd8-b026-11f1-940d-eeee0a931608.capm-service-db-deployer#flowable-async-job-executor-thread-1686#
[PollExecuteTaskStatusExecution] 070d8486-d915-4207-813d-4e7e9b8a0d10 [2026-09-14T10:25:53.959539] Adding "src/gen/raven.hr.LeaveTypes.hdbtable" for deploy... (STDOUT, APP/TASK/deploy)#
#2026 09 14 10:26:03.696#Z#DEBUG#16b25dd8-b026-11f1-940d-eeee0a931608.capm-service-db-deployer#flowable-async-job-executor-thread-1686#
[PollExecuteTaskStatusExecution] 070d8486-d915-4207-813d-4e7e9b8a0d10 [2026-09-14T10:25:53.959570] Adding "src/gen/raven.hr.LeaveTypes.hdbtable" for deploy... ok (0s 0ms) (STDOUT, APP/TASK/deploy)#
#2026 09 14 10:26:03.696#Z#DEBUG#16b25dd8-b026-11f1-940d-eeee0a931608.capm-service-db-deployer#flowable-async-job-executor-thread-1686#
[PollExecuteTaskStatusExecution] 070d8486-d915-4207-813d-4e7e9b8a0d10 [2026-09-14T10:25:53.959610] Adding "src/leaveRequestNumber.hdbsequence" for deploy... (STDOUT, APP/TASK/deploy)#
#2026 09 14 10:26:03.696#Z#DEBUG#16b25dd8-b026-11f1-940d-eeee0a931608.capm-service-db-deployer#flowable-async-job-executor-thread-1686#
[PollExecuteTaskStatusExecution] 070d8486-d915-4207-813d-4e7e9b8a0d10 [2026-09-14T10:25:53.959656] Adding "src/leaveRequestNumber.hdbsequence" for deploy... ok (0s 1ms) (STDOUT, APP/TASK/deploy)#
#2026 09 14 10:26:03.696#Z#DEBUG#16b25dd8-b026-11f1-940d-eeee0a931608.capm-service-db-deployer#flowable-async-job-executor-thread-1686#
[PollExecuteTaskStatusExecution] 070d8486-d915-4207-813d-4e7e9b8a0d10 [2026-09-14T10:25:53.959687] Adding "src/recalcLeaveBalance.hdbprocedure" for deploy... (STDOUT, APP/TASK/deploy)#
#2026 09 14 10:26:03.696#Z#DEBUG#16b25dd8-b026-11f1-940d-eeee0a931608.capm-service-db-deployer#flowable-async-job-executor-thread-1686#
[PollExecuteTaskStatusExecution] 070d8486-d915-4207-813d-4e7e9b8a0d10 [2026-09-14T10:25:53.959731] Adding "src/recalcLeaveBalance.hdbprocedure" for deploy... ok (0s 0ms) (STDOUT, APP/TASK/deploy)#
#2026 09 14 10:26:03.696#Z#DEBUG#16b25dd8-b026-11f1-940d-eeee0a931608.capm-service-db-deployer#flowable-async-job-executor-thread-1686#
[PollExecuteTaskStatusExecution] 070d8486-d915-4207-813d-4e7e9b8a0d10 [2026-09-14T10:25:53.959772] Preparing... ok (0s 61ms) (STDOUT, APP/TASK/deploy)#
#2026 09 14 10:26:03.696#Z#DEBUG#16b25dd8-b026-11f1-940d-eeee0a931608.capm-service-db-deployer#flowable-async-job-executor-thread-1686#
[PollExecuteTaskStatusExecution] 070d8486-d915-4207-813d-4e7e9b8a0d10 [2026-09-14T10:25:53.959807] Calculating dependencies... (STDOUT, APP/TASK/deploy)#
#2026 09 14 10:26:03.696#Z#DEBUG#16b25dd8-b026-11f1-940d-eeee0a931608.capm-service-db-deployer#flowable-async-job-executor-thread-1686#
[PollExecuteTaskStatusExecution] 070d8486-d915-4207-813d-4e7e9b8a0d10 [2026-09-14T10:25:53.959839] Expanding... (STDOUT, APP/TASK/deploy)#
#2026 09 14 10:26:03.696#Z#DEBUG#16b25dd8-b026-11f1-940d-eeee0a931608.capm-service-db-deployer#flowable-async-job-executor-thread-1686#
[PollExecuteTaskStatusExecution] 070d8486-d915-4207-813d-4e7e9b8a0d10 [2026-09-14T10:25:53.959889] Expanding "src/gen/HRService.LeaveRequestOverview.hdbview"... (STDOUT, APP/TASK/deploy)#
#2026 09 14 10:26:03.696#Z#DEBUG#16b25dd8-b026-11f1-940d-eeee0a931608.capm-service-db-deployer#flowable-async-job-executor-thread-1686#
[PollExecuteTaskStatusExecution] 070d8486-d915-4207-813d-4e7e9b8a0d10 [2026-09-14T10:25:53.959923] Expanding "src/gen/data/raven.hr-Departments.hdbtabledata"... (STDOUT, APP/TASK/deploy)#
#2026 09 14 10:26:03.696#Z#DEBUG#16b25dd8-b026-11f1-940d-eeee0a931608.capm-service-db-deployer#flowable-async-job-executor-thread-1686#
[PollExecuteTaskStatusExecution] 070d8486-d915-4207-813d-4e7e9b8a0d10 [2026-09-14T10:25:53.959955] Expanding "src/gen/data/raven.hr-Employees.hdbtabledata"... (STDOUT, APP/TASK/deploy)#
#2026 09 14 10:26:03.696#Z#DEBUG#16b25dd8-b026-11f1-940d-eeee0a931608.capm-service-db-deployer#flowable-async-job-executor-thread-1686#
[PollExecuteTaskStatusExecution] 070d8486-d915-4207-813d-4e7e9b8a0d10 [2026-09-14T10:25:53.959990] Expanding "src/gen/data/raven.hr-LeaveBalances.hdbtabledata"... (STDOUT, APP/TASK/deploy)#
#2026 09 14 10:26:03.696#Z#DEBUG#16b25dd8-b026-11f1-940d-eeee0a931608.capm-service-db-deployer#flowable-async-job-executor-thread-1686#
[PollExecuteTaskStatusExecution] 070d8486-d915-4207-813d-4e7e9b8a0d10 [2026-09-14T10:25:53.960042] Expanding "src/gen/data/raven.hr-Departments.hdbtabledata"... ok (0s 3ms) (STDOUT, APP/TASK/deploy)#
#2026 09 14 10:26:03.696#Z#DEBUG#16b25dd8-b026-11f1-940d-eeee0a931608.capm-service-db-deployer#flowable-async-job-executor-thread-1686#
[PollExecuteTaskStatusExecution] 070d8486-d915-4207-813d-4e7e9b8a0d10 [2026-09-14T10:25:53.960054] Expanding "src/gen/data/raven.hr-LeaveRequests.hdbtabledata"... (STDOUT, APP/TASK/deploy)#
#2026 09 14 10:26:03.696#Z#DEBUG#16b25dd8-b026-11f1-940d-eeee0a931608.capm-service-db-deployer#flowable-async-job-executor-thread-1686#
[PollExecuteTaskStatusExecution] 070d8486-d915-4207-813d-4e7e9b8a0d10 [2026-09-14T10:25:53.960065] Expanding "src/gen/data/raven.hr-Employees.hdbtabledata"... ok (0s 3ms) (STDOUT, APP/TASK/deploy)#
#2026 09 14 10:26:03.696#Z#DEBUG#16b25dd8-b026-11f1-940d-eeee0a931608.capm-service-db-deployer#flowable-async-job-executor-thread-1686#
[PollExecuteTaskStatusExecution] 070d8486-d915-4207-813d-4e7e9b8a0d10 [2026-09-14T10:25:53.960073] Expanding "src/gen/data/raven.hr-LeaveTypes.hdbtabledata"... (STDOUT, APP/TASK/deploy)#
#2026 09 14 10:26:03.696#Z#DEBUG#16b25dd8-b026-11f1-940d-eeee0a931608.capm-service-db-deployer#flowable-async-job-executor-thread-1686#
[PollExecuteTaskStatusExecution] 070d8486-d915-4207-813d-4e7e9b8a0d10 [2026-09-14T10:25:53.960136] Expanding "src/gen/data/raven.hr-LeaveBalances.hdbtabledata"... ok (0s 5ms) (STDOUT, APP/TASK/deploy)#
#2026 09 14 10:26:03.696#Z#DEBUG#16b25dd8-b026-11f1-940d-eeee0a931608.capm-service-db-deployer#flowable-async-job-executor-thread-1686#
[PollExecuteTaskStatusExecution] 070d8486-d915-4207-813d-4e7e9b8a0d10 [2026-09-14T10:25:53.960149] Expanding "src/gen/raven.hr.Departments.hdbtable"... (STDOUT, APP/TASK/deploy)#
#2026 09 14 10:26:03.696#Z#DEBUG#16b25dd8-b026-11f1-940d-eeee0a931608.capm-service-db-deployer#flowable-async-job-executor-thread-1686#
[PollExecuteTaskStatusExecution] 070d8486-d915-4207-813d-4e7e9b8a0d10 [2026-09-14T10:25:53.960165] Expanding "src/gen/data/raven.hr-LeaveTypes.hdbtabledata"... ok (0s 3ms) (STDOUT, APP/TASK/deploy)#
#2026 09 14 10:26:03.696#Z#DEBUG#16b25dd8-b026-11f1-940d-eeee0a931608.capm-service-db-deployer#flowable-async-job-executor-thread-1686#
[PollExecuteTaskStatusExecution] 070d8486-d915-4207-813d-4e7e9b8a0d10 [2026-09-14T10:25:53.960176] Expanding "src/gen/data/raven.hr-LeaveRequests.hdbtabledata"... ok (0s 4ms) (STDOUT, APP/TASK/deploy)#
#2026 09 14 10:26:03.696#Z#DEBUG#16b25dd8-b026-11f1-940d-eeee0a931608.capm-service-db-deployer#flowable-async-job-executor-thread-1686#
[PollExecuteTaskStatusExecution] 070d8486-d915-4207-813d-4e7e9b8a0d10 [2026-09-14T10:25:53.960179] Expanding "src/gen/raven.hr.Employees.hdbtable"... (STDOUT, APP/TASK/deploy)#
#2026 09 14 10:26:03.696#Z#DEBUG#16b25dd8-b026-11f1-940d-eeee0a931608.capm-service-db-deployer#flowable-async-job-executor-thread-1686#
[PollExecuteTaskStatusExecution] 070d8486-d915-4207-813d-4e7e9b8a0d10 [2026-09-14T10:25:53.960253] Expanding "src/gen/raven.hr.LeaveBalances.hdbtable"... (STDOUT, APP/TASK/deploy)#
#2026 09 14 10:26:03.696#Z#DEBUG#16b25dd8-b026-11f1-940d-eeee0a931608.capm-service-db-deployer#flowable-async-job-executor-thread-1686#
[PollExecuteTaskStatusExecution] 070d8486-d915-4207-813d-4e7e9b8a0d10 [2026-09-14T10:25:53.960266] Expanding "src/gen/HRService.LeaveRequestOverview.hdbview"... ok (0s 11ms) (STDOUT, APP/TASK/deploy)#
#2026 09 14 10:26:03.696#Z#DEBUG#16b25dd8-b026-11f1-940d-eeee0a931608.capm-service-db-deployer#flowable-async-job-executor-thread-1686#
[PollExecuteTaskStatusExecution] 070d8486-d915-4207-813d-4e7e9b8a0d10 [2026-09-14T10:25:53.960337] Expanding "src/gen/raven.hr.LeaveRequestAttachments.hdbtable"... (STDOUT, APP/TASK/deploy)#
#2026 09 14 10:26:03.696#Z#DEBUG#16b25dd8-b026-11f1-940d-eeee0a931608.capm-service-db-deployer#flowable-async-job-executor-thread-1686#
[PollExecuteTaskStatusExecution] 070d8486-d915-4207-813d-4e7e9b8a0d10 [2026-09-14T10:25:53.960344] Expanding "src/gen/raven.hr.Departments.hdbtable"... ok (0s 8ms) (STDOUT, APP/TASK/deploy)#
#2026 09 14 10:26:03.696#Z#DEBUG#16b25dd8-b026-11f1-940d-eeee0a931608.capm-service-db-deployer#flowable-async-job-executor-thread-1686#
[PollExecuteTaskStatusExecution] 070d8486-d915-4207-813d-4e7e9b8a0d10 [2026-09-14T10:25:53.960367] Expanding "src/gen/raven.hr.LeaveRequestOverview.hdbview"... (STDOUT, APP/TASK/deploy)#
#2026 09 14 10:26:03.696#Z#DEBUG#16b25dd8-b026-11f1-940d-eeee0a931608.capm-service-db-deployer#flowable-async-job-executor-thread-1686#
[PollExecuteTaskStatusExecution] 070d8486-d915-4207-813d-4e7e9b8a0d10 [2026-09-14T10:25:53.960422] Expanding "src/gen/raven.hr.LeaveBalances.hdbtable"... ok (0s 10ms) (STDOUT, APP/TASK/deploy)#
#2026 09 14 10:26:03.696#Z#DEBUG#16b25dd8-b026-11f1-940d-eeee0a931608.capm-service-db-deployer#flowable-async-job-executor-thread-1686#
[PollExecuteTaskStatusExecution] 070d8486-d915-4207-813d-4e7e9b8a0d10 [2026-09-14T10:25:53.960432] Expanding "src/gen/raven.hr.Employees.hdbtable"... ok (0s 10ms) (STDOUT, APP/TASK/deploy)#
#2026 09 14 10:26:03.696#Z#DEBUG#16b25dd8-b026-11f1-940d-eeee0a931608.capm-service-db-deployer#flowable-async-job-executor-thread-1686#
[PollExecuteTaskStatusExecution] 070d8486-d915-4207-813d-4e7e9b8a0d10 [2026-09-14T10:25:53.960444] Expanding "src/gen/raven.hr.LeaveRequests.hdbtable"... (STDOUT, APP/TASK/deploy)#
#2026 09 14 10:26:03.696#Z#DEBUG#16b25dd8-b026-11f1-940d-eeee0a931608.capm-service-db-deployer#flowable-async-job-executor-thread-1686#
[PollExecuteTaskStatusExecution] 070d8486-d915-4207-813d-4e7e9b8a0d10 [2026-09-14T10:25:53.960447] Expanding "src/gen/raven.hr.LeaveTypes.hdbtable"... (STDOUT, APP/TASK/deploy)#
#2026 09 14 10:26:03.696#Z#DEBUG#16b25dd8-b026-11f1-940d-eeee0a931608.capm-service-db-deployer#flowable-async-job-executor-thread-1686#
[PollExecuteTaskStatusExecution] 070d8486-d915-4207-813d-4e7e9b8a0d10 [2026-09-14T10:25:53.960590] Expanding "src/gen/raven.hr.LeaveRequestAttachments.hdbtable"... ok (0s 8ms) (STDOUT, APP/TASK/deploy)#
#2026 09 14 10:26:03.696#Z#DEBUG#16b25dd8-b026-11f1-940d-eeee0a931608.capm-service-db-deployer#flowable-async-job-executor-thread-1686#
[PollExecuteTaskStatusExecution] 070d8486-d915-4207-813d-4e7e9b8a0d10 [2026-09-14T10:25:53.960649] Expanding "src/gen/raven.hr.LeaveTypes.hdbtable"... ok (0s 6ms) (STDOUT, APP/TASK/deploy)#
#2026 09 14 10:26:03.696#Z#DEBUG#16b25dd8-b026-11f1-940d-eeee0a931608.capm-service-db-deployer#flowable-async-job-executor-thread-1686#
[PollExecuteTaskStatusExecution] 070d8486-d915-4207-813d-4e7e9b8a0d10 [2026-09-14T10:25:53.960656] Expanding "src/gen/raven.hr.LeaveRequestOverview.hdbview"... ok (0s 9ms) (STDOUT, APP/TASK/deploy)#
#2026 09 14 10:26:03.696#Z#DEBUG#16b25dd8-b026-11f1-940d-eeee0a931608.capm-service-db-deployer#flowable-async-job-executor-thread-1686#
[PollExecuteTaskStatusExecution] 070d8486-d915-4207-813d-4e7e9b8a0d10 [2026-09-14T10:25:53.960701] Expanding "src/gen/raven.hr.LeaveRequests.hdbtable"... ok (0s 7ms) (STDOUT, APP/TASK/deploy)#
#2026 09 14 10:26:03.696#Z#DEBUG#16b25dd8-b026-11f1-940d-eeee0a931608.capm-service-db-deployer#flowable-async-job-executor-thread-1686#
[PollExecuteTaskStatusExecution] 070d8486-d915-4207-813d-4e7e9b8a0d10 [2026-09-14T10:25:53.960713] Expanding... ok (0s 50ms) (STDOUT, APP/TASK/deploy)#
#2026 09 14 10:26:03.696#Z#DEBUG#16b25dd8-b026-11f1-940d-eeee0a931608.capm-service-db-deployer#flowable-async-job-executor-thread-1686#
[PollExecuteTaskStatusExecution] 070d8486-d915-4207-813d-4e7e9b8a0d10 [2026-09-14T10:25:53.960762] Precompiling... (STDOUT, APP/TASK/deploy)#
#2026 09 14 10:26:03.696#Z#DEBUG#16b25dd8-b026-11f1-940d-eeee0a931608.capm-service-db-deployer#flowable-async-job-executor-thread-1686#
[PollExecuteTaskStatusExecution] 070d8486-d915-4207-813d-4e7e9b8a0d10 [2026-09-14T10:25:53.960808] Precompiling "src/gen/HRService.LeaveRequestOverview.hdbview"... (STDOUT, APP/TASK/deploy)#
#2026 09 14 10:26:03.696#Z#DEBUG#16b25dd8-b026-11f1-940d-eeee0a931608.capm-service-db-deployer#flowable-async-job-executor-thread-1686#
[PollExecuteTaskStatusExecution] 070d8486-d915-4207-813d-4e7e9b8a0d10 [2026-09-14T10:25:53.960861] Precompiling "src/gen/data/raven.hr-Departments.csv"... (STDOUT, APP/TASK/deploy)#
#2026 09 14 10:26:03.696#Z#DEBUG#16b25dd8-b026-11f1-940d-eeee0a931608.capm-service-db-deployer#flowable-async-job-executor-thread-1686#
[PollExecuteTaskStatusExecution] 070d8486-d915-4207-813d-4e7e9b8a0d10 [2026-09-14T10:25:53.960901] Precompiling "src/gen/data/raven.hr-Departments.hdbtabledata"... (STDOUT, APP/TASK/deploy)#
#2026 09 14 10:26:03.696#Z#DEBUG#16b25dd8-b026-11f1-940d-eeee0a931608.capm-service-db-deployer#flowable-async-job-executor-thread-1686#
[PollExecuteTaskStatusExecution] 070d8486-d915-4207-813d-4e7e9b8a0d10 [2026-09-14T10:25:53.960956] Precompiling "src/gen/data/raven.hr-Departments.hdbtabledata"... ok (0s 0ms) (STDOUT, APP/TASK/deploy)#
#2026 09 14 10:26:03.696#Z#DEBUG#16b25dd8-b026-11f1-940d-eeee0a931608.capm-service-db-deployer#flowable-async-job-executor-thread-1686#
[PollExecuteTaskStatusExecution] 070d8486-d915-4207-813d-4e7e9b8a0d10 [2026-09-14T10:25:53.961002] Precompiling "src/gen/data/raven.hr-Departments.hdbtabledata$0.expand"... (STDOUT, APP/TASK/deploy)#
#2026 09 14 10:26:03.696#Z#DEBUG#16b25dd8-b026-11f1-940d-eeee0a931608.capm-service-db-deployer#flowable-async-job-executor-thread-1686#
[PollExecuteTaskStatusExecution] 070d8486-d915-4207-813d-4e7e9b8a0d10 [2026-09-14T10:25:53.961054] Expanded from "src/gen/data/raven.hr-Departments.hdbtabledata" (STDOUT, APP/TASK/deploy)#
#2026 09 14 10:26:03.696#Z#DEBUG#16b25dd8-b026-11f1-940d-eeee0a931608.capm-service-db-deployer#flowable-async-job-executor-thread-1686#
[PollExecuteTaskStatusExecution] 070d8486-d915-4207-813d-4e7e9b8a0d10 [2026-09-14T10:25:53.961100] Precompiling "src/gen/data/raven.hr-Employees.csv"... (STDOUT, APP/TASK/deploy)#
#2026 09 14 10:26:03.696#Z#DEBUG#16b25dd8-b026-11f1-940d-eeee0a931608.capm-service-db-deployer#flowable-async-job-executor-thread-1686#
[PollExecuteTaskStatusExecution] 070d8486-d915-4207-813d-4e7e9b8a0d10 [2026-09-14T10:25:53.961152] Precompiling "src/gen/data/raven.hr-Departments.hdbtabledata$0.expand"... ok (0s 1ms) (STDOUT, APP/TASK/deploy)#
#2026 09 14 10:26:03.696#Z#DEBUG#16b25dd8-b026-11f1-940d-eeee0a931608.capm-service-db-deployer#flowable-async-job-executor-thread-1686#
[PollExecuteTaskStatusExecution] 070d8486-d915-4207-813d-4e7e9b8a0d10 [2026-09-14T10:25:53.961190] Precompiling "src/gen/data/raven.hr-Employees.hdbtabledata"... (STDOUT, APP/TASK/deploy)#
#2026 09 14 10:26:03.696#Z#DEBUG#16b25dd8-b026-11f1-940d-eeee0a931608.capm-service-db-deployer#flowable-async-job-executor-thread-1686#
[PollExecuteTaskStatusExecution] 070d8486-d915-4207-813d-4e7e9b8a0d10 [2026-09-14T10:25:53.961239] Precompiling "src/gen/data/raven.hr-Employees.hdbtabledata"... ok (0s 0ms) (STDOUT, APP/TASK/deploy)#
#2026 09 14 10:26:03.696#Z#DEBUG#16b25dd8-b026-11f1-940d-eeee0a931608.capm-service-db-deployer#flowable-async-job-executor-thread-1686#
[PollExecuteTaskStatusExecution] 070d8486-d915-4207-813d-4e7e9b8a0d10 [2026-09-14T10:25:53.961276] Precompiling "src/gen/data/raven.hr-Employees.hdbtabledata$0.expand"... (STDOUT, APP/TASK/deploy)#
#2026 09 14 10:26:03.696#Z#DEBUG#16b25dd8-b026-11f1-940d-eeee0a931608.capm-service-db-deployer#flowable-async-job-executor-thread-1686#
[PollExecuteTaskStatusExecution] 070d8486-d915-4207-813d-4e7e9b8a0d10 [2026-09-14T10:25:53.961328] Expanded from "src/gen/data/raven.hr-Employees.hdbtabledata" (STDOUT, APP/TASK/deploy)#
#2026 09 14 10:26:03.696#Z#DEBUG#16b25dd8-b026-11f1-940d-eeee0a931608.capm-service-db-deployer#flowable-async-job-executor-thread-1686#
[PollExecuteTaskStatusExecution] 070d8486-d915-4207-813d-4e7e9b8a0d10 [2026-09-14T10:25:53.961368] Precompiling "src/gen/data/raven.hr-Departments.csv"... ok (0s 2ms) (STDOUT, APP/TASK/deploy)#
#2026 09 14 10:26:03.696#Z#DEBUG#16b25dd8-b026-11f1-940d-eeee0a931608.capm-service-db-deployer#flowable-async-job-executor-thread-1686#
[PollExecuteTaskStatusExecution] 070d8486-d915-4207-813d-4e7e9b8a0d10 [2026-09-14T10:25:53.961421] Precompiling "src/gen/data/raven.hr-LeaveBalances.csv"... (STDOUT, APP/TASK/deploy)#
#2026 09 14 10:26:03.696#Z#DEBUG#16b25dd8-b026-11f1-940d-eeee0a931608.capm-service-db-deployer#flowable-async-job-executor-thread-1686#
[PollExecuteTaskStatusExecution] 070d8486-d915-4207-813d-4e7e9b8a0d10 [2026-09-14T10:25:53.961460] Precompiling "src/gen/data/raven.hr-Employees.hdbtabledata$0.expand"... ok (0s 1ms) (STDOUT, APP/TASK/deploy)#
#2026 09 14 10:26:03.696#Z#DEBUG#16b25dd8-b026-11f1-940d-eeee0a931608.capm-service-db-deployer#flowable-async-job-executor-thread-1686#
[PollExecuteTaskStatusExecution] 070d8486-d915-4207-813d-4e7e9b8a0d10 [2026-09-14T10:25:53.961513] Precompiling "src/gen/data/raven.hr-LeaveBalances.hdbtabledata"... (STDOUT, APP/TASK/deploy)#
#2026 09 14 10:26:03.696#Z#DEBUG#16b25dd8-b026-11f1-940d-eeee0a931608.capm-service-db-deployer#flowable-async-job-executor-thread-1686#
[PollExecuteTaskStatusExecution] 070d8486-d915-4207-813d-4e7e9b8a0d10 [2026-09-14T10:25:53.963886] Precompiling "src/gen/data/raven.hr-LeaveBalances.hdbtabledata"... ok (0s 0ms) (STDOUT, APP/TASK/deploy)#
#2026 09 14 10:26:03.696#Z#DEBUG#16b25dd8-b026-11f1-940d-eeee0a931608.capm-service-db-deployer#flowable-async-job-executor-thread-1686#
[PollExecuteTaskStatusExecution] 070d8486-d915-4207-813d-4e7e9b8a0d10 [2026-09-14T10:25:53.963973] Precompiling "src/gen/data/raven.hr-LeaveBalances.hdbtabledata$0.expand"... (STDOUT, APP/TASK/deploy)#
#2026 09 14 10:26:03.696#Z#DEBUG#16b25dd8-b026-11f1-940d-eeee0a931608.capm-service-db-deployer#flowable-async-job-executor-thread-1686#
[PollExecuteTaskStatusExecution] 070d8486-d915-4207-813d-4e7e9b8a0d10 [2026-09-14T10:25:53.964016] Expanded from "src/gen/data/raven.hr-LeaveBalances.hdbtabledata" (STDOUT, APP/TASK/deploy)#
#2026 09 14 10:26:03.696#Z#DEBUG#16b25dd8-b026-11f1-940d-eeee0a931608.capm-service-db-deployer#flowable-async-job-executor-thread-1686#
[PollExecuteTaskStatusExecution] 070d8486-d915-4207-813d-4e7e9b8a0d10 [2026-09-14T10:25:53.964074] Precompiling "src/gen/data/raven.hr-Employees.csv"... ok (0s 3ms) (STDOUT, APP/TASK/deploy)#
#2026 09 14 10:26:03.696#Z#DEBUG#16b25dd8-b026-11f1-940d-eeee0a931608.capm-service-db-deployer#flowable-async-job-executor-thread-1686#
[PollExecuteTaskStatusExecution] 070d8486-d915-4207-813d-4e7e9b8a0d10 [2026-09-14T10:25:53.964115] Precompiling "src/gen/data/raven.hr-LeaveRequests.csv"... (STDOUT, APP/TASK/deploy)#
#2026 09 14 10:26:03.696#Z#DEBUG#16b25dd8-b026-11f1-940d-eeee0a931608.capm-service-db-deployer#flowable-async-job-executor-thread-1686#
[PollExecuteTaskStatusExecution] 070d8486-d915-4207-813d-4e7e9b8a0d10 [2026-09-14T10:25:53.964165] Precompiling "src/gen/data/raven.hr-LeaveBalances.csv"... ok (0s 1ms) (STDOUT, APP/TASK/deploy)#
#2026 09 14 10:26:03.696#Z#DEBUG#16b25dd8-b026-11f1-940d-eeee0a931608.capm-service-db-deployer#flowable-async-job-executor-thread-1686#
[PollExecuteTaskStatusExecution] 070d8486-d915-4207-813d-4e7e9b8a0d10 [2026-09-14T10:25:53.964203] Precompiling "src/gen/data/raven.hr-LeaveBalances.hdbtabledata$0.expand"... ok (0s 1ms) (STDOUT, APP/TASK/deploy)#
#2026 09 14 10:26:03.696#Z#DEBUG#16b25dd8-b026-11f1-940d-eeee0a931608.capm-service-db-deployer#flowable-async-job-executor-thread-1686#
[PollExecuteTaskStatusExecution] 070d8486-d915-4207-813d-4e7e9b8a0d10 [2026-09-14T10:25:53.964264] Precompiling "src/gen/data/raven.hr-LeaveRequests.hdbtabledata"... (STDOUT, APP/TASK/deploy)#
#2026 09 14 10:26:03.696#Z#DEBUG#16b25dd8-b026-11f1-940d-eeee0a931608.capm-service-db-deployer#flowable-async-job-executor-thread-1686#
[PollExecuteTaskStatusExecution] 070d8486-d915-4207-813d-4e7e9b8a0d10 [2026-09-14T10:25:53.964303] Precompiling "src/gen/data/raven.hr-LeaveRequests.hdbtabledata$0.expand"... (STDOUT, APP/TASK/deploy)#
#2026 09 14 10:26:03.696#Z#DEBUG#16b25dd8-b026-11f1-940d-eeee0a931608.capm-service-db-deployer#flowable-async-job-executor-thread-1686#
[PollExecuteTaskStatusExecution] 070d8486-d915-4207-813d-4e7e9b8a0d10 [2026-09-14T10:25:53.964490] Precompiling "src/gen/data/raven.hr-LeaveRequests.hdbtabledata"... ok (0s 0ms) (STDOUT, APP/TASK/deploy)#
#2026 09 14 10:26:03.696#Z#DEBUG#16b25dd8-b026-11f1-940d-eeee0a931608.capm-service-db-deployer#flowable-async-job-executor-thread-1686#
[PollExecuteTaskStatusExecution] 070d8486-d915-4207-813d-4e7e9b8a0d10 [2026-09-14T10:25:53.964532] Expanded from "src/gen/data/raven.hr-LeaveRequests.hdbtabledata" (STDOUT, APP/TASK/deploy)#
#2026 09 14 10:26:03.696#Z#DEBUG#16b25dd8-b026-11f1-940d-eeee0a931608.capm-service-db-deployer#flowable-async-job-executor-thread-1686#
[PollExecuteTaskStatusExecution] 070d8486-d915-4207-813d-4e7e9b8a0d10 [2026-09-14T10:25:53.964587] Precompiling "src/gen/data/raven.hr-LeaveTypes.csv"... (STDOUT, APP/TASK/deploy)#
#2026 09 14 10:26:03.696#Z#DEBUG#16b25dd8-b026-11f1-940d-eeee0a931608.capm-service-db-deployer#flowable-async-job-executor-thread-1686#
[PollExecuteTaskStatusExecution] 070d8486-d915-4207-813d-4e7e9b8a0d10 [2026-09-14T10:25:53.964621] Precompiling "src/gen/data/raven.hr-LeaveRequests.csv"... ok (0s 1ms) (STDOUT, APP/TASK/deploy)#
#2026 09 14 10:26:03.696#Z#DEBUG#16b25dd8-b026-11f1-940d-eeee0a931608.capm-service-db-deployer#flowable-async-job-executor-thread-1686#
[PollExecuteTaskStatusExecution] 070d8486-d915-4207-813d-4e7e9b8a0d10 [2026-09-14T10:25:53.964675] Precompiling "src/gen/data/raven.hr-LeaveTypes.hdbtabledata"... (STDOUT, APP/TASK/deploy)#
#2026 09 14 10:26:03.696#Z#DEBUG#16b25dd8-b026-11f1-940d-eeee0a931608.capm-service-db-deployer#flowable-async-job-executor-thread-1686#
[PollExecuteTaskStatusExecution] 070d8486-d915-4207-813d-4e7e9b8a0d10 [2026-09-14T10:25:53.964711] Precompiling "src/gen/data/raven.hr-LeaveTypes.hdbtabledata"... ok (0s 0ms) (STDOUT, APP/TASK/deploy)#
#2026 09 14 10:26:03.696#Z#DEBUG#16b25dd8-b026-11f1-940d-eeee0a931608.capm-service-db-deployer#flowable-async-job-executor-thread-1686#
[PollExecuteTaskStatusExecution] 070d8486-d915-4207-813d-4e7e9b8a0d10 [2026-09-14T10:25:53.964764] Precompiling "src/gen/data/raven.hr-LeaveTypes.hdbtabledata$0.expand"... (STDOUT, APP/TASK/deploy)#
#2026 09 14 10:26:03.696#Z#DEBUG#16b25dd8-b026-11f1-940d-eeee0a931608.capm-service-db-deployer#flowable-async-job-executor-thread-1686#
[PollExecuteTaskStatusExecution] 070d8486-d915-4207-813d-4e7e9b8a0d10 [2026-09-14T10:25:53.964798] Expanded from "src/gen/data/raven.hr-LeaveTypes.hdbtabledata" (STDOUT, APP/TASK/deploy)#
#2026 09 14 10:26:03.696#Z#DEBUG#16b25dd8-b026-11f1-940d-eeee0a931608.capm-service-db-deployer#flowable-async-job-executor-thread-1686#
[PollExecuteTaskStatusExecution] 070d8486-d915-4207-813d-4e7e9b8a0d10 [2026-09-14T10:25:53.964850] Precompiling "src/gen/data/raven.hr-LeaveTypes.csv"... ok (0s 1ms) (STDOUT, APP/TASK/deploy)#
#2026 09 14 10:26:03.696#Z#DEBUG#16b25dd8-b026-11f1-940d-eeee0a931608.capm-service-db-deployer#flowable-async-job-executor-thread-1686#
[PollExecuteTaskStatusExecution] 070d8486-d915-4207-813d-4e7e9b8a0d10 [2026-09-14T10:25:53.964884] Precompiling "src/gen/raven.hr.Departments.hdbtable"... (STDOUT, APP/TASK/deploy)#
#2026 09 14 10:26:03.696#Z#DEBUG#16b25dd8-b026-11f1-940d-eeee0a931608.capm-service-db-deployer#flowable-async-job-executor-thread-1686#
[PollExecuteTaskStatusExecution] 070d8486-d915-4207-813d-4e7e9b8a0d10 [2026-09-14T10:25:53.964936] Precompiling "src/gen/data/raven.hr-LeaveRequests.hdbtabledata$0.expand"... ok (0s 2ms) (STDOUT, APP/TASK/deploy)#
#2026 09 14 10:26:03.696#Z#DEBUG#16b25dd8-b026-11f1-940d-eeee0a931608.capm-service-db-deployer#flowable-async-job-executor-thread-1686#
[PollExecuteTaskStatusExecution] 070d8486-d915-4207-813d-4e7e9b8a0d10 [2026-09-14T10:25:53.964971] Precompiling "src/gen/raven.hr.Employees.hdbtable"... (STDOUT, APP/TASK/deploy)#
#2026 09 14 10:26:03.696#Z#DEBUG#16b25dd8-b026-11f1-940d-eeee0a931608.capm-service-db-deployer#flowable-async-job-executor-thread-1686#
[PollExecuteTaskStatusExecution] 070d8486-d915-4207-813d-4e7e9b8a0d10 [2026-09-14T10:25:53.965025] Precompiling "src/gen/data/raven.hr-LeaveTypes.hdbtabledata$0.expand"... ok (0s 1ms) (STDOUT, APP/TASK/deploy)#
#2026 09 14 10:26:03.696#Z#DEBUG#16b25dd8-b026-11f1-940d-eeee0a931608.capm-service-db-deployer#flowable-async-job-executor-thread-1686#
[PollExecuteTaskStatusExecution] 070d8486-d915-4207-813d-4e7e9b8a0d10 [2026-09-14T10:25:53.965061] Precompiling "src/gen/raven.hr.LeaveBalances.hdbtable"... (STDOUT, APP/TASK/deploy)#
#2026 09 14 10:26:03.696#Z#DEBUG#16b25dd8-b026-11f1-940d-eeee0a931608.capm-service-db-deployer#flowable-async-job-executor-thread-1686#
[PollExecuteTaskStatusExecution] 070d8486-d915-4207-813d-4e7e9b8a0d10 [2026-09-14T10:25:53.965122] Precompiling "src/gen/HRService.LeaveRequestOverview.hdbview"... ok (0s 10ms) (STDOUT, APP/TASK/deploy)#
#2026 09 14 10:26:03.696#Z#DEBUG#16b25dd8-b026-11f1-940d-eeee0a931608.capm-service-db-deployer#flowable-async-job-executor-thread-1686#
[PollExecuteTaskStatusExecution] 070d8486-d915-4207-813d-4e7e9b8a0d10 [2026-09-14T10:25:53.965162] Precompiling "src/gen/raven.hr.LeaveRequestAttachments.hdbtable"... (STDOUT, APP/TASK/deploy)#
#2026 09 14 10:26:03.696#Z#DEBUG#16b25dd8-b026-11f1-940d-eeee0a931608.capm-service-db-deployer#flowable-async-job-executor-thread-1686#
[PollExecuteTaskStatusExecution] 070d8486-d915-4207-813d-4e7e9b8a0d10 [2026-09-14T10:25:53.965210] Precompiling "src/gen/raven.hr.Departments.hdbtable"... ok (0s 9ms) (STDOUT, APP/TASK/deploy)#
#2026 09 14 10:26:03.696#Z#DEBUG#16b25dd8-b026-11f1-940d-eeee0a931608.capm-service-db-deployer#flowable-async-job-executor-thread-1686#
[PollExecuteTaskStatusExecution] 070d8486-d915-4207-813d-4e7e9b8a0d10 [2026-09-14T10:25:53.965262] Precompiling "src/gen/raven.hr.LeaveRequestOverview.hdbview"... (STDOUT, APP/TASK/deploy)#
#2026 09 14 10:26:03.696#Z#DEBUG#16b25dd8-b026-11f1-940d-eeee0a931608.capm-service-db-deployer#flowable-async-job-executor-thread-1686#
[PollExecuteTaskStatusExecution] 070d8486-d915-4207-813d-4e7e9b8a0d10 [2026-09-14T10:25:53.965313] Precompiling "src/gen/raven.hr.LeaveBalances.hdbtable"... ok (0s 9ms) (STDOUT, APP/TASK/deploy)#
#2026 09 14 10:26:03.696#Z#DEBUG#16b25dd8-b026-11f1-940d-eeee0a931608.capm-service-db-deployer#flowable-async-job-executor-thread-1686#
[PollExecuteTaskStatusExecution] 070d8486-d915-4207-813d-4e7e9b8a0d10 [2026-09-14T10:25:53.965368] Precompiling "src/gen/raven.hr.LeaveRequests.hdbtable"... (STDOUT, APP/TASK/deploy)#
#2026 09 14 10:26:03.696#Z#DEBUG#16b25dd8-b026-11f1-940d-eeee0a931608.capm-service-db-deployer#flowable-async-job-executor-thread-1686#
[PollExecuteTaskStatusExecution] 070d8486-d915-4207-813d-4e7e9b8a0d10 [2026-09-14T10:25:53.965409] Precompiling "src/gen/raven.hr.Employees.hdbtable"... ok (0s 10ms) (STDOUT, APP/TASK/deploy)#
#2026 09 14 10:26:03.696#Z#DEBUG#16b25dd8-b026-11f1-940d-eeee0a931608.capm-service-db-deployer#flowable-async-job-executor-thread-1686#
[PollExecuteTaskStatusExecution] 070d8486-d915-4207-813d-4e7e9b8a0d10 [2026-09-14T10:25:53.965455] Precompiling "src/gen/raven.hr.LeaveTypes.hdbtable"... (STDOUT, APP/TASK/deploy)#
#2026 09 14 10:26:03.696#Z#DEBUG#16b25dd8-b026-11f1-940d-eeee0a931608.capm-service-db-deployer#flowable-async-job-executor-thread-1686#
[PollExecuteTaskStatusExecution] 070d8486-d915-4207-813d-4e7e9b8a0d10 [2026-09-14T10:25:53.965495] Precompiling "src/gen/raven.hr.LeaveRequestAttachments.hdbtable"... ok (0s 8ms) (STDOUT, APP/TASK/deploy)#
#2026 09 14 10:26:03.696#Z#DEBUG#16b25dd8-b026-11f1-940d-eeee0a931608.capm-service-db-deployer#flowable-async-job-executor-thread-1686#
[PollExecuteTaskStatusExecution] 070d8486-d915-4207-813d-4e7e9b8a0d10 [2026-09-14T10:25:53.965692] Precompiling "src/leaveRequestNumber.hdbsequence"... (STDOUT, APP/TASK/deploy)#
#2026 09 14 10:26:03.696#Z#DEBUG#16b25dd8-b026-11f1-940d-eeee0a931608.capm-service-db-deployer#flowable-async-job-executor-thread-1686#
[PollExecuteTaskStatusExecution] 070d8486-d915-4207-813d-4e7e9b8a0d10 [2026-09-14T10:25:53.965729] Precompiling "src/gen/raven.hr.LeaveRequestOverview.hdbview"... ok (0s 9ms) (STDOUT, APP/TASK/deploy)#
#2026 09 14 10:26:03.696#Z#DEBUG#16b25dd8-b026-11f1-940d-eeee0a931608.capm-service-db-deployer#flowable-async-job-executor-thread-1686#
[PollExecuteTaskStatusExecution] 070d8486-d915-4207-813d-4e7e9b8a0d10 [2026-09-14T10:25:53.965734] Precompiling "src/recalcLeaveBalance.hdbprocedure"... (STDOUT, APP/TASK/deploy)#
#2026 09 14 10:26:03.696#Z#DEBUG#16b25dd8-b026-11f1-940d-eeee0a931608.capm-service-db-deployer#flowable-async-job-executor-thread-1686#
[PollExecuteTaskStatusExecution] 070d8486-d915-4207-813d-4e7e9b8a0d10 [2026-09-14T10:25:53.965739] Precompiling "src/gen/raven.hr.LeaveRequests.hdbtable"... ok (0s 8ms) (STDOUT, APP/TASK/deploy)#
#2026 09 14 10:26:03.696#Z#DEBUG#16b25dd8-b026-11f1-940d-eeee0a931608.capm-service-db-deployer#flowable-async-job-executor-thread-1686#
[PollExecuteTaskStatusExecution] 070d8486-d915-4207-813d-4e7e9b8a0d10 [2026-09-14T10:25:53.965768] Precompiling "src/gen/raven.hr.LeaveTypes.hdbtable"... ok (0s 8ms) (STDOUT, APP/TASK/deploy)#
#2026 09 14 10:26:03.696#Z#DEBUG#16b25dd8-b026-11f1-940d-eeee0a931608.capm-service-db-deployer#flowable-async-job-executor-thread-1686#
[PollExecuteTaskStatusExecution] 070d8486-d915-4207-813d-4e7e9b8a0d10 [2026-09-14T10:25:53.966321] Error: com.sap.hana.di.sequence: Syntax error: "incorrect syntax near ":"" [8250009] (STDERR, APP/TASK/deploy)#
#2026 09 14 10:26:03.696#Z#DEBUG#16b25dd8-b026-11f1-940d-eeee0a931608.capm-service-db-deployer#flowable-async-job-executor-thread-1686#
[PollExecuteTaskStatusExecution] 070d8486-d915-4207-813d-4e7e9b8a0d10 [2026-09-14T10:25:53.966447] at "src/leaveRequestNumber.hdbsequence" (1:7) (STDOUT, APP/TASK/deploy)#
#2026 09 14 10:26:03.696#Z#DEBUG#16b25dd8-b026-11f1-940d-eeee0a931608.capm-service-db-deployer#flowable-async-job-executor-thread-1686#
[PollExecuteTaskStatusExecution] 070d8486-d915-4207-813d-4e7e9b8a0d10 [2026-09-14T10:25:53.966524] Precompiling "src/recalcLeaveBalance.hdbprocedure"... ok (0s 4ms) (STDOUT, APP/TASK/deploy)#
#2026 09 14 10:26:03.696#Z#DEBUG#16b25dd8-b026-11f1-940d-eeee0a931608.capm-service-db-deployer#flowable-async-job-executor-thread-1686#
[PollExecuteTaskStatusExecution] 070d8486-d915-4207-813d-4e7e9b8a0d10 [2026-09-14T10:25:53.966627] Error: Precompiling... failed [8212133] (STDERR, APP/TASK/deploy)#
#2026 09 14 10:26:03.696#Z#DEBUG#16b25dd8-b026-11f1-940d-eeee0a931608.capm-service-db-deployer#flowable-async-job-executor-thread-1686#
[PollExecuteTaskStatusExecution] 070d8486-d915-4207-813d-4e7e9b8a0d10 [2026-09-14T10:25:53.966677] Make failed (5 errors, 0 warnings): tried to deploy 22 files, undeploy 0 files, redeploy 0 dependent files (STDOUT, APP/TASK/deploy)#
#2026 09 14 10:26:03.696#Z#DEBUG#16b25dd8-b026-11f1-940d-eeee0a931608.capm-service-db-deployer#flowable-async-job-executor-thread-1686#
[PollExecuteTaskStatusExecution] 070d8486-d915-4207-813d-4e7e9b8a0d10 [2026-09-14T10:25:53.967051] Error: Calculating dependencies... failed [8212108] (STDERR, APP/TASK/deploy)#
#2026 09 14 10:26:03.696#Z#DEBUG#16b25dd8-b026-11f1-940d-eeee0a931608.capm-service-db-deployer#flowable-async-job-executor-thread-1686#
[PollExecuteTaskStatusExecution] 070d8486-d915-4207-813d-4e7e9b8a0d10 [2026-09-14T10:25:53.967159] Error: Making... failed [8211605] (STDERR, APP/TASK/deploy)#
#2026 09 14 10:26:03.696#Z#DEBUG#16b25dd8-b026-11f1-940d-eeee0a931608.capm-service-db-deployer#flowable-async-job-executor-thread-1686#
[PollExecuteTaskStatusExecution] 070d8486-d915-4207-813d-4e7e9b8a0d10 [2026-09-14T10:25:53.967200] Error: Starting make in the container "6A5478B8D26E43D8A56BA48D201A9E69" with 22 files to deploy, 0 files to undeploy... failed [8214168] (STDERR, APP/TASK/deploy)#
#2026 09 14 10:26:03.696#Z#DEBUG#16b25dd8-b026-11f1-940d-eeee0a931608.capm-service-db-deployer#flowable-async-job-executor-thread-1686#
[PollExecuteTaskStatusExecution] 070d8486-d915-4207-813d-4e7e9b8a0d10 [2026-09-14T10:25:53.967816] Deployment to container 6A5478B8D26E43D8A56BA48D201A9E69 failed - error: HDI make failed [Deployment ID: none]. (STDERR, APP/TASK/deploy)#
#2026 09 14 10:26:03.696#Z#DEBUG#16b25dd8-b026-11f1-940d-eeee0a931608.capm-service-db-deployer#flowable-async-job-executor-thread-1686#
[PollExecuteTaskStatusExecution] 070d8486-d915-4207-813d-4e7e9b8a0d10 [2026-09-14T10:25:53.969508] Deployment ended at 2026-09-14 10:25:53 (STDOUT, APP/TASK/deploy)#
#2026 09 14 10:26:03.696#Z#DEBUG#16b25dd8-b026-11f1-940d-eeee0a931608.capm-service-db-deployer#flowable-async-job-executor-thread-1686#
[PollExecuteTaskStatusExecution] 070d8486-d915-4207-813d-4e7e9b8a0d10 [2026-09-14T10:25:53.969601] Error: HDI make failed (STDERR, APP/TASK/deploy)#
#2026 09 14 10:26:03.696#Z#DEBUG#16b25dd8-b026-11f1-940d-eeee0a931608.capm-service-db-deployer#flowable-async-job-executor-thread-1686#
[PollExecuteTaskStatusExecution] 070d8486-d915-4207-813d-4e7e9b8a0d10 [2026-09-14T10:25:53.971367] (2s 150ms) (STDOUT, APP/TASK/deploy)#
#2026 09 14 10:26:03.696#Z#DEBUG#16b25dd8-b026-11f1-940d-eeee0a931608.capm-service-db-deployer#flowable-async-job-executor-thread-1686#
[PollExecuteTaskStatusExecution] 070d8486-d915-4207-813d-4e7e9b8a0d10 [2026-09-14T10:25:53.995803] npm notice (STDERR, APP/TASK/deploy)#
#2026 09 14 10:26:03.696#Z#DEBUG#16b25dd8-b026-11f1-940d-eeee0a931608.capm-service-db-deployer#flowable-async-job-executor-thread-1686#
[PollExecuteTaskStatusExecution] 070d8486-d915-4207-813d-4e7e9b8a0d10 [2026-09-14T10:25:53.995841] npm notice New major version of npm available! 11.16.0 -> 12.0.2 (STDERR, APP/TASK/deploy)#
#2026 09 14 10:26:03.696#Z#DEBUG#16b25dd8-b026-11f1-940d-eeee0a931608.capm-service-db-deployer#flowable-async-job-executor-thread-1686#
[PollExecuteTaskStatusExecution] 070d8486-d915-4207-813d-4e7e9b8a0d10 [2026-09-14T10:25:53.995847] npm notice Changelog: https://github.com/npm/cli/releases/tag/v12.0.2 (STDERR, APP/TASK/deploy)#
#2026 09 14 10:26:03.696#Z#DEBUG#16b25dd8-b026-11f1-940d-eeee0a931608.capm-service-db-deployer#flowable-async-job-executor-thread-1686#
[PollExecuteTaskStatusExecution] 070d8486-d915-4207-813d-4e7e9b8a0d10 [2026-09-14T10:25:53.995857] npm notice To update run: npm install -g npm@12.0.2 (STDERR, APP/TASK/deploy)#
#2026 09 14 10:26:03.696#Z#DEBUG#16b25dd8-b026-11f1-940d-eeee0a931608.capm-service-db-deployer#flowable-async-job-executor-thread-1686#
[PollExecuteTaskStatusExecution] 070d8486-d915-4207-813d-4e7e9b8a0d10 [2026-09-14T10:25:53.995859] npm notice (STDERR, APP/TASK/deploy)#
#2026 09 14 10:26:03.696#Z#DEBUG#16b25dd8-b026-11f1-940d-eeee0a931608.capm-service-db-deployer#flowable-async-job-executor-thread-1686#
[PollExecuteTaskStatusExecution] 070d8486-d915-4207-813d-4e7e9b8a0d10 [2026-09-14T10:25:54.090192] Exit status 1 (STDOUT, APP/TASK/deploy)#
#2026 09 14 10:26:03.696#Z#DEBUG#16b25dd8-b026-11f1-940d-eeee0a931608.capm-service-db-deployer#flowable-async-job-executor-thread-1686#
[PollExecuteTaskStatusExecution] 070d8486-d915-4207-813d-4e7e9b8a0d10 [2026-09-14T10:25:55.082460] Cell d1cc041a-d5a1-41d6-b9f6-6cda736ce3f0 stopping instance 0672ff2d-5801-469b-8f24-d2387eac477d (STDOUT, CELL)#
#2026 09 14 10:26:03.696#Z#DEBUG#16b25dd8-b026-11f1-940d-eeee0a931608.capm-service-db-deployer#flowable-async-job-executor-thread-1686#
[PollExecuteTaskStatusExecution] 070d8486-d915-4207-813d-4e7e9b8a0d10 [2026-09-14T10:25:55.082507] Cell d1cc041a-d5a1-41d6-b9f6-6cda736ce3f0 destroying container for instance 0672ff2d-5801-469b-8f24-d2387eac477d (STDOUT, CELL)#
#2026 09 14 10:26:03.696#Z#DEBUG#16b25dd8-b026-11f1-940d-eeee0a931608.capm-service-db-deployer#flowable-async-job-executor-thread-1686#
[PollExecuteTaskStatusExecution] 070d8486-d915-4207-813d-4e7e9b8a0d10 [2026-09-14T10:25:57.251010] Cell d1cc041a-d5a1-41d6-b9f6-6cda736ce3f0 successfully destroyed container for instance 0672ff2d-5801-469b-8f24-d2387eac477d (STDOUT, CELL)#
