#2026 09 14 10:21:46.124#Z#INFO#16b25dd8-b026-11f1-940d-eeee0a931608.OPERATION#http-nio-0.0.0.0-8080-exec-7#
[XS2StartProcessListener] Operation ID: 16b25dd8-b026-11f1-940d-eeee0a931608#
#2026 09 14 10:21:46.146#Z#DEBUG#16b25dd8-b026-11f1-940d-eeee0a931608.OPERATION#http-nio-0.0.0.0-8080-exec-7#
[XS2StartProcessListener] Process environment: {
  "SKIP_SSL_VALIDATION" : "false",
  "FLOWABLE_JOB_EXECUTOR_MAX_THREADS" : "32",
  "VERSION" : "2.53.0",
  "BASIC_AUTH_ENABLED" : "true",
  "FLOWABLE_JOB_EXECUTOR_QUEUE_CAPACITY" : "16",
  "FLOWABLE_JOB_EXECUTOR_CORE_THREADS" : "8"
}#
#2026 09 14 10:21:46.146#Z#DEBUG#16b25dd8-b026-11f1-940d-eeee0a931608.OPERATION#http-nio-0.0.0.0-8080-exec-7#
[XS2StartProcessListener] Current user: aaryangautam291@gmail.com#
#2026 09 14 10:21:46.146#Z#DEBUG#16b25dd8-b026-11f1-940d-eeee0a931608.OPERATION#http-nio-0.0.0.0-8080-exec-7#
[XS2StartProcessListener] Client space: dev#
#2026 09 14 10:21:46.146#Z#DEBUG#16b25dd8-b026-11f1-940d-eeee0a931608.OPERATION#http-nio-0.0.0.0-8080-exec-7#
[XS2StartProcessListener] Client organization: ab417575trial#
#2026 09 14 10:21:46.146#Z#INFO#16b25dd8-b026-11f1-940d-eeee0a931608.OPERATION#http-nio-0.0.0.0-8080-exec-7#
[XS2StartProcessListener] Process variables: {
  "keepFiles" : false,
  "skipAppDigestCalculation" : false,
  "abortOnError" : false,
  "mtaId" : "capm-service",
  "noFailOnMissingPermissions" : false,
  "isSecurityEnabled" : false,
  "apiRequestPath" : "https://deploy-service.cf.us10-001.hana.ondemand.com/api/v1/spaces/583b4ec9-26f7-49b3-a891-378694e7062d/operations",
  "deleteServiceBrokers" : false,
  "appArchiveId" : "702e1054-589d-4a6a-b8b4-3d899901d07d",
  "isDisposableUserProvidedServiceEnabled" : false,
  "deleteServiceKeys" : false,
  "noRestartSubscribedApps" : false,
  "noStart" : false,
  "deleteServices" : false
}#
#2026 09 14 10:21:46.517#Z#DEBUG#16b25dd8-b026-11f1-940d-eeee0a931608.OPERATION#flowable-async-job-executor-thread-1125#
[ValidateDeployParametersStep] Executing task "validateParametersTask" of process "16b2850e-b026-11f1-940d-eeee0a931608"...#
#2026 09 14 10:21:46.517#Z#DEBUG#16b25dd8-b026-11f1-940d-eeee0a931608.OPERATION#flowable-async-job-executor-thread-1125#
[ValidateDeployParametersStep] Validating parameters...#
#2026 09 14 10:21:46.521#Z#INFO#16b25dd8-b026-11f1-940d-eeee0a931608.OPERATION#flowable-async-job-executor-thread-1125#
[ValidateDeployParametersStep] Size of mtars is 5,638,176 and size of extension descriptors is 0#
#2026 09 14 10:21:46.549#Z#INFO#16b25dd8-b026-11f1-940d-eeee0a931608.OPERATION#flowable-async-job-executor-thread-1125#
[ValidateDeployParametersStep] Archive was not split! Total size in bytes: 5,638,176#
#2026 09 14 10:21:46.549#Z#INFO#16b25dd8-b026-11f1-940d-eeee0a931608.OPERATION#flowable-async-job-executor-thread-1125#
[ValidateDeployParametersStep] Deploying in org "ab417575trial" and space "dev"#
#2026 09 14 10:21:46.556#Z#DEBUG#16b25dd8-b026-11f1-940d-eeee0a931608.OPERATION#flowable-async-job-executor-thread-1125#
[ValidateDeployParametersStep] Parameters validated#
#2026 09 14 10:21:46.556#Z#DEBUG#16b25dd8-b026-11f1-940d-eeee0a931608.OPERATION#flowable-async-job-executor-thread-1125#
Step "Validate Parameters" finished#
#2026 09 14 10:21:46.593#Z#DEBUG#16b25dd8-b026-11f1-940d-eeee0a931608.OPERATION#flowable-async-job-executor-thread-1128#
[DeleteRemainingFileParts] Executing task "deleteRemainingFileParts" of process "16b2850e-b026-11f1-940d-eeee0a931608"...#
#2026 09 14 10:21:46.594#Z#DEBUG#16b25dd8-b026-11f1-940d-eeee0a931608.OPERATION#flowable-async-job-executor-thread-1128#
Step "Delete Remaining File Parts" finished#
#2026 09 14 10:21:46.630#Z#DEBUG#16b25dd8-b026-11f1-940d-eeee0a931608.OPERATION#flowable-async-job-executor-thread-1124#
[XS2ProcessMtaArchiveStep] Executing task "processArchiveTask" of process "16b2850e-b026-11f1-940d-eeee0a931608"...#
#2026 09 14 10:21:46.632#Z#DEBUG#16b25dd8-b026-11f1-940d-eeee0a931608.OPERATION#flowable-async-job-executor-thread-1124#
[XS2ProcessMtaArchiveStep] Processing MTA archive...#
#2026 09 14 10:21:46.632#Z#DEBUG#16b25dd8-b026-11f1-940d-eeee0a931608.OPERATION#flowable-async-job-executor-thread-1124#
[XS2ProcessMtaArchiveStep] MTA Archive ID: 702e1054-589d-4a6a-b8b4-3d899901d07d#
#2026 09 14 10:21:46.807#Z#DEBUG#16b25dd8-b026-11f1-940d-eeee0a931608.OPERATION#flowable-async-job-executor-thread-1124#
[XS2ProcessMtaArchiveStep] MTA Descriptor length: 1,167#
#2026 09 14 10:21:46.807#Z#DEBUG#16b25dd8-b026-11f1-940d-eeee0a931608.OPERATION#flowable-async-job-executor-thread-1124#
[XS2ProcessMtaArchiveStep] MTA Archive Modules: [capm-service-db-deployer, capm-service-srv]#
#2026 09 14 10:21:46.807#Z#DEBUG#16b25dd8-b026-11f1-940d-eeee0a931608.OPERATION#flowable-async-job-executor-thread-1124#
[XS2ProcessMtaArchiveStep] MTA Archive Requires: []#
#2026 09 14 10:21:46.807#Z#DEBUG#16b25dd8-b026-11f1-940d-eeee0a931608.OPERATION#flowable-async-job-executor-thread-1124#
[XS2ProcessMtaArchiveStep] MTA Archive Resources: [capm-service-auth]#
#2026 09 14 10:21:46.817#Z#DEBUG#16b25dd8-b026-11f1-940d-eeee0a931608.OPERATION#flowable-async-job-executor-thread-1124#
[XS2ProcessMtaArchiveStep] MTA archive processed#
#2026 09 14 10:21:46.817#Z#DEBUG#16b25dd8-b026-11f1-940d-eeee0a931608.OPERATION#flowable-async-job-executor-thread-1124#
Step "Process Archive" finished#
#2026 09 14 10:21:46.855#Z#DEBUG#16b25dd8-b026-11f1-940d-eeee0a931608.OPERATION#flowable-async-job-executor-thread-1124#
[ProcessMtaExtensionDescriptorsStep] Executing task "processExtensionDescriptorsTask" of process "16b2850e-b026-11f1-940d-eeee0a931608"...#
#2026 09 14 10:21:46.856#Z#DEBUG#16b25dd8-b026-11f1-940d-eeee0a931608.OPERATION#flowable-async-job-executor-thread-1124#
[ProcessMtaExtensionDescriptorsStep] Processing MTA extension descriptors...#
#2026 09 14 10:21:46.856#Z#DEBUG#16b25dd8-b026-11f1-940d-eeee0a931608.OPERATION#flowable-async-job-executor-thread-1124#
[ProcessMtaExtensionDescriptorsStep] Provided extension descriptors: [ ]#
#2026 09 14 10:21:46.856#Z#DEBUG#16b25dd8-b026-11f1-940d-eeee0a931608.OPERATION#flowable-async-job-executor-thread-1124#
[ProcessMtaExtensionDescriptorsStep] No extension descriptors in use#
#2026 09 14 10:21:46.856#Z#DEBUG#16b25dd8-b026-11f1-940d-eeee0a931608.OPERATION#flowable-async-job-executor-thread-1124#
[ProcessMtaExtensionDescriptorsStep] MTA extension descriptors processed#
#2026 09 14 10:21:46.856#Z#DEBUG#16b25dd8-b026-11f1-940d-eeee0a931608.OPERATION#flowable-async-job-executor-thread-1124#
Step "Process Extension Descriptors" finished#
#2026 09 14 10:21:46.891#Z#DEBUG#16b25dd8-b026-11f1-940d-eeee0a931608.OPERATION#flowable-async-job-executor-thread-1124#
[XS2DetectMtaSchemaVersionStep] Executing task "detectSchemaVersionTask" of process "16b2850e-b026-11f1-940d-eeee0a931608"...#
#2026 09 14 10:21:46.892#Z#DEBUG#16b25dd8-b026-11f1-940d-eeee0a931608.OPERATION#flowable-async-job-executor-thread-1124#
[XS2DetectMtaSchemaVersionStep] Detecting MTA major schema version...#
#2026 09 14 10:21:46.893#Z#INFO#16b25dd8-b026-11f1-940d-eeee0a931608.OPERATION#flowable-async-job-executor-thread-1124#
[XS2DetectMtaSchemaVersionStep] Detected MTA schema version: "3"#
#2026 09 14 10:21:46.898#Z#DEBUG#16b25dd8-b026-11f1-940d-eeee0a931608.OPERATION#flowable-async-job-executor-thread-1124#
Step "Detect Schema Version" finished#
#2026 09 14 10:21:46.933#Z#DEBUG#16b25dd8-b026-11f1-940d-eeee0a931608.OPERATION#flowable-async-job-executor-thread-1121#
[MergeDescriptorsStep] Executing task "mergeDescriptorsTask" of process "16b2850e-b026-11f1-940d-eeee0a931608"...#
#2026 09 14 10:21:46.934#Z#DEBUG#16b25dd8-b026-11f1-940d-eeee0a931608.OPERATION#flowable-async-job-executor-thread-1121#
[MergeDescriptorsStep] Validating and merging descriptors...#
#2026 09 14 10:21:46.936#Z#DEBUG#16b25dd8-b026-11f1-940d-eeee0a931608.OPERATION#flowable-async-job-executor-thread-1121#
[MergeDescriptorsStep] Merged deployment descriptor: {
  "majorSchemaVersion" : 3,
  "schemaVersion" : "3.3.0",
  "id" : "capm-service",
  "version" : "1.0.0",
  "modules" : [ {
    "majorSchemaVersion" : 3,
    "name" : "capm-service-srv",
    "type" : "javascript.nodejs",
    "path" : "capm-service-srv",
    "properties" : { },
    "parameters" : {
      "buildpack" : "nodejs_buildpack",
      "memory" : "256M"
    },
    "requiredDependencies" : [ {
      "majorSchemaVersion" : 3,
      "name" : "capm-service-db",
      "properties" : { },
      "parameters" : { },
      "propertiesMetadata" : {
        "metadata" : { }
      },
      "parametersMetadata" : {
        "metadata" : { }
      }
    }, {
      "majorSchemaVersion" : 3,
      "name" : "********",
      "properties" : { },
      "parameters" : { },
      "propertiesMetadata" : {
        "metadata" : { }
      },
      "parametersMetadata" : {
        "metadata" : { }
      }
    }, {
      "majorSchemaVersion" : 3,
      "name" : "capm-service-destination",
      "properties" : { },
      "parameters" : { },
      "propertiesMetadata" : {
        "metadata" : { }
      },
      "parametersMetadata" : {
        "metadata" : { }
      }
    }, {
      "majorSchemaVersion" : 3,
      "name" : "capm-service-spa-workflow",
      "properties" : { },
      "parameters" : { },
      "propertiesMetadata" : {
        "metadata" : { }
      },
      "parametersMetadata" : {
        "metadata" : { }
      }
    } ],
    "providedDependencies" : [ {
      "majorSchemaVersion" : 3,
      "name" : "srv-api",
      "isPublic" : false,
      "properties" : {
        "srv-url" : "${default-url}"
      },
      "parameters" : { },
      "propertiesMetadata" : {
        "metadata" : { }
      },
      "parametersMetadata" : {
        "metadata" : { }
      }
    }, {
      "majorSchemaVersion" : 3,
      "name" : "capm-service-srv",
      "isPublic" : false,
      "properties" : { },
      "parameters" : { },
      "propertiesMetadata" : {
        "metadata" : { }
      },
      "parametersMetadata" : {
        "metadata" : { }
      }
    } ],
    "propertiesMetadata" : {
      "metadata" : { }
    },
    "parametersMetadata" : {
      "metadata" : { }
    },
    "hooks" : [ ]
  }, {
    "majorSchemaVersion" : 3,
    "name" : "capm-service-db-deployer",
    "type" : "com.sap.xs.hdi",
    "path" : "capm-service-db-deployer",
    "properties" : {
      "EXIT" : 1
    },
    "parameters" : {
      "memory" : "256M",
      "buildpack" : "nodejs_buildpack",
      "no-route" : true,
      "dependency-type" : "hard",
      "tasks" : [ {
        "name" : "deploy",
        "memory" : "256M",
        "command" : "npm start"
      } ],
      "no-start" : true
    },
    "requiredDependencies" : [ {
      "majorSchemaVersion" : 3,
      "name" : "capm-service-db",
      "properties" : { },
      "parameters" : { },
      "propertiesMetadata" : {
        "metadata" : { }
      },
      "parametersMetadata" : {
        "metadata" : { }
      }
    } ],
    "providedDependencies" : [ {
      "majorSchemaVersion" : 3,
      "name" : "capm-service-db-deployer",
      "isPublic" : false,
      "properties" : { },
      "parameters" : { },
      "propertiesMetadata" : {
        "metadata" : { }
      },
      "parametersMetadata" : {
        "metadata" : { }
      }
    } ],
    "propertiesMetadata" : {
      "metadata" : { }
    },
    "parametersMetadata" : {
      "metadata" : { }
    },
    "hooks" : [ ]
  } ],
  "resources" : [ {
    "majorSchemaVersion" : 3,
    "name" : "capm-service-db",
    "type" : "com.sap.xs.hdi-container",
    "properties" : { },
    "parameters" : {
      "type" : "managed-service",
      "service" : "hana",
      "service-plan" : "hdi-shared"
    },
    "isActive" : true,
    "isOptional" : false,
    "propertiesMetadata" : {
      "metadata" : { }
    },
    "parametersMetadata" : {
      "metadata" : { }
    },
    "requiredDependencies" : [ ],
    "processedAfter" : [ ]
  }, {
    "majorSchemaVersion" : 3,
    "name" : "********",
    "type" : "org.cloudfoundry.managed-service",
    "properties" : { },
    "parameters" : {
      "path" : "xs-security.json",
      "service-plan" : "application",
      "type" : "managed-service",
      "service" : "xsuaa"
    },
    "isActive" : true,
    "isOptional" : false,
    "propertiesMetadata" : {
      "metadata" : { }
    },
    "parametersMetadata" : {
      "metadata" : { }
    },
    "requiredDependencies" : [ ],
    "processedAfter" : [ ]
  }, {
    "majorSchemaVersion" : 3,
    "name" : "capm-service-destination",
    "type" : "org.cloudfoundry.managed-service",
    "properties" : { },
    "parameters" : {
      "type" : "managed-service",
      "service" : "destination",
      "service-plan" : "lite"
    },
    "isActive" : true,
    "isOptional" : false,
    "propertiesMetadata" : {
      "metadata" : { }
    },
    "parametersMetadata" : {
      "metadata" : { }
    },
    "requiredDependencies" : [ ],
    "processedAfter" : [ ]
  }, {
    "majorSchemaVersion" : 3,
    "name" : "capm-service-spa-workflow",
    "type" : "org.cloudfoundry.managed-service",
    "properties" : { },
    "parameters" : {
      "type" : "managed-service",
      "service" : "process-automation-service",
      "service-plan" : "standard"
    },
    "isActive" : true,
    "isOptional" : false,
    "propertiesMetadata" : {
      "metadata" : { }
    },
    "parametersMetadata" : {
      "metadata" : { }
    },
    "requiredDependencies" : [ ],
    "processedAfter" : [ ]
  } ],
  "parameters" : { },
  "parametersMetadata" : {
    "metadata" : { }
  }
}#
#2026 09 14 10:21:46.937#Z#DEBUG#16b25dd8-b026-11f1-940d-eeee0a931608.OPERATION#flowable-async-job-executor-thread-1121#
[MergeDescriptorsStep] Descriptors validated and merged#
#2026 09 14 10:21:46.937#Z#DEBUG#16b25dd8-b026-11f1-940d-eeee0a931608.OPERATION#flowable-async-job-executor-thread-1121#
Step "Merge Descriptors" finished#
#2026 09 14 10:21:46.974#Z#DEBUG#16b25dd8-b026-11f1-940d-eeee0a931608.OPERATION#flowable-async-job-executor-thread-1121#
[CollectCloudLoggingServiceParametersStep] Executing task "sid-9C5714DF-CEC8-4019-8873-CBBA99AC459A" of process "16b2850e-b026-11f1-940d-eeee0a931608"...#
#2026 09 14 10:21:46.977#Z#DEBUG#16b25dd8-b026-11f1-940d-eeee0a931608.OPERATION#flowable-async-job-executor-thread-1121#
Step "Collect Cloud Logging Service Parameters" finished#
#2026 09 14 10:21:47.009#Z#DEBUG#16b25dd8-b026-11f1-940d-eeee0a931608.OPERATION#flowable-async-job-executor-thread-1121#
[DetectDeployedMtaStep] Executing task "detectDeployedMtaTask" of process "16b2850e-b026-11f1-940d-eeee0a931608"...#
#2026 09 14 10:21:47.010#Z#DEBUG#16b25dd8-b026-11f1-940d-eeee0a931608.OPERATION#flowable-async-job-executor-thread-1121#
[DetectDeployedMtaStep] Detecting deployed MTA...#
#2026 09 14 10:21:47.080#Z#DEBUG#16b25dd8-b026-11f1-940d-eeee0a931608.OPERATION#flowable-async-job-executor-thread-1121#
[DetectDeployedMtaStep] Detecting MTA by id capm-service and namespace null#
#2026 09 14 10:21:47.080#Z#DEBUG#16b25dd8-b026-11f1-940d-eeee0a931608.OPERATION#flowable-async-job-executor-thread-1121#
[DetectDeployedMtaStep] Getting applications by metadata label selector "mta_id=af60f329bdffcb9b92e7445332fe6ba2,!mta_namespace"...#
#2026 09 14 10:21:47.121#Z#DEBUG#16b25dd8-b026-11f1-940d-eeee0a931608.OPERATION#flowable-async-job-executor-thread-1121#
[DetectDeployedMtaStep] Getting service instances by metadata label selector "mta_id=af60f329bdffcb9b92e7445332fe6ba2,!mta_namespace"...#
#2026 09 14 10:21:47.247#Z#DEBUG#16b25dd8-b026-11f1-940d-eeee0a931608.OPERATION#flowable-async-job-executor-thread-1121#
[DetectDeployedMtaStep] Deployed MTA: {
  "metadata" : {
    "id" : "capm-service",
    "version" : "1.0.0"
  },
  "applications" : [ {
    "name" : "capm-service-srv",
    "metadata" : {
      "guid" : "0633157c-47cd-4e1d-a58c-3252fa278ffe",
      "createdAt" : [ 2026, 9, 10, 9, 43, 45 ],
      "updatedAt" : [ 2026, 9, 14, 9, 37, 15 ]
    },
    "v3Metadata" : {
      "annotations" : {
        "mta_id" : "capm-service",
        "mta_version" : "1.0.0",
        "mta_module" : "{\"name\":\"capm-service-srv\"}",
        "mta_module_provided_dependencies" : "[]",
        "mta_bound_services" : "********"
      },
      "labels" : {
        "mta_id" : "af60f329bdffcb9b92e7445332fe6ba2"
      }
    },
    "state" : "STARTED",
    "lifecycle" : {
      "type" : "BUILDPACK",
      "data" : {
        "stack" : "cflinuxfs4",
        "buildpacks" : [ "nodejs_buildpack" ]
      }
    },
    "space" : {
      "name" : "dev",
      "metadata" : {
        "guid" : "583b4ec9-26f7-49b3-a891-378694e7062d",
        "createdAt" : [ 2026, 8, 16, 5, 18, 30 ],
        "updatedAt" : [ 2026, 8, 16, 5, 18, 30 ]
      },
      "organization" : {
        "name" : "ab417575trial",
        "metadata" : {
          "guid" : "06d1c646-2b36-4a95-9166-dd9f50eeb7f9",
          "createdAt" : [ 2026, 8, 16, 5, 18, 28 ],
          "updatedAt" : [ 2026, 8, 16, 5, 18, 30 ]
        }
      }
    },
    "moduleName" : "capm-service-srv",
    "boundMtaServices" : [ "capm-service-db", "********", "capm-service-destination", "capm-service-spa-workflow" ],
    "providedDependencyNames" : [ ],
    "productizationState" : "LIVE"
  }, {
    "name" : "capm-service-db-deployer",
    "metadata" : {
      "guid" : "070d8486-d915-4207-813d-4e7e9b8a0d10",
      "createdAt" : [ 2026, 9, 10, 9, 43, 47 ],
      "updatedAt" : [ 2026, 9, 14, 9, 38, 58 ]
    },
    "v3Metadata" : {
      "annotations" : {
        "mta_id" : "capm-service",
        "mta_version" : "1.0.0",
        "mta_module" : "{\"name\":\"capm-service-db-deployer\"}",
        "mta_module_provided_dependencies" : "[]",
        "mta_bound_services" : "[\"capm-service-db\"]"
      },
      "labels" : {
        "mta_id" : "af60f329bdffcb9b92e7445332fe6ba2"
      }
    },
    "state" : "STOPPED",
    "lifecycle" : {
      "type" : "BUILDPACK",
      "data" : {
        "stack" : "cflinuxfs4",
        "buildpacks" : [ "nodejs_buildpack" ]
      }
    },
    "space" : {
      "name" : "dev",
      "metadata" : {
        "guid" : "583b4ec9-26f7-49b3-a891-378694e7062d",
        "createdAt" : [ 2026, 8, 16, 5, 18, 30 ],
        "updatedAt" : [ 2026, 8, 16, 5, 18, 30 ]
      },
      "organization" : {
        "name" : "ab417575trial",
        "metadata" : {
          "guid" : "06d1c646-2b36-4a95-9166-dd9f50eeb7f9",
          "createdAt" : [ 2026, 8, 16, 5, 18, 28 ],
          "updatedAt" : [ 2026, 8, 16, 5, 18, 30 ]
        }
      }
    },
    "moduleName" : "capm-service-db-deployer",
    "boundMtaServices" : [ "capm-service-db" ],
    "providedDependencyNames" : [ ],
    "productizationState" : "LIVE"
  }, {
    "name" : "capm-service-approuter",
    "metadata" : {
      "guid" : "acffc01e-e141-4d23-8bb2-0c336eb34d02",
      "createdAt" : [ 2026, 9, 10, 9, 43, 48 ],
      "updatedAt" : [ 2026, 9, 14, 0, 8, 19 ]
    },
    "v3Metadata" : {
      "annotations" : {
        "mta_id" : "capm-service",
        "mta_version" : "1.0.0",
        "mta_module" : "{\"name\":\"capm-service-approuter\"}",
        "mta_module_provided_dependencies" : "[]",
        "mta_bound_services" : "********"
      },
      "labels" : {
        "mta_id" : "af60f329bdffcb9b92e7445332fe6ba2"
      }
    },
    "state" : "STOPPED",
    "lifecycle" : {
      "type" : "BUILDPACK",
      "data" : {
        "stack" : "cflinuxfs4",
        "buildpacks" : [ ]
      }
    },
    "space" : {
      "name" : "dev",
      "metadata" : {
        "guid" : "583b4ec9-26f7-49b3-a891-378694e7062d",
        "createdAt" : [ 2026, 8, 16, 5, 18, 30 ],
        "updatedAt" : [ 2026, 8, 16, 5, 18, 30 ]
      },
      "organization" : {
        "name" : "ab417575trial",
        "metadata" : {
          "guid" : "06d1c646-2b36-4a95-9166-dd9f50eeb7f9",
          "createdAt" : [ 2026, 8, 16, 5, 18, 28 ],
          "updatedAt" : [ 2026, 8, 16, 5, 18, 30 ]
        }
      }
    },
    "moduleName" : "capm-service-approuter",
    "boundMtaServices" : [ "********", "capm-service-html5-repo-runtime", "capm-service-destination-service" ],
    "providedDependencyNames" : [ ],
    "productizationState" : "LIVE"
  } ],
  "services" : [ {
    "name" : "capm-service-spa-workflow",
    "metadata" : {
      "guid" : "b3801c8c-5a92-4041-8d53-a002c0004912",
      "createdAt" : [ 2026, 9, 14, 9, 35, 48 ],
      "updatedAt" : [ 2026, 9, 14, 9, 35, 48 ]
    },
    "v3Metadata" : {
      "annotations" : {
        "mta_id" : "capm-service",
        "mta_version" : "1.0.0",
        "mta_resource" : "{\"name\":\"capm-service-spa-workflow\"}"
      },
      "labels" : {
        "mta_id" : "af60f329bdffcb9b92e7445332fe6ba2"
      }
    },
    "label" : "process-automation-service",
    "plan" : "standard",
    "credentials" : "********",
    "tags" : [ ],
    "type" : "managed",
    "lastOperation" : {
      "type" : "CREATE",
      "description" : "",
      "state" : "SUCCEEDED"
    },
    "resourceName" : "capm-service-spa-workflow"
  }, {
    "name" : "capm-service-destination-service",
    "metadata" : {
      "guid" : "fddab71c-b12d-429c-ae3b-77c6179656d7",
      "createdAt" : [ 2026, 9, 10, 9, 43, 26 ],
      "updatedAt" : [ 2026, 9, 10, 9, 43, 28 ]
    },
    "v3Metadata" : {
      "annotations" : {
        "mta_id" : "capm-service",
        "mta_version" : "1.0.0",
        "mta_resource" : "{\"name\":\"capm-service-destination-service\"}"
      },
      "labels" : {
        "mta_id" : "af60f329bdffcb9b92e7445332fe6ba2"
      }
    },
    "label" : "destination",
    "plan" : "lite",
    "credentials" : "********",
    "tags" : [ ],
    "type" : "managed",
    "lastOperation" : {
      "type" : "UPDATE",
      "description" : "",
      "state" : "SUCCEEDED"
    },
    "resourceName" : "capm-service-destination-service"
  }, {
    "name" : "capm-service-html5-service",
    "metadata" : {
      "guid" : "b7e02daf-713f-45ec-ab13-b6a762eb4c2d",
      "createdAt" : [ 2026, 9, 10, 9, 43, 26 ],
      "updatedAt" : [ 2026, 9, 10, 9, 43, 26 ]
    },
    "v3Metadata" : {
      "annotations" : {
        "mta_id" : "capm-service",
        "mta_version" : "1.0.0",
        "mta_resource" : "{\"name\":\"capm-service-repo-host\"}"
      },
      "labels" : {
        "mta_id" : "af60f329bdffcb9b92e7445332fe6ba2"
      }
    },
    "label" : "html5-apps-repo",
    "plan" : "app-host",
    "credentials" : "********",
    "tags" : [ ],
    "type" : "managed",
    "lastOperation" : {
      "type" : "CREATE",
      "description" : "",
      "state" : "SUCCEEDED"
    },
    "resourceName" : "capm-service-repo-host"
  }, {
    "name" : "********",
    "metadata" : {
      "guid" : "a1bed4fc-6fd9-4cc3-b974-fc23e68b5d5a",
      "createdAt" : [ 2026, 9, 10, 9, 43, 25 ],
      "updatedAt" : [ 2026, 9, 10, 9, 43, 26 ]
    },
    "v3Metadata" : {
      "annotations" : {
        "mta_id" : "capm-service",
        "mta_version" : "1.0.0",
        "mta_resource" : "********"
      },
      "labels" : {
        "mta_id" : "af60f329bdffcb9b92e7445332fe6ba2"
      }
    },
    "label" : "xsuaa",
    "plan" : "application",
    "credentials" : "********",
    "tags" : [ ],
    "type" : "managed",
    "lastOperation" : {
      "type" : "UPDATE",
      "description" : "",
      "state" : "SUCCEEDED"
    },
    "resourceName" : "********"
  }, {
    "name" : "capm-service-db",
    "metadata" : {
      "guid" : "47a9cc1a-989e-4008-b793-11d76cbb2352",
      "createdAt" : [ 2026, 9, 10, 9, 43, 27 ],
      "updatedAt" : [ 2026, 9, 10, 9, 43, 27 ]
    },
    "v3Metadata" : {
      "annotations" : {
        "mta_id" : "capm-service",
        "mta_version" : "1.0.0",
        "mta_resource" : "{\"name\":\"capm-service-db\"}"
      },
      "labels" : {
        "mta_id" : "af60f329bdffcb9b92e7445332fe6ba2"
      }
    },
    "label" : "hana",
    "plan" : "hdi-shared",
    "credentials" : "********",
    "tags" : [ ],
    "type" : "managed",
    "lastOperation" : {
      "type" : "CREATE",
      "state" : "SUCCEEDED"
    },
    "resourceName" : "capm-service-db"
  }, {
    "name" : "capm-service-destination",
    "metadata" : {
      "guid" : "fcec4849-0b10-4503-826e-49b58e462f8a",
      "createdAt" : [ 2026, 9, 14, 9, 31, 35 ],
      "updatedAt" : [ 2026, 9, 14, 9, 31, 36 ]
    },
    "v3Metadata" : {
      "annotations" : {
        "mta_id" : "capm-service",
        "mta_version" : "1.0.0",
        "mta_resource" : "{\"name\":\"capm-service-destination\"}"
      },
      "labels" : {
        "mta_id" : "af60f329bdffcb9b92e7445332fe6ba2"
      }
    },
    "label" : "destination",
    "plan" : "lite",
    "credentials" : "********",
    "tags" : [ ],
    "type" : "managed",
    "lastOperation" : {
      "type" : "CREATE",
      "description" : "",
      "state" : "SUCCEEDED"
    },
    "resourceName" : "capm-service-destination"
  }, {
    "name" : "capm-service-html5-repo-runtime",
    "metadata" : {
      "guid" : "f07cb3d2-de2b-44aa-85d1-cd245e588215",
      "createdAt" : [ 2026, 9, 10, 9, 43, 29 ],
      "updatedAt" : [ 2026, 9, 10, 9, 43, 29 ]
    },
    "v3Metadata" : {
      "annotations" : {
        "mta_id" : "capm-service",
        "mta_version" : "1.0.0",
        "mta_resource" : "{\"name\":\"capm-service-html5-repo-runtime\"}"
      },
      "labels" : {
        "mta_id" : "af60f329bdffcb9b92e7445332fe6ba2"
      }
    },
    "label" : "html5-apps-repo",
    "plan" : "app-runtime",
    "credentials" : "********",
    "tags" : [ ],
    "type" : "managed",
    "lastOperation" : {
      "type" : "CREATE",
      "description" : "",
      "state" : "SUCCEEDED"
    },
    "resourceName" : "capm-service-html5-repo-runtime"
  } ]
}#
#2026 09 14 10:21:47.247#Z#INFO#16b25dd8-b026-11f1-940d-eeee0a931608.OPERATION#flowable-async-job-executor-thread-1121#
[DetectDeployedMtaStep] Detected deployed MTA with ID "capm-service" and version "1.0.0"#
#2026 09 14 10:21:47.253#Z#DEBUG#16b25dd8-b026-11f1-940d-eeee0a931608.OPERATION#flowable-async-job-executor-thread-1121#
[DetectDeployedMtaStep] Detecting backup mta by id "capm-service" and namespace "null"#
#2026 09 14 10:21:47.253#Z#DEBUG#16b25dd8-b026-11f1-940d-eeee0a931608.OPERATION#flowable-async-job-executor-thread-1121#
[DetectDeployedMtaStep] Getting applications by metadata label selector "mta_id=af60f329bdffcb9b92e7445332fe6ba2,mta_namespace=b698114a0995e936895b9598a6c19a2c"...#
#2026 09 14 10:21:47.278#Z#DEBUG#16b25dd8-b026-11f1-940d-eeee0a931608.OPERATION#flowable-async-job-executor-thread-1121#
[DetectDeployedMtaStep] Getting service instances by metadata label selector "mta_id=af60f329bdffcb9b92e7445332fe6ba2,mta_namespace=b698114a0995e936895b9598a6c19a2c"...#
#2026 09 14 10:21:47.343#Z#DEBUG#16b25dd8-b026-11f1-940d-eeee0a931608.OPERATION#flowable-async-job-executor-thread-1121#
[DetectDeployedMtaStep] Deployed MTA service keys: [ {
  "name" : "********",
  "metadata" : {
    "guid" : "9e60db17-bb5c-49ae-ab2c-02270c452953",
    "createdAt" : [ 2026, 9, 10, 9, 43, 44 ],
    "updatedAt" : [ 2026, 9, 10, 9, 43, 45 ]
  },
  "v3Metadata" : {
    "annotations" : {
      "mta_id" : "capm-service",
      "mta_version" : "1.0.0"
    },
    "labels" : {
      "mta_id" : "af60f329bdffcb9b92e7445332fe6ba2",
      "space_guid" : "583b4ec9-26f7-49b3-a891-378694e7062d"
    }
  },
  "serviceInstance" : {
    "name" : "capm-service-html5-service",
    "metadata" : {
      "guid" : "b7e02daf-713f-45ec-ab13-b6a762eb4c2d",
      "createdAt" : [ 2026, 9, 10, 9, 43, 26 ],
      "updatedAt" : [ 2026, 9, 10, 9, 43, 26 ]
    },
    "v3Metadata" : {
      "annotations" : {
        "mta_id" : "capm-service",
        "mta_version" : "1.0.0",
        "mta_resource" : "{\"name\":\"capm-service-repo-host\"}"
      },
      "labels" : {
        "mta_id" : "af60f329bdffcb9b92e7445332fe6ba2"
      }
    },
    "credentials" : "********",
    "tags" : [ ],
    "type" : "managed"
  }
}, {
  "name" : "********",
  "metadata" : {
    "guid" : "f00f5761-d642-4303-ba4a-65bc0b531154",
    "createdAt" : [ 2026, 9, 11, 17, 21, 15 ],
    "updatedAt" : [ 2026, 9, 11, 17, 21, 15 ]
  },
  "v3Metadata" : {
    "annotations" : {
      "mta_id" : "capm-service",
      "mta_version" : "1.0.0"
    },
    "labels" : {
      "mta_id" : "af60f329bdffcb9b92e7445332fe6ba2",
      "space_guid" : "583b4ec9-26f7-49b3-a891-378694e7062d"
    }
  },
  "serviceInstance" : {
    "name" : "********",
    "metadata" : {
      "guid" : "a1bed4fc-6fd9-4cc3-b974-fc23e68b5d5a",
      "createdAt" : [ 2026, 9, 10, 9, 43, 25 ],
      "updatedAt" : [ 2026, 9, 10, 9, 43, 26 ]
    },
    "v3Metadata" : {
      "annotations" : {
        "mta_id" : "capm-service",
        "mta_version" : "1.0.0",
        "mta_resource" : "********"
      },
      "labels" : {
        "mta_id" : "af60f329bdffcb9b92e7445332fe6ba2"
      }
    },
    "credentials" : "********",
    "tags" : [ ],
    "type" : "managed"
  }
}, {
  "name" : "********",
  "metadata" : {
    "guid" : "e75c9088-6091-44b2-9be2-b598c2a415d0",
    "createdAt" : [ 2026, 9, 11, 17, 21, 15 ],
    "updatedAt" : [ 2026, 9, 11, 17, 21, 16 ]
  },
  "v3Metadata" : {
    "annotations" : {
      "mta_id" : "capm-service",
      "mta_version" : "1.0.0"
    },
    "labels" : {
      "mta_id" : "af60f329bdffcb9b92e7445332fe6ba2",
      "space_guid" : "583b4ec9-26f7-49b3-a891-378694e7062d"
    }
  },
  "serviceInstance" : {
    "name" : "capm-service-destination-service",
    "metadata" : {
      "guid" : "fddab71c-b12d-429c-ae3b-77c6179656d7",
      "createdAt" : [ 2026, 9, 10, 9, 43, 26 ],
      "updatedAt" : [ 2026, 9, 10, 9, 43, 28 ]
    },
    "v3Metadata" : {
      "annotations" : {
        "mta_id" : "capm-service",
        "mta_version" : "1.0.0",
        "mta_resource" : "{\"name\":\"capm-service-destination-service\"}"
      },
      "labels" : {
        "mta_id" : "af60f329bdffcb9b92e7445332fe6ba2"
      }
    },
    "credentials" : "********",
    "tags" : [ ],
    "type" : "managed"
  }
} ]#
#2026 09 14 10:21:47.343#Z#DEBUG#16b25dd8-b026-11f1-940d-eeee0a931608.OPERATION#flowable-async-job-executor-thread-1121#
Step "Detect Deployed MTA" finished#
#2026 09 14 10:21:47.386#Z#DEBUG#16b25dd8-b026-11f1-940d-eeee0a931608.OPERATION#flowable-async-job-executor-thread-1129#
[XS2CollectSystemParametersStep] Executing task "collectSystemParametersTask" of process "16b2850e-b026-11f1-940d-eeee0a931608"...#
#2026 09 14 10:21:47.387#Z#DEBUG#16b25dd8-b026-11f1-940d-eeee0a931608.OPERATION#flowable-async-job-executor-thread-1129#
[XS2CollectSystemParametersStep] Collecting system parameters...#
#2026 09 14 10:21:47.388#Z#DEBUG#16b25dd8-b026-11f1-940d-eeee0a931608.OPERATION#flowable-async-job-executor-thread-1129#
[XS2CollectSystemParametersStep] Getting default domain...#
#2026 09 14 10:21:47.414#Z#DEBUG#16b25dd8-b026-11f1-940d-eeee0a931608.OPERATION#flowable-async-job-executor-thread-1129#
[XS2CollectSystemParametersStep] Default domain: cfapps.us10-001.hana.ondemand.com#
#2026 09 14 10:21:47.414#Z#DEBUG#16b25dd8-b026-11f1-940d-eeee0a931608.OPERATION#flowable-async-job-executor-thread-1129#
[XS2CollectSystemParametersStep] Checking for overwriting read-only parameters for mta with id: "capm-service"#
#2026 09 14 10:21:47.414#Z#DEBUG#16b25dd8-b026-11f1-940d-eeee0a931608.OPERATION#flowable-async-job-executor-thread-1129#
[XS2CollectSystemParametersStep] No read-only parameters are overwritten#
#2026 09 14 10:21:47.425#Z#DEBUG#16b25dd8-b026-11f1-940d-eeee0a931608.OPERATION#flowable-async-job-executor-thread-1129#
[XS2CollectSystemParametersStep] Descriptor with system parameters: {
  "majorSchemaVersion" : 3,
  "schemaVersion" : "3.3.0",
  "id" : "capm-service",
  "version" : "1.0.0",
  "modules" : [ {
    "majorSchemaVersion" : 3,
    "name" : "capm-service-srv",
    "type" : "javascript.nodejs",
    "path" : "capm-service-srv",
    "properties" : { },
    "parameters" : {
      "default-url" : "${protocol}://${default-uri}",
      "default-app-name" : "capm-service-srv",
      "generated-password" : "********",
      "default-live-url" : "${protocol}://${default-live-uri}",
      "default-uri" : "${host}.${domain}",
      "memory" : "256M",
      "default-instances" : 1,
      "default-live-host" : "ab417575trial-dev-capm-service-srv",
      "instances" : "${default-instances}",
      "buildpack" : "nodejs_buildpack",
      "default-host" : "ab417575trial-dev-capm-service-srv",
      "app-name" : "${default-app-name}",
      "default-live-uri" : "ab417575trial-dev-capm-service-srv.${domain}",
      "protocol" : "https",
      "default-live-app-name" : "capm-service-srv",
      "default-live-domain" : "cfapps.us10-001.hana.ondemand.com",
      "domain" : "${default-domain}",
      "host" : "${default-host}",
      "generated-user" : "********"
    },
    "requiredDependencies" : [ {
      "majorSchemaVersion" : 3,
      "name" : "capm-service-db",
      "properties" : { },
      "parameters" : { },
      "propertiesMetadata" : {
        "metadata" : { }
      },
      "parametersMetadata" : {
        "metadata" : { }
      }
    }, {
      "majorSchemaVersion" : 3,
      "name" : "********",
      "properties" : { },
      "parameters" : { },
      "propertiesMetadata" : {
        "metadata" : { }
      },
      "parametersMetadata" : {
        "metadata" : { }
      }
    }, {
      "majorSchemaVersion" : 3,
      "name" : "capm-service-destination",
      "properties" : { },
      "parameters" : { },
      "propertiesMetadata" : {
        "metadata" : { }
      },
      "parametersMetadata" : {
        "metadata" : { }
      }
    }, {
      "majorSchemaVersion" : 3,
      "name" : "capm-service-spa-workflow",
      "properties" : { },
      "parameters" : { },
      "propertiesMetadata" : {
        "metadata" : { }
      },
      "parametersMetadata" : {
        "metadata" : { }
      }
    } ],
    "providedDependencies" : [ {
      "majorSchemaVersion" : 3,
      "name" : "srv-api",
      "isPublic" : false,
      "properties" : {
        "srv-url" : "${default-url}"
      },
      "parameters" : { },
      "propertiesMetadata" : {
        "metadata" : { }
      },
      "parametersMetadata" : {
        "metadata" : { }
      }
    }, {
      "majorSchemaVersion" : 3,
      "name" : "capm-service-srv",
      "isPublic" : false,
      "properties" : { },
      "parameters" : { },
      "propertiesMetadata" : {
        "metadata" : { }
      },
      "parametersMetadata" : {
        "metadata" : { }
      }
    } ],
    "propertiesMetadata" : {
      "metadata" : { }
    },
    "parametersMetadata" : {
      "metadata" : { }
    },
    "hooks" : [ ]
  }, {
    "majorSchemaVersion" : 3,
    "name" : "capm-service-db-deployer",
    "type" : "com.sap.xs.hdi",
    "path" : "capm-service-db-deployer",
    "properties" : {
      "EXIT" : 1
    },
    "parameters" : {
      "default-url" : "${protocol}://${default-uri}",
      "default-app-name" : "capm-service-db-deployer",
      "generated-password" : "********",
      "default-live-url" : "${protocol}://${default-live-uri}",
      "default-uri" : "${host}.${domain}",
      "memory" : "256M",
      "default-instances" : 1,
      "no-route" : true,
      "default-live-host" : "ab417575trial-dev-capm-service-db-deployer",
      "instances" : "${default-instances}",
      "buildpack" : "nodejs_buildpack",
      "default-host" : "ab417575trial-dev-capm-service-db-deployer",
      "app-name" : "${default-app-name}",
      "default-live-uri" : "ab417575trial-dev-capm-service-db-deployer.${domain}",
      "protocol" : "https",
      "default-live-app-name" : "capm-service-db-deployer",
      "default-live-domain" : "cfapps.us10-001.hana.ondemand.com",
      "dependency-type" : "hard",
      "domain" : "${default-domain}",
      "host" : "${default-host}",
      "generated-user" : "********",
      "tasks" : [ {
        "name" : "deploy",
        "memory" : "256M",
        "command" : "npm start"
      } ],
      "no-start" : true
    },
    "requiredDependencies" : [ {
      "majorSchemaVersion" : 3,
      "name" : "capm-service-db",
      "properties" : { },
      "parameters" : { },
      "propertiesMetadata" : {
        "metadata" : { }
      },
      "parametersMetadata" : {
        "metadata" : { }
      }
    } ],
    "providedDependencies" : [ {
      "majorSchemaVersion" : 3,
      "name" : "capm-service-db-deployer",
      "isPublic" : false,
      "properties" : { },
      "parameters" : { },
      "propertiesMetadata" : {
        "metadata" : { }
      },
      "parametersMetadata" : {
        "metadata" : { }
      }
    } ],
    "propertiesMetadata" : {
      "metadata" : { }
    },
    "parametersMetadata" : {
      "metadata" : { }
    },
    "hooks" : [ ]
  } ],
  "resources" : [ {
    "majorSchemaVersion" : 3,
    "name" : "capm-service-db",
    "type" : "com.sap.xs.hdi-container",
    "properties" : { },
    "parameters" : {
      "generated-password" : "********",
      "service-name" : "${default-service-name}",
      "service-plan" : "hdi-shared",
      "service" : "hana",
      "generated-user" : "********",
      "default-xsappname" : "capm-service-db",
      "type" : "managed-service",
      "default-service-name" : "capm-service-db",
      "default-container-name" : "AB417575TRIAL_DEV_CAPM_SERVICE_DB"
    },
    "isActive" : true,
    "isOptional" : false,
    "propertiesMetadata" : {
      "metadata" : { }
    },
    "parametersMetadata" : {
      "metadata" : { }
    },
    "requiredDependencies" : [ ],
    "processedAfter" : [ ]
  }, {
    "majorSchemaVersion" : 3,
    "name" : "********",
    "type" : "org.cloudfoundry.managed-service",
    "properties" : { },
    "parameters" : {
      "generated-password" : "********",
      "path" : "xs-security.json",
      "service-name" : "${default-service-name}",
      "service-plan" : "application",
      "service" : "xsuaa",
      "generated-user" : "********",
      "default-xsappname" : "********",
      "type" : "managed-service",
      "default-service-name" : "********",
      "default-container-name" : "********"
    },
    "isActive" : true,
    "isOptional" : false,
    "propertiesMetadata" : {
      "metadata" : { }
    },
    "parametersMetadata" : {
      "metadata" : { }
    },
    "requiredDependencies" : [ ],
    "processedAfter" : [ ]
  }, {
    "majorSchemaVersion" : 3,
    "name" : "capm-service-destination",
    "type" : "org.cloudfoundry.managed-service",
    "properties" : { },
    "parameters" : {
      "generated-password" : "********",
      "service-name" : "${default-service-name}",
      "service-plan" : "lite",
      "service" : "destination",
      "generated-user" : "********",
      "default-xsappname" : "capm-service-destination",
      "type" : "managed-service",
      "default-service-name" : "capm-service-destination",
      "default-container-name" : "AB417575TRIAL_DEV_CAPM_SERVICE_DESTINATION"
    },
    "isActive" : true,
    "isOptional" : false,
    "propertiesMetadata" : {
      "metadata" : { }
    },
    "parametersMetadata" : {
      "metadata" : { }
    },
    "requiredDependencies" : [ ],
    "processedAfter" : [ ]
  }, {
    "majorSchemaVersion" : 3,
    "name" : "capm-service-spa-workflow",
    "type" : "org.cloudfoundry.managed-service",
    "properties" : { },
    "parameters" : {
      "generated-password" : "********",
      "service-name" : "${default-service-name}",
      "service-plan" : "standard",
      "service" : "process-automation-service",
      "generated-user" : "********",
      "default-xsappname" : "capm-service-spa-workflow",
      "type" : "managed-service",
      "default-service-name" : "capm-service-spa-workflow",
      "default-container-name" : "AB417575TRIAL_DEV_CAPM_SERVICE_SPA_WORKFLOW"
    },
    "isActive" : true,
    "isOptional" : false,
    "propertiesMetadata" : {
      "metadata" : { }
    },
    "parametersMetadata" : {
      "metadata" : { }
    },
    "requiredDependencies" : [ ],
    "processedAfter" : [ ]
  } ],
  "parameters" : {
    "mta-id" : "capm-service",
    "authorization-url" : "********",
    "org-guid" : "06d1c646-2b36-4a95-9166-dd9f50eeb7f9",
    "org" : "ab417575trial",
    "deploy-target" : "ab417575trial dev",
    "space" : "dev",
    "xs-api-url" : "https://api.cf.us10-001.hana.ondemand.com",
    "deploy-url" : "deploy-service.cfapps.us10-001.hana.ondemand.com",
    "xs-type" : "CF",
    "default-domain" : "cfapps.us10-001.hana.ondemand.com",
    "mta-version" : "1.0.0",
    "xs-auth-url" : "********",
    "space-guid" : "583b4ec9-26f7-49b3-a891-378694e7062d",
    "user" : "********",
    "controller-url" : "https://api.cf.us10-001.hana.ondemand.com",
    "timestamp" : "20260914102146"
  },
  "parametersMetadata" : {
    "metadata" : { }
  }
}#
#2026 09 14 10:21:47.427#Z#DEBUG#16b25dd8-b026-11f1-940d-eeee0a931608.OPERATION#flowable-async-job-executor-thread-1129#
[XS2CollectSystemParametersStep] Version rule: SAME_HIGHER#
#2026 09 14 10:21:47.427#Z#INFO#16b25dd8-b026-11f1-940d-eeee0a931608.OPERATION#flowable-async-job-executor-thread-1129#
[XS2CollectSystemParametersStep] Detected new MTA version: "1.0.0"#
#2026 09 14 10:21:47.432#Z#INFO#16b25dd8-b026-11f1-940d-eeee0a931608.OPERATION#flowable-async-job-executor-thread-1129#
[XS2CollectSystemParametersStep] Deployed MTA version: "1.0.0"#
#2026 09 14 10:21:47.437#Z#DEBUG#16b25dd8-b026-11f1-940d-eeee0a931608.OPERATION#flowable-async-job-executor-thread-1129#
[XS2CollectSystemParametersStep] MTA accepted for deployment#
#2026 09 14 10:21:47.437#Z#DEBUG#16b25dd8-b026-11f1-940d-eeee0a931608.OPERATION#flowable-async-job-executor-thread-1129#
[XS2CollectSystemParametersStep] System parameters collected#
#2026 09 14 10:21:47.437#Z#DEBUG#16b25dd8-b026-11f1-940d-eeee0a931608.OPERATION#flowable-async-job-executor-thread-1129#
Step "Collect System Parameters" finished#
#2026 09 14 10:21:47.475#Z#DEBUG#16b25dd8-b026-11f1-940d-eeee0a931608.OPERATION#flowable-async-job-executor-thread-1130#
[ProcessDescriptorStep] Executing task "processDescriptorTask" of process "16b2850e-b026-11f1-940d-eeee0a931608"...#
#2026 09 14 10:21:47.476#Z#DEBUG#16b25dd8-b026-11f1-940d-eeee0a931608.OPERATION#flowable-async-job-executor-thread-1130#
[ProcessDescriptorStep] Resolving properties and parameters in merged descriptor...#
#2026 09 14 10:21:47.479#Z#DEBUG#16b25dd8-b026-11f1-940d-eeee0a931608.OPERATION#flowable-async-job-executor-thread-1130#
[ProcessDescriptorStep] Subscriptions: [ ]#
#2026 09 14 10:21:47.479#Z#DEBUG#16b25dd8-b026-11f1-940d-eeee0a931608.OPERATION#flowable-async-job-executor-thread-1130#
[ProcessDescriptorStep] MTA modules: [capm-service-db-deployer, capm-service-srv]#
#2026 09 14 10:21:47.480#Z#DEBUG#16b25dd8-b026-11f1-940d-eeee0a931608.OPERATION#flowable-async-job-executor-thread-1130#
[ProcessDescriptorStep] Resolved deployment descriptor: {
  "majorSchemaVersion" : 3,
  "schemaVersion" : "3.3.0",
  "id" : "capm-service",
  "version" : "1.0.0",
  "modules" : [ {
    "majorSchemaVersion" : 3,
    "name" : "capm-service-srv",
    "type" : "javascript.nodejs",
    "path" : "capm-service-srv",
    "properties" : { },
    "parameters" : {
      "default-url" : "https://ab417575trial-dev-capm-service-srv.cfapps.us10-001.hana.ondemand.com",
      "default-app-name" : "capm-service-srv",
      "generated-password" : "********",
      "default-live-url" : "https://ab417575trial-dev-capm-service-srv.cfapps.us10-001.hana.ondemand.com",
      "default-uri" : "ab417575trial-dev-capm-service-srv.cfapps.us10-001.hana.ondemand.com",
      "memory" : "256M",
      "default-instances" : 1,
      "default-live-host" : "ab417575trial-dev-capm-service-srv",
      "instances" : 1,
      "buildpack" : "nodejs_buildpack",
      "default-host" : "ab417575trial-dev-capm-service-srv",
      "app-name" : "capm-service-srv",
      "default-live-uri" : "ab417575trial-dev-capm-service-srv.cfapps.us10-001.hana.ondemand.com",
      "protocol" : "https",
      "default-live-app-name" : "capm-service-srv",
      "default-live-domain" : "cfapps.us10-001.hana.ondemand.com",
      "domain" : "cfapps.us10-001.hana.ondemand.com",
      "host" : "ab417575trial-dev-capm-service-srv",
      "generated-user" : "********"
    },
    "requiredDependencies" : [ {
      "majorSchemaVersion" : 3,
      "name" : "capm-service-db",
      "properties" : { },
      "parameters" : { },
      "propertiesMetadata" : {
        "metadata" : { }
      },
      "parametersMetadata" : {
        "metadata" : { }
      }
    }, {
      "majorSchemaVersion" : 3,
      "name" : "********",
      "properties" : { },
      "parameters" : { },
      "propertiesMetadata" : {
        "metadata" : { }
      },
      "parametersMetadata" : {
        "metadata" : { }
      }
    }, {
      "majorSchemaVersion" : 3,
      "name" : "capm-service-destination",
      "properties" : { },
      "parameters" : { },
      "propertiesMetadata" : {
        "metadata" : { }
      },
      "parametersMetadata" : {
        "metadata" : { }
      }
    }, {
      "majorSchemaVersion" : 3,
      "name" : "capm-service-spa-workflow",
      "properties" : { },
      "parameters" : { },
      "propertiesMetadata" : {
        "metadata" : { }
      },
      "parametersMetadata" : {
        "metadata" : { }
      }
    } ],
    "providedDependencies" : [ {
      "majorSchemaVersion" : 3,
      "name" : "srv-api",
      "isPublic" : false,
      "properties" : {
        "srv-url" : "https://ab417575trial-dev-capm-service-srv.cfapps.us10-001.hana.ondemand.com"
      },
      "parameters" : { },
      "propertiesMetadata" : {
        "metadata" : { }
      },
      "parametersMetadata" : {
        "metadata" : { }
      }
    }, {
      "majorSchemaVersion" : 3,
      "name" : "capm-service-srv",
      "isPublic" : false,
      "properties" : { },
      "parameters" : { },
      "propertiesMetadata" : {
        "metadata" : { }
      },
      "parametersMetadata" : {
        "metadata" : { }
      }
    } ],
    "propertiesMetadata" : {
      "metadata" : { }
    },
    "parametersMetadata" : {
      "metadata" : { }
    },
    "hooks" : [ ]
  }, {
    "majorSchemaVersion" : 3,
    "name" : "capm-service-db-deployer",
    "type" : "com.sap.xs.hdi",
    "path" : "capm-service-db-deployer",
    "properties" : {
      "EXIT" : 1
    },
    "parameters" : {
      "default-url" : "https://ab417575trial-dev-capm-service-db-deployer.cfapps.us10-001.hana.ondemand.com",
      "default-app-name" : "capm-service-db-deployer",
      "generated-password" : "********",
      "default-live-url" : "https://ab417575trial-dev-capm-service-db-deployer.cfapps.us10-001.hana.ondemand.com",
      "default-uri" : "ab417575trial-dev-capm-service-db-deployer.cfapps.us10-001.hana.ondemand.com",
      "memory" : "256M",
      "default-instances" : 1,
      "no-route" : true,
      "default-live-host" : "ab417575trial-dev-capm-service-db-deployer",
      "instances" : 1,
      "buildpack" : "nodejs_buildpack",
      "default-host" : "ab417575trial-dev-capm-service-db-deployer",
      "app-name" : "capm-service-db-deployer",
      "default-live-uri" : "ab417575trial-dev-capm-service-db-deployer.cfapps.us10-001.hana.ondemand.com",
      "protocol" : "https",
      "default-live-app-name" : "capm-service-db-deployer",
      "default-live-domain" : "cfapps.us10-001.hana.ondemand.com",
      "dependency-type" : "hard",
      "domain" : "cfapps.us10-001.hana.ondemand.com",
      "host" : "ab417575trial-dev-capm-service-db-deployer",
      "generated-user" : "********",
      "tasks" : [ {
        "command" : "npm start",
        "memory" : "256M",
        "name" : "deploy"
      } ],
      "no-start" : true
    },
    "requiredDependencies" : [ {
      "majorSchemaVersion" : 3,
      "name" : "capm-service-db",
      "properties" : { },
      "parameters" : { },
      "propertiesMetadata" : {
        "metadata" : { }
      },
      "parametersMetadata" : {
        "metadata" : { }
      }
    } ],
    "providedDependencies" : [ {
      "majorSchemaVersion" : 3,
      "name" : "capm-service-db-deployer",
      "isPublic" : false,
      "properties" : { },
      "parameters" : { },
      "propertiesMetadata" : {
        "metadata" : { }
      },
      "parametersMetadata" : {
        "metadata" : { }
      }
    } ],
    "propertiesMetadata" : {
      "metadata" : { }
    },
    "parametersMetadata" : {
      "metadata" : { }
    },
    "hooks" : [ ]
  } ],
  "resources" : [ {
    "majorSchemaVersion" : 3,
    "name" : "capm-service-db",
    "type" : "com.sap.xs.hdi-container",
    "properties" : { },
    "parameters" : {
      "generated-password" : "********",
      "service-name" : "capm-service-db",
      "service-plan" : "hdi-shared",
      "service" : "hana",
      "generated-user" : "********",
      "default-xsappname" : "capm-service-db",
      "type" : "managed-service",
      "default-service-name" : "capm-service-db",
      "default-container-name" : "AB417575TRIAL_DEV_CAPM_SERVICE_DB"
    },
    "isActive" : true,
    "isOptional" : false,
    "propertiesMetadata" : {
      "metadata" : { }
    },
    "parametersMetadata" : {
      "metadata" : { }
    },
    "requiredDependencies" : [ ],
    "processedAfter" : [ ]
  }, {
    "majorSchemaVersion" : 3,
    "name" : "********",
    "type" : "org.cloudfoundry.managed-service",
    "properties" : { },
    "parameters" : {
      "generated-password" : "********",
      "path" : "xs-security.json",
      "service-name" : "********",
      "service-plan" : "application",
      "service" : "xsuaa",
      "generated-user" : "********",
      "default-xsappname" : "********",
      "type" : "managed-service",
      "default-service-name" : "********",
      "default-container-name" : "********"
    },
    "isActive" : true,
    "isOptional" : false,
    "propertiesMetadata" : {
      "metadata" : { }
    },
    "parametersMetadata" : {
      "metadata" : { }
    },
    "requiredDependencies" : [ ],
    "processedAfter" : [ ]
  }, {
    "majorSchemaVersion" : 3,
    "name" : "capm-service-destination",
    "type" : "org.cloudfoundry.managed-service",
    "properties" : { },
    "parameters" : {
      "generated-password" : "********",
      "service-name" : "capm-service-destination",
      "service-plan" : "lite",
      "service" : "destination",
      "generated-user" : "********",
      "default-xsappname" : "capm-service-destination",
      "type" : "managed-service",
      "default-service-name" : "capm-service-destination",
      "default-container-name" : "AB417575TRIAL_DEV_CAPM_SERVICE_DESTINATION"
    },
    "isActive" : true,
    "isOptional" : false,
    "propertiesMetadata" : {
      "metadata" : { }
    },
    "parametersMetadata" : {
      "metadata" : { }
    },
    "requiredDependencies" : [ ],
    "processedAfter" : [ ]
  }, {
    "majorSchemaVersion" : 3,
    "name" : "capm-service-spa-workflow",
    "type" : "org.cloudfoundry.managed-service",
    "properties" : { },
    "parameters" : {
      "generated-password" : "********",
      "service-name" : "capm-service-spa-workflow",
      "service-plan" : "standard",
      "service" : "process-automation-service",
      "generated-user" : "********",
      "default-xsappname" : "capm-service-spa-workflow",
      "type" : "managed-service",
      "default-service-name" : "capm-service-spa-workflow",
      "default-container-name" : "AB417575TRIAL_DEV_CAPM_SERVICE_SPA_WORKFLOW"
    },
    "isActive" : true,
    "isOptional" : false,
    "propertiesMetadata" : {
      "metadata" : { }
    },
    "parametersMetadata" : {
      "metadata" : { }
    },
    "requiredDependencies" : [ ],
    "processedAfter" : [ ]
  } ],
  "parameters" : {
    "mta-id" : "capm-service",
    "authorization-url" : "********",
    "org-guid" : "06d1c646-2b36-4a95-9166-dd9f50eeb7f9",
    "org" : "ab417575trial",
    "deploy-target" : "ab417575trial dev",
    "region-primary-domain" : "us10.hana.ondemand.com",
    "space" : "dev",
    "region-domain" : "us10-001.hana.ondemand.com",
    "xs-api-url" : "https://api.cf.us10-001.hana.ondemand.com",
    "deploy-url" : "deploy-service.cfapps.us10-001.hana.ondemand.com",
    "xs-type" : "CF",
    "default-domain" : "cfapps.us10-001.hana.ondemand.com",
    "mta-version" : "1.0.0",
    "xs-auth-url" : "********",
    "space-guid" : "583b4ec9-26f7-49b3-a891-378694e7062d",
    "user" : "********",
    "controller-url" : "https://api.cf.us10-001.hana.ondemand.com",
    "timestamp" : "20260914102146"
  },
  "parametersMetadata" : {
    "metadata" : { }
  }
}#
#2026 09 14 10:21:47.480#Z#DEBUG#16b25dd8-b026-11f1-940d-eeee0a931608.OPERATION#flowable-async-job-executor-thread-1130#
[ProcessDescriptorStep] Merged descriptor properties and parameters resolved#
#2026 09 14 10:21:47.480#Z#DEBUG#16b25dd8-b026-11f1-940d-eeee0a931608.OPERATION#flowable-async-job-executor-thread-1130#
Step "Process Descriptor Step" finished#
#2026 09 14 10:21:47.516#Z#DEBUG#16b25dd8-b026-11f1-940d-eeee0a931608.OPERATION#flowable-async-job-executor-thread-1130#
[XS2BuildCloudDeployModelStep] Executing task "buildDeployModelTask" of process "16b2850e-b026-11f1-940d-eeee0a931608"...#
#2026 09 14 10:21:47.520#Z#DEBUG#16b25dd8-b026-11f1-940d-eeee0a931608.OPERATION#flowable-async-job-executor-thread-1130#
[XS2BuildCloudDeployModelStep] Service keys defined for content deployment grouped by service name: { }#
#2026 09 14 10:21:47.520#Z#DEBUG#16b25dd8-b026-11f1-940d-eeee0a931608.OPERATION#flowable-async-job-executor-thread-1130#
[XS2BuildCloudDeployModelStep] Building cloud deployment model...#
#2026 09 14 10:21:47.523#Z#DEBUG#16b25dd8-b026-11f1-940d-eeee0a931608.OPERATION#flowable-async-job-executor-thread-1130#
[XS2BuildCloudDeployModelStep] MTA archive modules: [capm-service-db-deployer, capm-service-srv]#
#2026 09 14 10:21:47.523#Z#DEBUG#16b25dd8-b026-11f1-940d-eeee0a931608.OPERATION#flowable-async-job-executor-thread-1130#
[XS2BuildCloudDeployModelStep] Deployed modules: [capm-service-approuter, capm-service-db-deployer, capm-service-srv]#
#2026 09 14 10:21:47.524#Z#DEBUG#16b25dd8-b026-11f1-940d-eeee0a931608.OPERATION#flowable-async-job-executor-thread-1130#
[XS2BuildCloudDeployModelStep] MTA modules: [capm-service-db-deployer, capm-service-srv]#
#2026 09 14 10:21:47.524#Z#DEBUG#16b25dd8-b026-11f1-940d-eeee0a931608.OPERATION#flowable-async-job-executor-thread-1130#
[XS2BuildCloudDeployModelStep] Service keys to create: {
  "capm-service-spa-workflow" : [ ],
  "capm-service-db" : [ ],
  "capm-service-auth" : "********",
  "capm-service-destination" : [ ]
}#
#2026 09 14 10:21:47.525#Z#DEBUG#16b25dd8-b026-11f1-940d-eeee0a931608.OPERATION#flowable-async-job-executor-thread-1130#
[XS2BuildCloudDeployModelStep] Modules to deploy: [{
  "majorSchemaVersion" : 3,
  "name" : "capm-service-srv",
  "type" : "javascript.nodejs",
  "path" : "capm-service-srv",
  "properties" : { },
  "parameters" : {
    "default-url" : "https://ab417575trial-dev-capm-service-srv.cfapps.us10-001.hana.ondemand.com",
    "default-app-name" : "capm-service-srv",
    "generated-password" : "********",
    "default-live-url" : "https://ab417575trial-dev-capm-service-srv.cfapps.us10-001.hana.ondemand.com",
    "default-uri" : "ab417575trial-dev-capm-service-srv.cfapps.us10-001.hana.ondemand.com",
    "memory" : "256M",
    "default-instances" : 1,
    "default-live-host" : "ab417575trial-dev-capm-service-srv",
    "instances" : 1,
    "buildpack" : "nodejs_buildpack",
    "default-host" : "ab417575trial-dev-capm-service-srv",
    "app-name" : "capm-service-srv",
    "default-live-uri" : "ab417575trial-dev-capm-service-srv.cfapps.us10-001.hana.ondemand.com",
    "protocol" : "https",
    "default-live-app-name" : "capm-service-srv",
    "default-live-domain" : "cfapps.us10-001.hana.ondemand.com",
    "dependency-type" : "soft",
    "domain" : "cfapps.us10-001.hana.ondemand.com",
    "host" : "ab417575trial-dev-capm-service-srv",
    "generated-user" : "********"
  },
  "requiredDependencies" : [ {
    "majorSchemaVersion" : 3,
    "name" : "capm-service-db",
    "properties" : { },
    "parameters" : { },
    "propertiesMetadata" : {
      "metadata" : { }
    },
    "parametersMetadata" : {
      "metadata" : { }
    }
  }, {
    "majorSchemaVersion" : 3,
    "name" : "********",
    "properties" : { },
    "parameters" : { },
    "propertiesMetadata" : {
      "metadata" : { }
    },
    "parametersMetadata" : {
      "metadata" : { }
    }
  }, {
    "majorSchemaVersion" : 3,
    "name" : "capm-service-destination",
    "properties" : { },
    "parameters" : { },
    "propertiesMetadata" : {
      "metadata" : { }
    },
    "parametersMetadata" : {
      "metadata" : { }
    }
  }, {
    "majorSchemaVersion" : 3,
    "name" : "capm-service-spa-workflow",
    "properties" : { },
    "parameters" : { },
    "propertiesMetadata" : {
      "metadata" : { }
    },
    "parametersMetadata" : {
      "metadata" : { }
    }
  } ],
  "providedDependencies" : [ {
    "majorSchemaVersion" : 3,
    "name" : "srv-api",
    "isPublic" : false,
    "properties" : {
      "srv-url" : "https://ab417575trial-dev-capm-service-srv.cfapps.us10-001.hana.ondemand.com"
    },
    "parameters" : { },
    "propertiesMetadata" : {
      "metadata" : { }
    },
    "parametersMetadata" : {
      "metadata" : { }
    }
  }, {
    "majorSchemaVersion" : 3,
    "name" : "capm-service-srv",
    "isPublic" : false,
    "properties" : { },
    "parameters" : { },
    "propertiesMetadata" : {
      "metadata" : { }
    },
    "parametersMetadata" : {
      "metadata" : { }
    }
  } ],
  "propertiesMetadata" : {
    "metadata" : { }
  },
  "parametersMetadata" : {
    "metadata" : { }
  },
  "hooks" : [ ]
}, {
  "majorSchemaVersion" : 3,
  "name" : "capm-service-db-deployer",
  "type" : "com.sap.xs.hdi",
  "path" : "capm-service-db-deployer",
  "properties" : {
    "EXIT" : 1
  },
  "parameters" : {
    "default-url" : "https://ab417575trial-dev-capm-service-db-deployer.cfapps.us10-001.hana.ondemand.com",
    "default-app-name" : "capm-service-db-deployer",
    "generated-password" : "********",
    "default-live-url" : "https://ab417575trial-dev-capm-service-db-deployer.cfapps.us10-001.hana.ondemand.com",
    "default-uri" : "ab417575trial-dev-capm-service-db-deployer.cfapps.us10-001.hana.ondemand.com",
    "memory" : "256M",
    "default-instances" : 1,
    "no-route" : true,
    "default-live-host" : "ab417575trial-dev-capm-service-db-deployer",
    "instances" : 1,
    "buildpack" : "nodejs_buildpack",
    "default-host" : "ab417575trial-dev-capm-service-db-deployer",
    "app-name" : "capm-service-db-deployer",
    "default-live-uri" : "ab417575trial-dev-capm-service-db-deployer.cfapps.us10-001.hana.ondemand.com",
    "protocol" : "https",
    "default-live-app-name" : "capm-service-db-deployer",
    "default-live-domain" : "cfapps.us10-001.hana.ondemand.com",
    "dependency-type" : "hard",
    "domain" : "cfapps.us10-001.hana.ondemand.com",
    "host" : "ab417575trial-dev-capm-service-db-deployer",
    "generated-user" : "********",
    "tasks" : [ {
      "command" : "npm start",
      "memory" : "256M",
      "name" : "deploy"
    } ],
    "no-start" : true
  },
  "requiredDependencies" : [ {
    "majorSchemaVersion" : 3,
    "name" : "capm-service-db",
    "properties" : { },
    "parameters" : { },
    "propertiesMetadata" : {
      "metadata" : { }
    },
    "parametersMetadata" : {
      "metadata" : { }
    }
  } ],
  "providedDependencies" : [ {
    "majorSchemaVersion" : 3,
    "name" : "capm-service-db-deployer",
    "isPublic" : false,
    "properties" : { },
    "parameters" : { },
    "propertiesMetadata" : {
      "metadata" : { }
    },
    "parametersMetadata" : {
      "metadata" : { }
    }
  } ],
  "propertiesMetadata" : {
    "metadata" : { }
  },
  "parametersMetadata" : {
    "metadata" : { }
  },
  "hooks" : [ ]
}]#
#2026 09 14 10:21:47.526#Z#DEBUG#16b25dd8-b026-11f1-940d-eeee0a931608.OPERATION#flowable-async-job-executor-thread-1130#
[XS2BuildCloudDeployModelStep] Custom domains: []#
#2026 09 14 10:21:47.529#Z#DEBUG#16b25dd8-b026-11f1-940d-eeee0a931608.OPERATION#flowable-async-job-executor-thread-1130#
[XS2BuildCloudDeployModelStep] Calculating resource batches...#
#2026 09 14 10:21:47.529#Z#DEBUG#16b25dd8-b026-11f1-940d-eeee0a931608.OPERATION#flowable-async-job-executor-thread-1130#
[XS2BuildCloudDeployModelStep] Calculating resource batches completed.#
#2026 09 14 10:21:47.529#Z#DEBUG#16b25dd8-b026-11f1-940d-eeee0a931608.OPERATION#flowable-async-job-executor-thread-1130#
[XS2BuildCloudDeployModelStep] Cloud deployment model built#
#2026 09 14 10:21:47.529#Z#DEBUG#16b25dd8-b026-11f1-940d-eeee0a931608.OPERATION#flowable-async-job-executor-thread-1130#
Step "Build Deploy Model" finished#
#2026 09 14 10:21:47.574#Z#DEBUG#16b25dd8-b026-11f1-940d-eeee0a931608.OPERATION#flowable-async-job-executor-thread-1128#
[BuildCloudUndeployModelStep] Executing task "buildUndeployModelTask" of process "16b2850e-b026-11f1-940d-eeee0a931608"...#
#2026 09 14 10:21:47.575#Z#DEBUG#16b25dd8-b026-11f1-940d-eeee0a931608.OPERATION#flowable-async-job-executor-thread-1128#
[BuildCloudUndeployModelStep] Building cloud undeployment model...#
#2026 09 14 10:21:47.578#Z#DEBUG#16b25dd8-b026-11f1-940d-eeee0a931608.OPERATION#flowable-async-job-executor-thread-1128#
[BuildCloudUndeployModelStep] Detecting service keys to delete.#
#2026 09 14 10:21:47.579#Z#DEBUG#16b25dd8-b026-11f1-940d-eeee0a931608.OPERATION#flowable-async-job-executor-thread-1128#
[BuildCloudUndeployModelStep] Detected deployed service keys by service "{capm-service-html5-service=[DeployedMtaServiceKey{name=capm-service-app-content-capm-service-repo-host-credentials, metadata=CloudMetadata{guid=9e60db17-bb5c-49ae-ab2c-02270c452953, createdAt=2026-09-10T09:43:44, updatedAt=2026-09-10T09:43:45, url=null}, v3Metadata=Metadata{annotations={mta_id=capm-service, mta_version=1.0.0}, labels={mta_id=af60f329bdffcb9b92e7445332fe6ba2, space_guid=583b4ec9-26f7-49b3-a891-378694e7062d}}, credentials=null, serviceInstance=CloudServiceInstance{name=capm-service-html5-service, metadata=CloudMetadata{guid=b7e02daf-713f-45ec-ab13-b6a762eb4c2d, createdAt=2026-09-10T09:43:26, updatedAt=2026-09-10T09:43:26, url=null}, v3Metadata=Metadata{annotations={mta_id=capm-service, mta_version=1.0.0, mta_resource={"name":"capm-service-repo-host"}}, labels={mta_id=af60f329bdffcb9b92e7445332fe6ba2}}, label=null, plan=null, provider=null, broker=null, version=null, credentials={}, syslogDrainUrl=null, tags=[], type=managed, lastOperation=null}, serviceKeyOperation=null, resourceName=null}], capm-service-auth=[DeployedMtaServiceKey{name=capm-service-auth-key, metadata=CloudMetadata{guid=f00f5761-d642-4303-ba4a-65bc0b531154, createdAt=2026-09-11T17:21:15, updatedAt=2026-09-11T17:21:15, url=null}, v3Metadata=Metadata{annotations={mta_id=capm-service, mta_version=1.0.0}, labels={mta_id=af60f329bdffcb9b92e7445332fe6ba2, space_guid=583b4ec9-26f7-49b3-a891-378694e7062d}}, credentials=null, serviceInstance=CloudServiceInstance{name=capm-service-auth, metadata=CloudMetadata{guid=a1bed4fc-6fd9-4cc3-b974-fc23e68b5d5a, createdAt=2026-09-10T09:43:25, updatedAt=2026-09-10T09:43:26, url=null}, v3Metadata=Metadata{annotations={mta_id=capm-service, mta_version=1.0.0, mta_resource={"name":"capm-service-auth"}}, labels={mta_id=af60f329bdffcb9b92e7445332fe6ba2}}, label=null, plan=null, provider=null, broker=null, version=null, credentials={}, syslogDrainUrl=null, tags=[], type=managed, lastOperation=null}, serviceKeyOperation=null, resourceName=null}], capm-service-destination-service=[DeployedMtaServiceKey{name=capm-service-destination-content-capm-service-destination-service-credentials, metadata=CloudMetadata{guid=e75c9088-6091-44b2-9be2-b598c2a415d0, createdAt=2026-09-11T17:21:15, updatedAt=2026-09-11T17:21:16, url=null}, v3Metadata=Metadata{annotations={mta_id=capm-service, mta_version=1.0.0}, labels={mta_id=af60f329bdffcb9b92e7445332fe6ba2, space_guid=583b4ec9-26f7-49b3-a891-378694e7062d}}, credentials=null, serviceInstance=CloudServiceInstance{name=capm-service-destination-service, metadata=CloudMetadata{guid=fddab71c-b12d-429c-ae3b-77c6179656d7, createdAt=2026-09-10T09:43:26, updatedAt=2026-09-10T09:43:28, url=null}, v3Metadata=Metadata{annotations={mta_id=capm-service, mta_version=1.0.0, mta_resource={"name":"capm-service-destination-service"}}, labels={mta_id=af60f329bdffcb9b92e7445332fe6ba2}}, label=null, plan=null, provider=null, broker=null, version=null, credentials={}, syslogDrainUrl=null, tags=[], type=managed, lastOperation=null}, serviceKeyOperation=null, resourceName=null}]}"#
#2026 09 14 10:21:47.584#Z#DEBUG#16b25dd8-b026-11f1-940d-eeee0a931608.OPERATION#flowable-async-job-executor-thread-1128#
[BuildCloudUndeployModelStep] New service keys by service "{}"#
#2026 09 14 10:21:47.585#Z#DEBUG#16b25dd8-b026-11f1-940d-eeee0a931608.OPERATION#flowable-async-job-executor-thread-1128#
[BuildCloudUndeployModelStep] Existing service keys by service "{}"#
#2026 09 14 10:21:47.585#Z#DEBUG#16b25dd8-b026-11f1-940d-eeee0a931608.OPERATION#flowable-async-job-executor-thread-1128#
[BuildCloudUndeployModelStep] Detected service keys to delete "[DeployedMtaServiceKey{name=capm-service-app-content-capm-service-repo-host-credentials, metadata=CloudMetadata{guid=9e60db17-bb5c-49ae-ab2c-02270c452953, createdAt=2026-09-10T09:43:44, updatedAt=2026-09-10T09:43:45, url=null}, v3Metadata=Metadata{annotations={mta_id=capm-service, mta_version=1.0.0}, labels={mta_id=af60f329bdffcb9b92e7445332fe6ba2, space_guid=583b4ec9-26f7-49b3-a891-378694e7062d}}, credentials=null, serviceInstance=CloudServiceInstance{name=capm-service-html5-service, metadata=CloudMetadata{guid=b7e02daf-713f-45ec-ab13-b6a762eb4c2d, createdAt=2026-09-10T09:43:26, updatedAt=2026-09-10T09:43:26, url=null}, v3Metadata=Metadata{annotations={mta_id=capm-service, mta_version=1.0.0, mta_resource={"name":"capm-service-repo-host"}}, labels={mta_id=af60f329bdffcb9b92e7445332fe6ba2}}, label=null, plan=null, provider=null, broker=null, version=null, credentials={}, syslogDrainUrl=null, tags=[], type=managed, lastOperation=null}, serviceKeyOperation=null, resourceName=null}, DeployedMtaServiceKey{name=capm-service-auth-key, metadata=CloudMetadata{guid=f00f5761-d642-4303-ba4a-65bc0b531154, createdAt=2026-09-11T17:21:15, updatedAt=2026-09-11T17:21:15, url=null}, v3Metadata=Metadata{annotations={mta_id=capm-service, mta_version=1.0.0}, labels={mta_id=af60f329bdffcb9b92e7445332fe6ba2, space_guid=583b4ec9-26f7-49b3-a891-378694e7062d}}, credentials=null, serviceInstance=CloudServiceInstance{name=capm-service-auth, metadata=CloudMetadata{guid=a1bed4fc-6fd9-4cc3-b974-fc23e68b5d5a, createdAt=2026-09-10T09:43:25, updatedAt=2026-09-10T09:43:26, url=null}, v3Metadata=Metadata{annotations={mta_id=capm-service, mta_version=1.0.0, mta_resource={"name":"capm-service-auth"}}, labels={mta_id=af60f329bdffcb9b92e7445332fe6ba2}}, label=null, plan=null, provider=null, broker=null, version=null, credentials={}, syslogDrainUrl=null, tags=[], type=managed, lastOperation=null}, serviceKeyOperation=null, resourceName=null}, DeployedMtaServiceKey{name=capm-service-destination-content-capm-service-destination-service-credentials, metadata=CloudMetadata{guid=e75c9088-6091-44b2-9be2-b598c2a415d0, createdAt=2026-09-11T17:21:15, updatedAt=2026-09-11T17:21:16, url=null}, v3Metadata=Metadata{annotations={mta_id=capm-service, mta_version=1.0.0}, labels={mta_id=af60f329bdffcb9b92e7445332fe6ba2, space_guid=583b4ec9-26f7-49b3-a891-378694e7062d}}, credentials=null, serviceInstance=CloudServiceInstance{name=capm-service-destination-service, metadata=CloudMetadata{guid=fddab71c-b12d-429c-ae3b-77c6179656d7, createdAt=2026-09-10T09:43:26, updatedAt=2026-09-10T09:43:28, url=null}, v3Metadata=Metadata{annotations={mta_id=capm-service, mta_version=1.0.0, mta_resource={"name":"capm-service-destination-service"}}, labels={mta_id=af60f329bdffcb9b92e7445332fe6ba2}}, label=null, plan=null, provider=null, broker=null, version=null, credentials={}, syslogDrainUrl=null, tags=[], type=managed, lastOperation=null}, serviceKeyOperation=null, resourceName=null}]"#
#2026 09 14 10:21:47.590#Z#DEBUG#16b25dd8-b026-11f1-940d-eeee0a931608.OPERATION#flowable-async-job-executor-thread-1128#
[BuildCloudUndeployModelStep] MTA modules: [capm-service-db-deployer, capm-service-srv]#
#2026 09 14 10:21:47.590#Z#DEBUG#16b25dd8-b026-11f1-940d-eeee0a931608.OPERATION#flowable-async-job-executor-thread-1128#
[BuildCloudUndeployModelStep] Modules to undeploy: [ {
  "name" : "capm-service-approuter",
  "metadata" : {
    "guid" : "acffc01e-e141-4d23-8bb2-0c336eb34d02",
    "createdAt" : [ 2026, 9, 10, 9, 43, 48 ],
    "updatedAt" : [ 2026, 9, 14, 0, 8, 19 ]
  },
  "v3Metadata" : {
    "annotations" : {
      "mta_id" : "capm-service",
      "mta_version" : "1.0.0",
      "mta_module" : "{\"name\":\"capm-service-approuter\"}",
      "mta_module_provided_dependencies" : "[]",
      "mta_bound_services" : "********"
    },
    "labels" : {
      "mta_id" : "af60f329bdffcb9b92e7445332fe6ba2"
    }
  },
  "state" : "STOPPED",
  "lifecycle" : {
    "type" : "BUILDPACK",
    "data" : {
      "stack" : "cflinuxfs4",
      "buildpacks" : [ ]
    }
  },
  "space" : {
    "name" : "dev",
    "metadata" : {
      "guid" : "583b4ec9-26f7-49b3-a891-378694e7062d",
      "createdAt" : [ 2026, 8, 16, 5, 18, 30 ],
      "updatedAt" : [ 2026, 8, 16, 5, 18, 30 ]
    },
    "organization" : {
      "name" : "ab417575trial",
      "metadata" : {
        "guid" : "06d1c646-2b36-4a95-9166-dd9f50eeb7f9",
        "createdAt" : [ 2026, 8, 16, 5, 18, 28 ],
        "updatedAt" : [ 2026, 8, 16, 5, 18, 30 ]
      }
    }
  },
  "moduleName" : "capm-service-approuter",
  "boundMtaServices" : [ "********", "capm-service-html5-repo-runtime", "capm-service-destination-service" ],
  "providedDependencyNames" : [ ],
  "productizationState" : "LIVE"
} ]#
#2026 09 14 10:21:47.590#Z#DEBUG#16b25dd8-b026-11f1-940d-eeee0a931608.OPERATION#flowable-async-job-executor-thread-1128#
[BuildCloudUndeployModelStep] Modules that won't be changed: [ ]#
#2026 09 14 10:21:47.592#Z#DEBUG#16b25dd8-b026-11f1-940d-eeee0a931608.OPERATION#flowable-async-job-executor-thread-1128#
[BuildCloudUndeployModelStep] Subscriptions to delete: [ ]#
#2026 09 14 10:21:47.595#Z#DEBUG#16b25dd8-b026-11f1-940d-eeee0a931608.OPERATION#flowable-async-job-executor-thread-1128#
[BuildCloudUndeployModelStep] Cloud services to delete: [capm-service-destination-service, capm-service-html5-repo-runtime, capm-service-html5-service]#
#2026 09 14 10:21:47.595#Z#DEBUG#16b25dd8-b026-11f1-940d-eeee0a931608.OPERATION#flowable-async-job-executor-thread-1128#
[BuildCloudUndeployModelStep] Getting application "capm-service-approuter"...#
#2026 09 14 10:21:47.625#Z#DEBUG#16b25dd8-b026-11f1-940d-eeee0a931608.OPERATION#flowable-async-job-executor-thread-1128#
[BuildCloudUndeployModelStep] Cloud applications to undeploy: [ {
  "name" : "capm-service-approuter",
  "metadata" : {
    "guid" : "acffc01e-e141-4d23-8bb2-0c336eb34d02",
    "createdAt" : [ 2026, 9, 10, 9, 43, 48 ],
    "updatedAt" : [ 2026, 9, 14, 0, 8, 19 ]
  },
  "v3Metadata" : {
    "annotations" : {
      "mta_id" : "capm-service",
      "mta_version" : "1.0.0",
      "mta_module" : "{\"name\":\"capm-service-approuter\"}",
      "mta_module_provided_dependencies" : "[]",
      "mta_bound_services" : "********"
    },
    "labels" : {
      "mta_id" : "af60f329bdffcb9b92e7445332fe6ba2"
    }
  },
  "state" : "STOPPED",
  "lifecycle" : {
    "type" : "BUILDPACK",
    "data" : {
      "stack" : "cflinuxfs4",
      "buildpacks" : [ ]
    }
  },
  "space" : {
    "name" : "dev",
    "metadata" : {
      "guid" : "583b4ec9-26f7-49b3-a891-378694e7062d",
      "createdAt" : [ 2026, 8, 16, 5, 18, 30 ],
      "updatedAt" : [ 2026, 8, 16, 5, 18, 30 ]
    },
    "organization" : {
      "name" : "ab417575trial",
      "metadata" : {
        "guid" : "06d1c646-2b36-4a95-9166-dd9f50eeb7f9",
        "createdAt" : [ 2026, 8, 16, 5, 18, 28 ],
        "updatedAt" : [ 2026, 8, 16, 5, 18, 30 ]
      }
    }
  }
} ]#
#2026 09 14 10:21:47.643#Z#DEBUG#16b25dd8-b026-11f1-940d-eeee0a931608.OPERATION#flowable-async-job-executor-thread-1128#
[BuildCloudUndeployModelStep] Cloud undeployment model built#
#2026 09 14 10:21:47.643#Z#DEBUG#16b25dd8-b026-11f1-940d-eeee0a931608.OPERATION#flowable-async-job-executor-thread-1128#
Step "Build Undeploy Model" finished#
#2026 09 14 10:21:47.721#Z#DEBUG#16b25dd8-b026-11f1-940d-eeee0a931608.OPERATION#flowable-async-job-executor-thread-1124#
[AddDomainsStep] Executing task "addDomainsTask" of process "16b2850e-b026-11f1-940d-eeee0a931608"...#
#2026 09 14 10:21:47.724#Z#DEBUG#16b25dd8-b026-11f1-940d-eeee0a931608.OPERATION#flowable-async-job-executor-thread-1124#
[AddDomainsStep] Custom domains: []#
#2026 09 14 10:21:47.724#Z#DEBUG#16b25dd8-b026-11f1-940d-eeee0a931608.OPERATION#flowable-async-job-executor-thread-1124#
Step "Add Domains" finished#
#2026 09 14 10:21:48.130#Z#DEBUG#16b25dd8-b026-11f1-940d-eeee0a931608.OPERATION#flowable-async-job-executor-thread-1127#
[ExtractBatchedServicesWithResolvedDynamicParametersStep] Executing task "prepareModulesDeploymentTask" of process "17add5b4-b026-11f1-940d-eeee0a931608"...#
#2026 09 14 10:21:48.131#Z#DEBUG#16b25dd8-b026-11f1-940d-eeee0a931608.OPERATION#flowable-async-job-executor-thread-1127#
[ExtractBatchedServicesWithResolvedDynamicParametersStep] Extracting services and resolving dynamic parameters from batch#
#2026 09 14 10:21:48.133#Z#DEBUG#16b25dd8-b026-11f1-940d-eeee0a931608.OPERATION#flowable-async-job-executor-thread-1127#
[ExtractBatchedServicesWithResolvedDynamicParametersStep] Services to create: [ {
  "isOptional" : false,
  "isManaged" : true,
  "name" : "capm-service-db",
  "v3Metadata" : {
    "annotations" : {
      "mta_id" : "capm-service",
      "mta_version" : "1.0.0",
      "mta_resource" : "{\"name\":\"capm-service-db\"}"
    },
    "labels" : {
      "mta_id" : "af60f329bdffcb9b92e7445332fe6ba2"
    }
  },
  "label" : "hana",
  "plan" : "hdi-shared",
  "credentials" : "********",
  "tags" : [ ],
  "type" : "managed",
  "resourceName" : "capm-service-db",
  "shouldSkipParametersUpdate" : false,
  "shouldSkipPlanUpdate" : false,
  "shouldSkipTagsUpdate" : false,
  "shouldSkipSyslogUrlUpdate" : false
}, {
  "isOptional" : false,
  "isManaged" : true,
  "name" : "********",
  "v3Metadata" : {
    "annotations" : {
      "mta_id" : "capm-service",
      "mta_version" : "1.0.0",
      "mta_resource" : "********"
    },
    "labels" : {
      "mta_id" : "af60f329bdffcb9b92e7445332fe6ba2"
    }
  },
  "label" : "xsuaa",
  "plan" : "application",
  "credentials" : "********",
  "tags" : [ ],
  "type" : "managed",
  "resourceName" : "********",
  "shouldSkipParametersUpdate" : false,
  "shouldSkipPlanUpdate" : false,
  "shouldSkipTagsUpdate" : false,
  "shouldSkipSyslogUrlUpdate" : false
}, {
  "isOptional" : false,
  "isManaged" : true,
  "name" : "capm-service-destination",
  "v3Metadata" : {
    "annotations" : {
      "mta_id" : "capm-service",
      "mta_version" : "1.0.0",
      "mta_resource" : "{\"name\":\"capm-service-destination\"}"
    },
    "labels" : {
      "mta_id" : "af60f329bdffcb9b92e7445332fe6ba2"
    }
  },
  "label" : "destination",
  "plan" : "lite",
  "credentials" : "********",
  "tags" : [ ],
  "type" : "managed",
  "resourceName" : "capm-service-destination",
  "shouldSkipParametersUpdate" : false,
  "shouldSkipPlanUpdate" : false,
  "shouldSkipTagsUpdate" : false,
  "shouldSkipSyslogUrlUpdate" : false
}, {
  "isOptional" : false,
  "isManaged" : true,
  "name" : "capm-service-spa-workflow",
  "v3Metadata" : {
    "annotations" : {
      "mta_id" : "capm-service",
      "mta_version" : "1.0.0",
      "mta_resource" : "{\"name\":\"capm-service-spa-workflow\"}"
    },
    "labels" : {
      "mta_id" : "af60f329bdffcb9b92e7445332fe6ba2"
    }
  },
  "label" : "process-automation-service",
  "plan" : "standard",
  "credentials" : "********",
  "tags" : [ ],
  "type" : "managed",
  "resourceName" : "capm-service-spa-workflow",
  "shouldSkipParametersUpdate" : false,
  "shouldSkipPlanUpdate" : false,
  "shouldSkipTagsUpdate" : false,
  "shouldSkipSyslogUrlUpdate" : false
} ]#
#2026 09 14 10:21:48.134#Z#DEBUG#16b25dd8-b026-11f1-940d-eeee0a931608.OPERATION#flowable-async-job-executor-thread-1127#
Step "Extract Services with Resolved Dynamic parameters from batch" finished#
#2026 09 14 10:21:48.243#Z#DEBUG#16b25dd8-b026-11f1-940d-eeee0a931608.OPERATION#flowable-async-job-executor-thread-1127#
[CheckServiceOperationStateStep] Executing task "CheckServiceOperationStateTask" of process "17ef98ef-b026-11f1-940d-eeee0a931608"...#
#2026 09 14 10:21:48.245#Z#DEBUG#16b25dd8-b026-11f1-940d-eeee0a931608.OPERATION#flowable-async-job-executor-thread-1127#
[CheckServiceOperationStateStep] Getting service instance "capm-service-auth"...#
#2026 09 14 10:21:48.342#Z#DEBUG#16b25dd8-b026-11f1-940d-eeee0a931608.OPERATION#flowable-async-job-executor-thread-1127#
Step "Check for service operations in Progress" finished#
#2026 09 14 10:21:48.376#Z#DEBUG#16b25dd8-b026-11f1-940d-eeee0a931608.OPERATION#flowable-async-job-executor-thread-1127#
[DetermineServiceCreateUpdateServiceActionsStep] Executing task "DetermineServiceCreateUpdateActionsTask" of process "17ef98ef-b026-11f1-940d-eeee0a931608"...#
#2026 09 14 10:21:48.379#Z#INFO#16b25dd8-b026-11f1-940d-eeee0a931608.OPERATION#flowable-async-job-executor-thread-1127#
[DetermineServiceCreateUpdateServiceActionsStep] Processing service "capm-service-auth"...#
#2026 09 14 10:21:48.384#Z#DEBUG#16b25dd8-b026-11f1-940d-eeee0a931608.OPERATION#flowable-async-job-executor-thread-1127#
[DetermineServiceCreateUpdateServiceActionsStep] Getting service instance "capm-service-auth"...#
#2026 09 14 10:21:48.490#Z#INFO#16b25dd8-b026-11f1-940d-eeee0a931608.OPERATION#flowable-async-job-executor-thread-1127#
[DetermineServiceCreateUpdateServiceActionsStep] Setting service "capm-service-auth" parameters from "xs-security.json"#
#2026 09 14 10:21:48.530#Z#DEBUG#16b25dd8-b026-11f1-940d-eeee0a931608.OPERATION#flowable-async-job-executor-thread-1127#
[DetermineServiceCreateUpdateServiceActionsStep] Existing service: {
  "name" : "********",
  "metadata" : {
    "guid" : "a1bed4fc-6fd9-4cc3-b974-fc23e68b5d5a",
    "createdAt" : [ 2026, 9, 10, 9, 43, 25 ],
    "updatedAt" : [ 2026, 9, 10, 9, 43, 26 ]
  },
  "v3Metadata" : {
    "annotations" : {
      "mta_id" : "capm-service",
      "mta_version" : "1.0.0",
      "mta_resource" : "********"
    },
    "labels" : {
      "mta_id" : "af60f329bdffcb9b92e7445332fe6ba2"
    }
  },
  "label" : "xsuaa",
  "plan" : "application",
  "credentials" : "********",
  "tags" : [ ],
  "type" : "managed",
  "lastOperation" : {
    "type" : "UPDATE",
    "description" : "",
    "state" : "SUCCEEDED"
  }
}#
#2026 09 14 10:21:48.530#Z#DEBUG#16b25dd8-b026-11f1-940d-eeee0a931608.OPERATION#flowable-async-job-executor-thread-1127#
[DetermineServiceCreateUpdateServiceActionsStep] Service parameters will be updated#
#2026 09 14 10:21:48.530#Z#DEBUG#16b25dd8-b026-11f1-940d-eeee0a931608.OPERATION#flowable-async-job-executor-thread-1127#
[DetermineServiceCreateUpdateServiceActionsStep] New parameters: {
  "attributes" : [ ],
  "role-templates" : [ ],
  "scopes" : [ ],
  "tenant-mode" : "dedicated",
  "xsappname" : "capm-service"
}#
#2026 09 14 10:21:48.530#Z#DEBUG#16b25dd8-b026-11f1-940d-eeee0a931608.OPERATION#flowable-async-job-executor-thread-1127#
Step "Determine update actions" finished#
#2026 09 14 10:21:48.580#Z#DEBUG#16b25dd8-b026-11f1-940d-eeee0a931608.OPERATION#flowable-async-job-executor-thread-1127#
[CheckForServiceBindingOrKeyOperationStep] Executing task "CheckForServiceBindingOrKeyCreation" of process "17ef98ef-b026-11f1-940d-eeee0a931608"...#
#2026 09 14 10:21:48.582#Z#DEBUG#16b25dd8-b026-11f1-940d-eeee0a931608.OPERATION#flowable-async-job-executor-thread-1127#
Step "Check for service binding or key creation" finished#
#2026 09 14 10:21:48.625#Z#DEBUG#16b25dd8-b026-11f1-940d-eeee0a931608.OPERATION#flowable-async-job-executor-thread-1130#
[UpdateServiceParametersStep] Executing task "UpdateServiceParametersTask" of process "17ef98ef-b026-11f1-940d-eeee0a931608"...#
#2026 09 14 10:21:48.628#Z#INFO#16b25dd8-b026-11f1-940d-eeee0a931608.OPERATION#flowable-async-job-executor-thread-1130#
[UpdateServiceParametersStep] Updating service "capm-service-auth"...#
#2026 09 14 10:21:48.633#Z#DEBUG#16b25dd8-b026-11f1-940d-eeee0a931608.OPERATION#flowable-async-job-executor-thread-1130#
[UpdateServiceParametersStep] Updating service parameters for service "capm-service-auth"...#
#2026 09 14 10:21:48.712#Z#DEBUG#16b25dd8-b026-11f1-940d-eeee0a931608.OPERATION#flowable-async-job-executor-thread-1130#
[UpdateServiceParametersStep] Service "capm-service-auth" updated#
#2026 09 14 10:21:48.712#Z#DEBUG#16b25dd8-b026-11f1-940d-eeee0a931608.OPERATION#flowable-async-job-executor-thread-1130#
[UpdateServiceParametersStep] Triggered service operations: {
  "capm-service-auth" : "UPDATE"
}#
#2026 09 14 10:21:48.714#Z#DEBUG#16b25dd8-b026-11f1-940d-eeee0a931608.OPERATION#flowable-async-job-executor-thread-1130#
Step "Update parameters" finished#
#2026 09 14 10:21:50.945#Z#DEBUG#16b25dd8-b026-11f1-940d-eeee0a931608.OPERATION#flowable-async-job-executor-thread-969#
[CheckServiceOperationStateStep] Executing task "CheckServiceOperationStateTask" of process "19899a57-b026-11f1-ac30-eeee0a8f4439"...#
#2026 09 14 10:21:51.013#Z#DEBUG#16b25dd8-b026-11f1-940d-eeee0a931608.OPERATION#flowable-async-job-executor-thread-969#
[CheckServiceOperationStateStep] Getting service instance "capm-service-spa-workflow"...#
#2026 09 14 10:21:51.141#Z#DEBUG#16b25dd8-b026-11f1-940d-eeee0a931608.OPERATION#flowable-async-job-executor-thread-969#
Step "Check for service operations in Progress" finished#
#2026 09 14 10:21:51.138#Z#DEBUG#16b25dd8-b026-11f1-940d-eeee0a931608.OPERATION#flowable-async-job-executor-thread-1131#
[CheckServiceOperationStateStep] Executing task "CheckServiceOperationStateTask" of process "19a95739-b026-11f1-940d-eeee0a931608"...#
#2026 09 14 10:21:51.139#Z#DEBUG#16b25dd8-b026-11f1-940d-eeee0a931608.OPERATION#flowable-async-job-executor-thread-1131#
[CheckServiceOperationStateStep] Getting service instance "capm-service-db"...#
#2026 09 14 10:21:51.253#Z#DEBUG#16b25dd8-b026-11f1-940d-eeee0a931608.OPERATION#flowable-async-job-executor-thread-1131#
Step "Check for service operations in Progress" finished#
#2026 09 14 10:21:51.177#Z#DEBUG#16b25dd8-b026-11f1-940d-eeee0a931608.OPERATION#flowable-async-job-executor-thread-970#
[DetermineServiceCreateUpdateServiceActionsStep] Executing task "DetermineServiceCreateUpdateActionsTask" of process "19899a57-b026-11f1-ac30-eeee0a8f4439"...#
#2026 09 14 10:21:51.179#Z#INFO#16b25dd8-b026-11f1-940d-eeee0a931608.OPERATION#flowable-async-job-executor-thread-970#
[DetermineServiceCreateUpdateServiceActionsStep] Processing service "capm-service-spa-workflow"...#
#2026 09 14 10:21:51.185#Z#DEBUG#16b25dd8-b026-11f1-940d-eeee0a931608.OPERATION#flowable-async-job-executor-thread-970#
[DetermineServiceCreateUpdateServiceActionsStep] Getting service instance "capm-service-spa-workflow"...#
#2026 09 14 10:21:51.298#Z#DEBUG#16b25dd8-b026-11f1-940d-eeee0a931608.OPERATION#flowable-async-job-executor-thread-970#
[DetermineServiceCreateUpdateServiceActionsStep] Existing service: {
  "name" : "capm-service-spa-workflow",
  "metadata" : {
    "guid" : "b3801c8c-5a92-4041-8d53-a002c0004912",
    "createdAt" : [ 2026, 9, 14, 9, 35, 48 ],
    "updatedAt" : [ 2026, 9, 14, 9, 35, 48 ]
  },
  "v3Metadata" : {
    "annotations" : {
      "mta_id" : "capm-service",
      "mta_version" : "1.0.0",
      "mta_resource" : "{\"name\":\"capm-service-spa-workflow\"}"
    },
    "labels" : {
      "mta_id" : "af60f329bdffcb9b92e7445332fe6ba2"
    }
  },
  "label" : "process-automation-service",
  "plan" : "standard",
  "credentials" : "********",
  "tags" : [ ],
  "type" : "managed",
  "lastOperation" : {
    "type" : "CREATE",
    "description" : "",
    "state" : "SUCCEEDED"
  }
}#
#2026 09 14 10:21:51.298#Z#WARN#16b25dd8-b026-11f1-940d-eeee0a931608.OPERATION#flowable-async-job-executor-thread-970#
[DetermineServiceCreateUpdateServiceActionsStep] Service parameters for service "capm-service-spa-workflow" will not be updated, as the parameters are not defined or empty.#
#2026 09 14 10:21:51.298#Z#DEBUG#16b25dd8-b026-11f1-940d-eeee0a931608.OPERATION#flowable-async-job-executor-thread-970#
Step "Determine update actions" finished#
#2026 09 14 10:21:51.370#Z#DEBUG#16b25dd8-b026-11f1-940d-eeee0a931608.OPERATION#flowable-async-job-executor-thread-971#
[CheckForServiceBindingOrKeyOperationStep] Executing task "CheckForServiceBindingOrKeyCreation" of process "19899a57-b026-11f1-ac30-eeee0a8f4439"...#
#2026 09 14 10:21:51.374#Z#DEBUG#16b25dd8-b026-11f1-940d-eeee0a931608.OPERATION#flowable-async-job-executor-thread-971#
Step "Check for service binding or key creation" finished#
#2026 09 14 10:21:51.283#Z#DEBUG#16b25dd8-b026-11f1-940d-eeee0a931608.OPERATION#flowable-async-job-executor-thread-1131#
[DetermineServiceCreateUpdateServiceActionsStep] Executing task "DetermineServiceCreateUpdateActionsTask" of process "19a95739-b026-11f1-940d-eeee0a931608"...#
#2026 09 14 10:21:51.285#Z#INFO#16b25dd8-b026-11f1-940d-eeee0a931608.OPERATION#flowable-async-job-executor-thread-1131#
[DetermineServiceCreateUpdateServiceActionsStep] Processing service "capm-service-db"...#
#2026 09 14 10:21:51.289#Z#DEBUG#16b25dd8-b026-11f1-940d-eeee0a931608.OPERATION#flowable-async-job-executor-thread-1131#
[DetermineServiceCreateUpdateServiceActionsStep] Getting service instance "capm-service-db"...#
#2026 09 14 10:21:51.389#Z#DEBUG#16b25dd8-b026-11f1-940d-eeee0a931608.OPERATION#flowable-async-job-executor-thread-1131#
[DetermineServiceCreateUpdateServiceActionsStep] Existing service: {
  "name" : "capm-service-db",
  "metadata" : {
    "guid" : "47a9cc1a-989e-4008-b793-11d76cbb2352",
    "createdAt" : [ 2026, 9, 10, 9, 43, 27 ],
    "updatedAt" : [ 2026, 9, 10, 9, 43, 27 ]
  },
  "v3Metadata" : {
    "annotations" : {
      "mta_id" : "capm-service",
      "mta_version" : "1.0.0",
      "mta_resource" : "{\"name\":\"capm-service-db\"}"
    },
    "labels" : {
      "mta_id" : "af60f329bdffcb9b92e7445332fe6ba2"
    }
  },
  "label" : "hana",
  "plan" : "hdi-shared",
  "credentials" : "********",
  "tags" : [ ],
  "type" : "managed",
  "lastOperation" : {
    "type" : "CREATE",
    "state" : "SUCCEEDED"
  }
}#
#2026 09 14 10:21:51.389#Z#WARN#16b25dd8-b026-11f1-940d-eeee0a931608.OPERATION#flowable-async-job-executor-thread-1131#
[DetermineServiceCreateUpdateServiceActionsStep] Service parameters for service "capm-service-db" will not be updated, as the parameters are not defined or empty.#
#2026 09 14 10:21:51.389#Z#DEBUG#16b25dd8-b026-11f1-940d-eeee0a931608.OPERATION#flowable-async-job-executor-thread-1131#
Step "Determine update actions" finished#
#2026 09 14 10:21:51.434#Z#DEBUG#16b25dd8-b026-11f1-940d-eeee0a931608.OPERATION#flowable-async-job-executor-thread-1131#
[CheckForServiceBindingOrKeyOperationStep] Executing task "CheckForServiceBindingOrKeyCreation" of process "19a95739-b026-11f1-940d-eeee0a931608"...#
#2026 09 14 10:21:51.435#Z#DEBUG#16b25dd8-b026-11f1-940d-eeee0a931608.OPERATION#flowable-async-job-executor-thread-1131#
Step "Check for service binding or key creation" finished#
#2026 09 14 10:21:53.980#Z#DEBUG#16b25dd8-b026-11f1-940d-eeee0a931608.OPERATION#flowable-async-job-executor-thread-966#
[CheckServiceOperationStateStep] Executing task "CheckServiceOperationStateTask" of process "1b584031-b026-11f1-ac30-eeee0a8f4439"...#
#2026 09 14 10:21:53.982#Z#DEBUG#16b25dd8-b026-11f1-940d-eeee0a931608.OPERATION#flowable-async-job-executor-thread-966#
[CheckServiceOperationStateStep] Getting service instance "capm-service-destination"...#
#2026 09 14 10:21:54.098#Z#DEBUG#16b25dd8-b026-11f1-940d-eeee0a931608.OPERATION#flowable-async-job-executor-thread-966#
Step "Check for service operations in Progress" finished#
#2026 09 14 10:21:54.160#Z#DEBUG#16b25dd8-b026-11f1-940d-eeee0a931608.OPERATION#flowable-async-job-executor-thread-969#
[DetermineServiceCreateUpdateServiceActionsStep] Executing task "DetermineServiceCreateUpdateActionsTask" of process "1b584031-b026-11f1-ac30-eeee0a8f4439"...#
#2026 09 14 10:21:54.164#Z#INFO#16b25dd8-b026-11f1-940d-eeee0a931608.OPERATION#flowable-async-job-executor-thread-969#
[DetermineServiceCreateUpdateServiceActionsStep] Processing service "capm-service-destination"...#
#2026 09 14 10:21:54.173#Z#DEBUG#16b25dd8-b026-11f1-940d-eeee0a931608.OPERATION#flowable-async-job-executor-thread-969#
[DetermineServiceCreateUpdateServiceActionsStep] Getting service instance "capm-service-destination"...#
#2026 09 14 10:21:54.286#Z#DEBUG#16b25dd8-b026-11f1-940d-eeee0a931608.OPERATION#flowable-async-job-executor-thread-969#
[DetermineServiceCreateUpdateServiceActionsStep] Existing service: {
  "name" : "capm-service-destination",
  "metadata" : {
    "guid" : "fcec4849-0b10-4503-826e-49b58e462f8a",
    "createdAt" : [ 2026, 9, 14, 9, 31, 35 ],
    "updatedAt" : [ 2026, 9, 14, 9, 31, 36 ]
  },
  "v3Metadata" : {
    "annotations" : {
      "mta_id" : "capm-service",
      "mta_version" : "1.0.0",
      "mta_resource" : "{\"name\":\"capm-service-destination\"}"
    },
    "labels" : {
      "mta_id" : "af60f329bdffcb9b92e7445332fe6ba2"
    }
  },
  "label" : "destination",
  "plan" : "lite",
  "credentials" : "********",
  "tags" : [ ],
  "type" : "managed",
  "lastOperation" : {
    "type" : "CREATE",
    "description" : "",
    "state" : "SUCCEEDED"
  }
}#
#2026 09 14 10:21:54.286#Z#WARN#16b25dd8-b026-11f1-940d-eeee0a931608.OPERATION#flowable-async-job-executor-thread-969#
[DetermineServiceCreateUpdateServiceActionsStep] Service parameters for service "capm-service-destination" will not be updated, as the parameters are not defined or empty.#
#2026 09 14 10:21:54.286#Z#DEBUG#16b25dd8-b026-11f1-940d-eeee0a931608.OPERATION#flowable-async-job-executor-thread-969#
Step "Determine update actions" finished#
#2026 09 14 10:21:54.344#Z#DEBUG#16b25dd8-b026-11f1-940d-eeee0a931608.OPERATION#flowable-async-job-executor-thread-969#
[CheckForServiceBindingOrKeyOperationStep] Executing task "CheckForServiceBindingOrKeyCreation" of process "1b584031-b026-11f1-ac30-eeee0a8f4439"...#
#2026 09 14 10:21:54.346#Z#DEBUG#16b25dd8-b026-11f1-940d-eeee0a931608.OPERATION#flowable-async-job-executor-thread-969#
Step "Check for service binding or key creation" finished#
#2026 09 14 10:22:01.817#Z#DEBUG#16b25dd8-b026-11f1-940d-eeee0a931608.OPERATION#flowable-async-job-executor-thread-1135#
[UpdateServiceParametersStep] Executing task "UpdateServiceParametersTask" of process "17ef98ef-b026-11f1-940d-eeee0a931608"...#
#2026 09 14 10:22:01.818#Z#DEBUG#16b25dd8-b026-11f1-940d-eeee0a931608.OPERATION#flowable-async-job-executor-thread-1135#
[UpdateServiceParametersStep] Polling service operations...#
#2026 09 14 10:22:01.822#Z#DEBUG#16b25dd8-b026-11f1-940d-eeee0a931608.OPERATION#flowable-async-job-executor-thread-1135#
[UpdateServiceParametersStep] Getting service instance "capm-service-auth"...#
#2026 09 14 10:22:01.993#Z#WARN#16b25dd8-b026-11f1-940d-eeee0a931608.OPERATION#flowable-async-job-executor-thread-1135#
[UpdateServiceParametersStep] Updating service "capm-service-auth" failed: Error updating application capm-service!t703174 (Cannot change AppId with update. Old AppId: capm-service-ab417575trial-dev!t703174 New AppId: capm-service!t703174)#
#2026 09 14 10:22:01.998#Z#DEBUG#16b25dd8-b026-11f1-940d-eeee0a931608.OPERATION#flowable-async-job-executor-thread-1135#
[UpdateServiceParametersStep] Last operation for service "capm-service-auth": {
  "type" : "UPDATE",
  "description" : "Error updating application capm-service!t703174 (Cannot change AppId with update. Old AppId: capm-service-ab417575trial-dev!t703174 New AppId: capm-service!t703174)",
  "state" : "SUCCEEDED"
}#
#2026 09 14 10:22:01.998#Z#DEBUG#16b25dd8-b026-11f1-940d-eeee0a931608.OPERATION#flowable-async-job-executor-thread-1135#
[UpdateServiceParametersStep] Service "capm-service-auth" updated#
#2026 09 14 10:22:01.999#Z#INFO#16b25dd8-b026-11f1-940d-eeee0a931608.OPERATION#flowable-async-job-executor-thread-1135#
[UpdateServiceParametersStep] 1 of 1 done#
#2026 09 14 10:22:02.004#Z#DEBUG#16b25dd8-b026-11f1-940d-eeee0a931608.OPERATION#flowable-async-job-executor-thread-1135#
[UpdateServiceParametersStep] Remaining services to poll: [ ]#
#2026 09 14 10:22:02.005#Z#DEBUG#16b25dd8-b026-11f1-940d-eeee0a931608.OPERATION#flowable-async-job-executor-thread-1135#
Step "Update parameters" finished#
#2026 09 14 10:22:02.301#Z#DEBUG#16b25dd8-b026-11f1-940d-eeee0a931608.OPERATION#flowable-async-job-executor-thread-1140#
[PrepareModulesDeploymentStep] Executing task "prepareModulesDeploymentTask" of process "204dee3d-b026-11f1-940d-eeee0a931608"...#
#2026 09 14 10:22:02.302#Z#DEBUG#16b25dd8-b026-11f1-940d-eeee0a931608.OPERATION#flowable-async-job-executor-thread-1140#
[PrepareModulesDeploymentStep] Preparing modules deployment...#
#2026 09 14 10:22:02.308#Z#DEBUG#16b25dd8-b026-11f1-940d-eeee0a931608.OPERATION#flowable-async-job-executor-thread-1140#
Step "Prepare Modules Deployment" finished#
#2026 09 14 10:22:02.455#Z#DEBUG#16b25dd8-b026-11f1-940d-eeee0a931608.OPERATION#flowable-async-job-executor-thread-1140#
[ProcessDescriptorStep] Executing task "reprocessDescriptorTask" of process "206399ce-b026-11f1-940d-eeee0a931608"...#
#2026 09 14 10:22:02.456#Z#DEBUG#16b25dd8-b026-11f1-940d-eeee0a931608.OPERATION#flowable-async-job-executor-thread-1140#
[ProcessDescriptorStep] Resolving properties and parameters in merged descriptor...#
#2026 09 14 10:22:02.459#Z#DEBUG#16b25dd8-b026-11f1-940d-eeee0a931608.OPERATION#flowable-async-job-executor-thread-1140#
[ProcessDescriptorStep] Subscriptions: [ ]#
#2026 09 14 10:22:02.467#Z#DEBUG#16b25dd8-b026-11f1-940d-eeee0a931608.OPERATION#flowable-async-job-executor-thread-1140#
[ProcessDescriptorStep] MTA modules: [capm-service-db-deployer, capm-service-srv]#
#2026 09 14 10:22:02.470#Z#DEBUG#16b25dd8-b026-11f1-940d-eeee0a931608.OPERATION#flowable-async-job-executor-thread-1140#
[ProcessDescriptorStep] Resolved deployment descriptor: {
  "majorSchemaVersion" : 3,
  "schemaVersion" : "3.3.0",
  "id" : "capm-service",
  "version" : "1.0.0",
  "modules" : [ {
    "majorSchemaVersion" : 3,
    "name" : "capm-service-srv",
    "type" : "javascript.nodejs",
    "path" : "capm-service-srv",
    "properties" : { },
    "parameters" : {
      "default-url" : "https://ab417575trial-dev-capm-service-srv.cfapps.us10-001.hana.ondemand.com",
      "default-app-name" : "capm-service-srv",
      "generated-password" : "********",
      "default-live-url" : "https://ab417575trial-dev-capm-service-srv.cfapps.us10-001.hana.ondemand.com",
      "default-uri" : "ab417575trial-dev-capm-service-srv.cfapps.us10-001.hana.ondemand.com",
      "memory" : "256M",
      "default-instances" : 1,
      "default-live-host" : "ab417575trial-dev-capm-service-srv",
      "instances" : 1,
      "buildpack" : "nodejs_buildpack",
      "default-host" : "ab417575trial-dev-capm-service-srv",
      "app-name" : "capm-service-srv",
      "default-live-uri" : "ab417575trial-dev-capm-service-srv.cfapps.us10-001.hana.ondemand.com",
      "protocol" : "https",
      "default-live-app-name" : "capm-service-srv",
      "default-live-domain" : "cfapps.us10-001.hana.ondemand.com",
      "domain" : "cfapps.us10-001.hana.ondemand.com",
      "host" : "ab417575trial-dev-capm-service-srv",
      "generated-user" : "********"
    },
    "requiredDependencies" : [ {
      "majorSchemaVersion" : 3,
      "name" : "capm-service-db",
      "properties" : { },
      "parameters" : { },
      "propertiesMetadata" : {
        "metadata" : { }
      },
      "parametersMetadata" : {
        "metadata" : { }
      }
    }, {
      "majorSchemaVersion" : 3,
      "name" : "********",
      "properties" : { },
      "parameters" : { },
      "propertiesMetadata" : {
        "metadata" : { }
      },
      "parametersMetadata" : {
        "metadata" : { }
      }
    }, {
      "majorSchemaVersion" : 3,
      "name" : "capm-service-destination",
      "properties" : { },
      "parameters" : { },
      "propertiesMetadata" : {
        "metadata" : { }
      },
      "parametersMetadata" : {
        "metadata" : { }
      }
    }, {
      "majorSchemaVersion" : 3,
      "name" : "capm-service-spa-workflow",
      "properties" : { },
      "parameters" : { },
      "propertiesMetadata" : {
        "metadata" : { }
      },
      "parametersMetadata" : {
        "metadata" : { }
      }
    } ],
    "providedDependencies" : [ {
      "majorSchemaVersion" : 3,
      "name" : "srv-api",
      "isPublic" : false,
      "properties" : {
        "srv-url" : "https://ab417575trial-dev-capm-service-srv.cfapps.us10-001.hana.ondemand.com"
      },
      "parameters" : { },
      "propertiesMetadata" : {
        "metadata" : { }
      },
      "parametersMetadata" : {
        "metadata" : { }
      }
    }, {
      "majorSchemaVersion" : 3,
      "name" : "capm-service-srv",
      "isPublic" : false,
      "properties" : { },
      "parameters" : { },
      "propertiesMetadata" : {
        "metadata" : { }
      },
      "parametersMetadata" : {
        "metadata" : { }
      }
    } ],
    "propertiesMetadata" : {
      "metadata" : { }
    },
    "parametersMetadata" : {
      "metadata" : { }
    },
    "hooks" : [ ]
  }, {
    "majorSchemaVersion" : 3,
    "name" : "capm-service-db-deployer",
    "type" : "com.sap.xs.hdi",
    "path" : "capm-service-db-deployer",
    "properties" : {
      "EXIT" : 1
    },
    "parameters" : {
      "default-url" : "https://ab417575trial-dev-capm-service-db-deployer.cfapps.us10-001.hana.ondemand.com",
      "default-app-name" : "capm-service-db-deployer",
      "generated-password" : "********",
      "default-live-url" : "https://ab417575trial-dev-capm-service-db-deployer.cfapps.us10-001.hana.ondemand.com",
      "default-uri" : "ab417575trial-dev-capm-service-db-deployer.cfapps.us10-001.hana.ondemand.com",
      "memory" : "256M",
      "default-instances" : 1,
      "no-route" : true,
      "default-live-host" : "ab417575trial-dev-capm-service-db-deployer",
      "instances" : 1,
      "buildpack" : "nodejs_buildpack",
      "default-host" : "ab417575trial-dev-capm-service-db-deployer",
      "app-name" : "capm-service-db-deployer",
      "default-live-uri" : "ab417575trial-dev-capm-service-db-deployer.cfapps.us10-001.hana.ondemand.com",
      "protocol" : "https",
      "default-live-app-name" : "capm-service-db-deployer",
      "default-live-domain" : "cfapps.us10-001.hana.ondemand.com",
      "dependency-type" : "hard",
      "domain" : "cfapps.us10-001.hana.ondemand.com",
      "host" : "ab417575trial-dev-capm-service-db-deployer",
      "generated-user" : "********",
      "tasks" : [ {
        "command" : "npm start",
        "memory" : "256M",
        "name" : "deploy"
      } ],
      "no-start" : true
    },
    "requiredDependencies" : [ {
      "majorSchemaVersion" : 3,
      "name" : "capm-service-db",
      "properties" : { },
      "parameters" : { },
      "propertiesMetadata" : {
        "metadata" : { }
      },
      "parametersMetadata" : {
        "metadata" : { }
      }
    } ],
    "providedDependencies" : [ {
      "majorSchemaVersion" : 3,
      "name" : "capm-service-db-deployer",
      "isPublic" : false,
      "properties" : { },
      "parameters" : { },
      "propertiesMetadata" : {
        "metadata" : { }
      },
      "parametersMetadata" : {
        "metadata" : { }
      }
    } ],
    "propertiesMetadata" : {
      "metadata" : { }
    },
    "parametersMetadata" : {
      "metadata" : { }
    },
    "hooks" : [ ]
  } ],
  "resources" : [ {
    "majorSchemaVersion" : 3,
    "name" : "capm-service-db",
    "type" : "com.sap.xs.hdi-container",
    "properties" : { },
    "parameters" : {
      "generated-password" : "********",
      "service-name" : "capm-service-db",
      "service-plan" : "hdi-shared",
      "service" : "hana",
      "generated-user" : "********",
      "default-xsappname" : "capm-service-db",
      "type" : "managed-service",
      "default-service-name" : "capm-service-db",
      "default-container-name" : "AB417575TRIAL_DEV_CAPM_SERVICE_DB"
    },
    "isActive" : true,
    "isOptional" : false,
    "propertiesMetadata" : {
      "metadata" : { }
    },
    "parametersMetadata" : {
      "metadata" : { }
    },
    "requiredDependencies" : [ ],
    "processedAfter" : [ ]
  }, {
    "majorSchemaVersion" : 3,
    "name" : "********",
    "type" : "org.cloudfoundry.managed-service",
    "properties" : { },
    "parameters" : {
      "generated-password" : "********",
      "path" : "xs-security.json",
      "service-name" : "********",
      "service-plan" : "application",
      "service" : "xsuaa",
      "generated-user" : "********",
      "default-xsappname" : "********",
      "type" : "managed-service",
      "default-service-name" : "********",
      "default-container-name" : "********"
    },
    "isActive" : true,
    "isOptional" : false,
    "propertiesMetadata" : {
      "metadata" : { }
    },
    "parametersMetadata" : {
      "metadata" : { }
    },
    "requiredDependencies" : [ ],
    "processedAfter" : [ ]
  }, {
    "majorSchemaVersion" : 3,
    "name" : "capm-service-destination",
    "type" : "org.cloudfoundry.managed-service",
    "properties" : { },
    "parameters" : {
      "generated-password" : "********",
      "service-name" : "capm-service-destination",
      "service-plan" : "lite",
      "service" : "destination",
      "generated-user" : "********",
      "default-xsappname" : "capm-service-destination",
      "type" : "managed-service",
      "default-service-name" : "capm-service-destination",
      "default-container-name" : "AB417575TRIAL_DEV_CAPM_SERVICE_DESTINATION"
    },
    "isActive" : true,
    "isOptional" : false,
    "propertiesMetadata" : {
      "metadata" : { }
    },
    "parametersMetadata" : {
      "metadata" : { }
    },
    "requiredDependencies" : [ ],
    "processedAfter" : [ ]
  }, {
    "majorSchemaVersion" : 3,
    "name" : "capm-service-spa-workflow",
    "type" : "org.cloudfoundry.managed-service",
    "properties" : { },
    "parameters" : {
      "generated-password" : "********",
      "service-name" : "capm-service-spa-workflow",
      "service-plan" : "standard",
      "service" : "process-automation-service",
      "generated-user" : "********",
      "default-xsappname" : "capm-service-spa-workflow",
      "type" : "managed-service",
      "default-service-name" : "capm-service-spa-workflow",
      "default-container-name" : "AB417575TRIAL_DEV_CAPM_SERVICE_SPA_WORKFLOW"
    },
    "isActive" : true,
    "isOptional" : false,
    "propertiesMetadata" : {
      "metadata" : { }
    },
    "parametersMetadata" : {
      "metadata" : { }
    },
    "requiredDependencies" : [ ],
    "processedAfter" : [ ]
  } ],
  "parameters" : {
    "mta-id" : "capm-service",
    "authorization-url" : "********",
    "org-guid" : "06d1c646-2b36-4a95-9166-dd9f50eeb7f9",
    "org" : "ab417575trial",
    "deploy-target" : "ab417575trial dev",
    "region-primary-domain" : "us10.hana.ondemand.com",
    "space" : "dev",
    "region-domain" : "us10-001.hana.ondemand.com",
    "xs-api-url" : "https://api.cf.us10-001.hana.ondemand.com",
    "deploy-url" : "deploy-service.cfapps.us10-001.hana.ondemand.com",
    "xs-type" : "CF",
    "default-domain" : "cfapps.us10-001.hana.ondemand.com",
    "mta-version" : "1.0.0",
    "xs-auth-url" : "********",
    "space-guid" : "583b4ec9-26f7-49b3-a891-378694e7062d",
    "user" : "********",
    "controller-url" : "https://api.cf.us10-001.hana.ondemand.com",
    "timestamp" : "20260914102146"
  },
  "parametersMetadata" : {
    "metadata" : { }
  }
}#
#2026 09 14 10:22:02.470#Z#DEBUG#16b25dd8-b026-11f1-940d-eeee0a931608.OPERATION#flowable-async-job-executor-thread-1140#
[ProcessDescriptorStep] Merged descriptor properties and parameters resolved#
#2026 09 14 10:22:02.470#Z#DEBUG#16b25dd8-b026-11f1-940d-eeee0a931608.OPERATION#flowable-async-job-executor-thread-1140#
Step "Re-Process Descriptor Step" finished#
#2026 09 14 10:22:02.506#Z#DEBUG#16b25dd8-b026-11f1-940d-eeee0a931608.OPERATION#flowable-async-job-executor-thread-1140#
[BuildApplicationDeployModelStep] Executing task "buildApplicationDeployModelTask" of process "206399ce-b026-11f1-940d-eeee0a931608"...#
#2026 09 14 10:22:02.509#Z#DEBUG#16b25dd8-b026-11f1-940d-eeee0a931608.OPERATION#flowable-async-job-executor-thread-1140#
[BuildApplicationDeployModelStep] Building cloud deployment model for application "capm-service-srv"...#
#2026 09 14 10:22:02.514#Z#DEBUG#16b25dd8-b026-11f1-940d-eeee0a931608.OPERATION#flowable-async-job-executor-thread-1140#
[BuildApplicationDeployModelStep] No health-check-type is specified. Setting default type: port#
#2026 09 14 10:22:02.515#Z#INFO#16b25dd8-b026-11f1-940d-eeee0a931608.OPERATION#flowable-async-job-executor-thread-1140#
[BuildApplicationDeployModelStep] Building configuration entries for org ab417575trial, space dev, spaceId 583b4ec9-26f7-49b3-a891-378694e7062d and namespace null!#
#2026 09 14 10:22:02.516#Z#DEBUG#16b25dd8-b026-11f1-940d-eeee0a931608.OPERATION#flowable-async-job-executor-thread-1140#
[BuildApplicationDeployModelStep] Configuration entries to publish: [ ]#
#2026 09 14 10:22:02.516#Z#DEBUG#16b25dd8-b026-11f1-940d-eeee0a931608.OPERATION#flowable-async-job-executor-thread-1140#
[BuildApplicationDeployModelStep] Cloud deployment model for application built#
#2026 09 14 10:22:02.516#Z#DEBUG#16b25dd8-b026-11f1-940d-eeee0a931608.OPERATION#flowable-async-job-executor-thread-1140#
Step "Build Application Deploy Model" finished#
#2026 09 14 10:22:02.560#Z#DEBUG#16b25dd8-b026-11f1-940d-eeee0a931608.OPERATION#flowable-async-job-executor-thread-1140#
[CreateOrUpdateAppStep] Executing task "createAppTask" of process "206399ce-b026-11f1-940d-eeee0a931608"...#
#2026 09 14 10:22:02.562#Z#DEBUG#16b25dd8-b026-11f1-940d-eeee0a931608.OPERATION#flowable-async-job-executor-thread-1140#
[CreateOrUpdateAppStep] Getting application "capm-service-srv"...#
#2026 09 14 10:22:02.593#Z#INFO#16b25dd8-b026-11f1-940d-eeee0a931608.OPERATION#flowable-async-job-executor-thread-1140#
[CreateOrUpdateAppStep] Updating application "capm-service-srv"...#
#2026 09 14 10:22:02.599#Z#DEBUG#16b25dd8-b026-11f1-940d-eeee0a931608.OPERATION#flowable-async-job-executor-thread-1140#
[CreateOrUpdateAppStep] Getting process for application "0633157c-47cd-4e1d-a58c-3252fa278ffe"...#
#2026 09 14 10:22:02.632#Z#DEBUG#16b25dd8-b026-11f1-940d-eeee0a931608.OPERATION#flowable-async-job-executor-thread-1140#
[CreateOrUpdateAppStep] Getting routes for application "0633157c-47cd-4e1d-a58c-3252fa278ffe"...#
#2026 09 14 10:22:02.667#Z#DEBUG#16b25dd8-b026-11f1-940d-eeee0a931608.OPERATION#flowable-async-job-executor-thread-1140#
[CreateOrUpdateAppStep] Getting features for application "0633157c-47cd-4e1d-a58c-3252fa278ffe"#
#2026 09 14 10:22:02.689#Z#DEBUG#16b25dd8-b026-11f1-940d-eeee0a931608.OPERATION#flowable-async-job-executor-thread-1140#
[CreateOrUpdateAppStep] Updating staging of application "capm-service-srv" to: {
  "buildpacks" : [ "nodejs_buildpack" ],
  "healthCheckType" : "port",
  "appFeatures" : { }
}#
#2026 09 14 10:22:02.880#Z#DEBUG#16b25dd8-b026-11f1-940d-eeee0a931608.OPERATION#flowable-async-job-executor-thread-1140#
[CreateOrUpdateAppStep] Application "capm-service-srv" updated#
#2026 09 14 10:22:02.880#Z#DEBUG#16b25dd8-b026-11f1-940d-eeee0a931608.OPERATION#flowable-async-job-executor-thread-1140#
[CreateOrUpdateAppStep] Getting environment of application "0633157c-47cd-4e1d-a58c-3252fa278ffe"...#
#2026 09 14 10:22:02.955#Z#DEBUG#16b25dd8-b026-11f1-940d-eeee0a931608.OPERATION#flowable-async-job-executor-thread-1140#
[CreateOrUpdateAppStep] Application "capm-service-srv" updated#
#2026 09 14 10:22:02.955#Z#DEBUG#16b25dd8-b026-11f1-940d-eeee0a931608.OPERATION#flowable-async-job-executor-thread-1140#
Step "Create App" finished#
#2026 09 14 10:22:03.059#Z#DEBUG#16b25dd8-b026-11f1-940d-eeee0a931608.OPERATION#flowable-async-job-executor-thread-1140#
[CheckServiceBindingOperationStep] Executing task "checkForServiceBindingOperationInProgress" of process "20c456d1-b026-11f1-940d-eeee0a931608"...#
#2026 09 14 10:22:03.060#Z#DEBUG#16b25dd8-b026-11f1-940d-eeee0a931608.OPERATION#flowable-async-job-executor-thread-1140#
[CheckServiceBindingOperationStep] Checking for service binding operation in progress between app "capm-service-srv" and service instance "capm-service-db"#
#2026 09 14 10:22:03.061#Z#DEBUG#16b25dd8-b026-11f1-940d-eeee0a931608.OPERATION#flowable-async-job-executor-thread-1140#
[CheckServiceBindingOperationStep] Getting application guid "capm-service-srv"...#
#2026 09 14 10:22:03.099#Z#DEBUG#16b25dd8-b026-11f1-940d-eeee0a931608.OPERATION#flowable-async-job-executor-thread-1140#
[CheckServiceBindingOperationStep] Getting GUID of required service instance "capm-service-db"...#
#2026 09 14 10:22:03.122#Z#DEBUG#16b25dd8-b026-11f1-940d-eeee0a931608.OPERATION#flowable-async-job-executor-thread-1136#
[CheckServiceBindingOperationStep] Executing task "checkForServiceBindingOperationInProgress" of process "20cc945c-b026-11f1-940d-eeee0a931608"...#
#2026 09 14 10:22:03.123#Z#DEBUG#16b25dd8-b026-11f1-940d-eeee0a931608.OPERATION#flowable-async-job-executor-thread-1136#
[CheckServiceBindingOperationStep] Checking for service binding operation in progress between app "capm-service-srv" and service instance "capm-service-spa-workflow"#
#2026 09 14 10:22:03.124#Z#DEBUG#16b25dd8-b026-11f1-940d-eeee0a931608.OPERATION#flowable-async-job-executor-thread-1136#
[CheckServiceBindingOperationStep] Getting application guid "capm-service-srv"...#
#2026 09 14 10:22:03.126#Z#DEBUG#16b25dd8-b026-11f1-940d-eeee0a931608.OPERATION#flowable-async-job-executor-thread-1140#
[CheckServiceBindingOperationStep] Getting binding of service instance "47a9cc1a-989e-4008-b793-11d76cbb2352" with application "0633157c-47cd-4e1d-a58c-3252fa278ffe"...#
#2026 09 14 10:22:03.148#Z#DEBUG#16b25dd8-b026-11f1-940d-eeee0a931608.OPERATION#flowable-async-job-executor-thread-1136#
[CheckServiceBindingOperationStep] Getting GUID of required service instance "capm-service-spa-workflow"...#
#2026 09 14 10:22:03.154#Z#DEBUG#16b25dd8-b026-11f1-940d-eeee0a931608.OPERATION#flowable-async-job-executor-thread-1140#
[CheckServiceBindingOperationStep] Service binding operation "79f40c3a-9924-45fc-8488-ba3333efebb7" with type "create" is in state "succeeded"#
#2026 09 14 10:22:03.154#Z#DEBUG#16b25dd8-b026-11f1-940d-eeee0a931608.OPERATION#flowable-async-job-executor-thread-1140#
Step "Check For Service Binding Operation In Progress" finished#
#2026 09 14 10:22:03.171#Z#DEBUG#16b25dd8-b026-11f1-940d-eeee0a931608.OPERATION#flowable-async-job-executor-thread-1136#
[CheckServiceBindingOperationStep] Getting binding of service instance "b3801c8c-5a92-4041-8d53-a002c0004912" with application "0633157c-47cd-4e1d-a58c-3252fa278ffe"...#
#2026 09 14 10:22:03.187#Z#DEBUG#16b25dd8-b026-11f1-940d-eeee0a931608.OPERATION#flowable-async-job-executor-thread-1135#
[CheckServiceBindingOperationStep] Executing task "checkForServiceBindingOperationInProgress" of process "20d5bc47-b026-11f1-940d-eeee0a931608"...#
#2026 09 14 10:22:03.188#Z#DEBUG#16b25dd8-b026-11f1-940d-eeee0a931608.OPERATION#flowable-async-job-executor-thread-1135#
[CheckServiceBindingOperationStep] Checking for service binding operation in progress between app "capm-service-srv" and service instance "capm-service-auth"#
#2026 09 14 10:22:03.189#Z#DEBUG#16b25dd8-b026-11f1-940d-eeee0a931608.OPERATION#flowable-async-job-executor-thread-1135#
[CheckServiceBindingOperationStep] Getting application guid "capm-service-srv"...#
#2026 09 14 10:22:03.202#Z#DEBUG#16b25dd8-b026-11f1-940d-eeee0a931608.OPERATION#flowable-async-job-executor-thread-1136#
[CheckServiceBindingOperationStep] Service binding operation "cee18eed-6bba-4f8d-8707-fea4e27a2c02" with type "create" is in state "succeeded"#
#2026 09 14 10:22:03.202#Z#DEBUG#16b25dd8-b026-11f1-940d-eeee0a931608.OPERATION#flowable-async-job-executor-thread-1136#
Step "Check For Service Binding Operation In Progress" finished#
#2026 09 14 10:22:03.217#Z#DEBUG#16b25dd8-b026-11f1-940d-eeee0a931608.OPERATION#flowable-async-job-executor-thread-1135#
[CheckServiceBindingOperationStep] Getting GUID of required service instance "capm-service-auth"...#
#2026 09 14 10:22:03.256#Z#DEBUG#16b25dd8-b026-11f1-940d-eeee0a931608.OPERATION#flowable-async-job-executor-thread-1135#
[CheckServiceBindingOperationStep] Getting binding of service instance "a1bed4fc-6fd9-4cc3-b974-fc23e68b5d5a" with application "0633157c-47cd-4e1d-a58c-3252fa278ffe"...#
#2026 09 14 10:22:03.287#Z#DEBUG#16b25dd8-b026-11f1-940d-eeee0a931608.OPERATION#flowable-async-job-executor-thread-1135#
[CheckServiceBindingOperationStep] Service binding operation "a82f11bd-c06e-42e7-889b-dbda90217871" with type "create" is in state "succeeded"#
#2026 09 14 10:22:03.287#Z#DEBUG#16b25dd8-b026-11f1-940d-eeee0a931608.OPERATION#flowable-async-job-executor-thread-1135#
Step "Check For Service Binding Operation In Progress" finished#
#2026 09 14 10:22:03.199#Z#DEBUG#16b25dd8-b026-11f1-940d-eeee0a931608.OPERATION#flowable-async-job-executor-thread-1140#
[DetermineApplicationServiceBindingActionsStep] Executing task "determineApplicationServiceBindingActionsTask" of process "20c456d1-b026-11f1-940d-eeee0a931608"...#
#2026 09 14 10:22:03.201#Z#DEBUG#16b25dd8-b026-11f1-940d-eeee0a931608.OPERATION#flowable-async-job-executor-thread-1140#
[DetermineApplicationServiceBindingActionsStep] Determine bind/unbind operations of application "capm-service-srv" to service instance "capm-service-db"#
#2026 09 14 10:22:03.201#Z#DEBUG#16b25dd8-b026-11f1-940d-eeee0a931608.OPERATION#flowable-async-job-executor-thread-1140#
[DetermineApplicationServiceBindingActionsStep] Getting application "capm-service-srv"...#
#2026 09 14 10:22:03.228#Z#DEBUG#16b25dd8-b026-11f1-940d-eeee0a931608.OPERATION#flowable-async-job-executor-thread-1140#
[DetermineApplicationServiceBindingActionsStep] Binding parameters for application "capm-service-srv": { }#
#2026 09 14 10:22:03.259#Z#DEBUG#16b25dd8-b026-11f1-940d-eeee0a931608.OPERATION#flowable-async-job-executor-thread-1136#
[DetermineApplicationServiceBindingActionsStep] Executing task "determineApplicationServiceBindingActionsTask" of process "20cc945c-b026-11f1-940d-eeee0a931608"...#
#2026 09 14 10:22:03.261#Z#DEBUG#16b25dd8-b026-11f1-940d-eeee0a931608.OPERATION#flowable-async-job-executor-thread-1140#
[DetermineApplicationServiceBindingActionsStep] Check should rebind application "capm-service-srv" and service instance "capm-service-db"#
#2026 09 14 10:22:03.261#Z#DEBUG#16b25dd8-b026-11f1-940d-eeee0a931608.OPERATION#flowable-async-job-executor-thread-1140#
[DetermineApplicationServiceBindingActionsStep] Getting GUID of required service instance "capm-service-db"...#
#2026 09 14 10:22:03.262#Z#DEBUG#16b25dd8-b026-11f1-940d-eeee0a931608.OPERATION#flowable-async-job-executor-thread-1136#
[DetermineApplicationServiceBindingActionsStep] Determine bind/unbind operations of application "capm-service-srv" to service instance "capm-service-spa-workflow"#
#2026 09 14 10:22:03.262#Z#DEBUG#16b25dd8-b026-11f1-940d-eeee0a931608.OPERATION#flowable-async-job-executor-thread-1136#
[DetermineApplicationServiceBindingActionsStep] Getting application "capm-service-srv"...#
#2026 09 14 10:22:03.284#Z#DEBUG#16b25dd8-b026-11f1-940d-eeee0a931608.OPERATION#flowable-async-job-executor-thread-1140#
[DetermineApplicationServiceBindingActionsStep] Getting binding of service instance "47a9cc1a-989e-4008-b793-11d76cbb2352" with application "0633157c-47cd-4e1d-a58c-3252fa278ffe"...#
#2026 09 14 10:22:03.297#Z#DEBUG#16b25dd8-b026-11f1-940d-eeee0a931608.OPERATION#flowable-async-job-executor-thread-1136#
[DetermineApplicationServiceBindingActionsStep] Binding parameters for application "capm-service-srv": { }#
#2026 09 14 10:22:03.315#Z#DEBUG#16b25dd8-b026-11f1-940d-eeee0a931608.OPERATION#flowable-async-job-executor-thread-1140#
[DetermineApplicationServiceBindingActionsStep] Getting parameters of service binding "79f40c3a-9924-45fc-8488-ba3333efebb7"...#
#2026 09 14 10:22:03.325#Z#DEBUG#16b25dd8-b026-11f1-940d-eeee0a931608.OPERATION#flowable-async-job-executor-thread-1139#
[DetermineApplicationServiceBindingActionsStep] Executing task "determineApplicationServiceBindingActionsTask" of process "20d5bc47-b026-11f1-940d-eeee0a931608"...#
#2026 09 14 10:22:03.327#Z#DEBUG#16b25dd8-b026-11f1-940d-eeee0a931608.OPERATION#flowable-async-job-executor-thread-1139#
[DetermineApplicationServiceBindingActionsStep] Determine bind/unbind operations of application "capm-service-srv" to service instance "capm-service-auth"#
#2026 09 14 10:22:03.327#Z#DEBUG#16b25dd8-b026-11f1-940d-eeee0a931608.OPERATION#flowable-async-job-executor-thread-1139#
[DetermineApplicationServiceBindingActionsStep] Getting application "capm-service-srv"...#
#2026 09 14 10:22:03.329#Z#DEBUG#16b25dd8-b026-11f1-940d-eeee0a931608.OPERATION#flowable-async-job-executor-thread-1136#
[DetermineApplicationServiceBindingActionsStep] Check should rebind application "capm-service-srv" and service instance "capm-service-spa-workflow"#
#2026 09 14 10:22:03.329#Z#DEBUG#16b25dd8-b026-11f1-940d-eeee0a931608.OPERATION#flowable-async-job-executor-thread-1136#
[DetermineApplicationServiceBindingActionsStep] Getting GUID of required service instance "capm-service-spa-workflow"...#
#2026 09 14 10:22:03.353#Z#DEBUG#16b25dd8-b026-11f1-940d-eeee0a931608.OPERATION#flowable-async-job-executor-thread-1139#
[DetermineApplicationServiceBindingActionsStep] Binding parameters for application "capm-service-srv": { }#
#2026 09 14 10:22:03.359#Z#DEBUG#16b25dd8-b026-11f1-940d-eeee0a931608.OPERATION#flowable-async-job-executor-thread-1136#
[DetermineApplicationServiceBindingActionsStep] Getting binding of service instance "b3801c8c-5a92-4041-8d53-a002c0004912" with application "0633157c-47cd-4e1d-a58c-3252fa278ffe"...#
#2026 09 14 10:22:03.387#Z#DEBUG#16b25dd8-b026-11f1-940d-eeee0a931608.OPERATION#flowable-async-job-executor-thread-1136#
[DetermineApplicationServiceBindingActionsStep] Getting parameters of service binding "cee18eed-6bba-4f8d-8707-fea4e27a2c02"...#
#2026 09 14 10:22:03.390#Z#DEBUG#16b25dd8-b026-11f1-940d-eeee0a931608.OPERATION#flowable-async-job-executor-thread-1139#
[DetermineApplicationServiceBindingActionsStep] Check should rebind application "capm-service-srv" and service instance "capm-service-auth"#
#2026 09 14 10:22:03.390#Z#DEBUG#16b25dd8-b026-11f1-940d-eeee0a931608.OPERATION#flowable-async-job-executor-thread-1139#
[DetermineApplicationServiceBindingActionsStep] Getting GUID of required service instance "capm-service-auth"...#
#2026 09 14 10:22:03.410#Z#WARN#16b25dd8-b026-11f1-940d-eeee0a931608.OPERATION#flowable-async-job-executor-thread-1136#
[DetermineApplicationServiceBindingActionsStep] Cannot retrieve parameters of binding between application "capm-service-srv" and service instance "capm-service-spa-workflow"#
#2026 09 14 10:22:03.412#Z#DEBUG#16b25dd8-b026-11f1-940d-eeee0a931608.OPERATION#flowable-async-job-executor-thread-1136#
[DetermineApplicationServiceBindingActionsStep] Calculated binding operations between application "capm-service-srv" and service instance "capm-service-spa-workflow": unbind - true bind - true#
#2026 09 14 10:22:03.412#Z#DEBUG#16b25dd8-b026-11f1-940d-eeee0a931608.OPERATION#flowable-async-job-executor-thread-1136#
Step "Determine Application Service Binding Actions" finished#
#2026 09 14 10:22:03.423#Z#DEBUG#16b25dd8-b026-11f1-940d-eeee0a931608.OPERATION#flowable-async-job-executor-thread-1139#
[DetermineApplicationServiceBindingActionsStep] Getting binding of service instance "a1bed4fc-6fd9-4cc3-b974-fc23e68b5d5a" with application "0633157c-47cd-4e1d-a58c-3252fa278ffe"...#
#2026 09 14 10:22:03.456#Z#DEBUG#16b25dd8-b026-11f1-940d-eeee0a931608.OPERATION#flowable-async-job-executor-thread-1139#
[DetermineApplicationServiceBindingActionsStep] Getting parameters of service binding "a82f11bd-c06e-42e7-889b-dbda90217871"...#
#2026 09 14 10:22:03.489#Z#WARN#16b25dd8-b026-11f1-940d-eeee0a931608.OPERATION#flowable-async-job-executor-thread-1139#
[DetermineApplicationServiceBindingActionsStep] Cannot retrieve parameters of binding between application "capm-service-srv" and service instance "capm-service-auth"#
#2026 09 14 10:22:03.490#Z#DEBUG#16b25dd8-b026-11f1-940d-eeee0a931608.OPERATION#flowable-async-job-executor-thread-1139#
[DetermineApplicationServiceBindingActionsStep] Calculated binding operations between application "capm-service-srv" and service instance "capm-service-auth": unbind - true bind - true#
#2026 09 14 10:22:03.490#Z#DEBUG#16b25dd8-b026-11f1-940d-eeee0a931608.OPERATION#flowable-async-job-executor-thread-1139#
Step "Determine Application Service Binding Actions" finished#
#2026 09 14 10:22:03.504#Z#INFO#16b25dd8-b026-11f1-940d-eeee0a931608.OPERATION#flowable-async-job-executor-thread-1140#
[DetermineApplicationServiceBindingActionsStep] Service instance "capm-service-db" will not be rebound to application "capm-service-srv" because the binding parameters are not modified#
#2026 09 14 10:22:03.510#Z#DEBUG#16b25dd8-b026-11f1-940d-eeee0a931608.OPERATION#flowable-async-job-executor-thread-1140#
[DetermineApplicationServiceBindingActionsStep] Calculated binding operations between application "capm-service-srv" and service instance "capm-service-db": unbind - false bind - false#
#2026 09 14 10:22:03.510#Z#DEBUG#16b25dd8-b026-11f1-940d-eeee0a931608.OPERATION#flowable-async-job-executor-thread-1140#
Step "Determine Application Service Binding Actions" finished#
#2026 09 14 10:22:03.453#Z#DEBUG#16b25dd8-b026-11f1-940d-eeee0a931608.OPERATION#flowable-async-job-executor-thread-1136#
[UnbindServiceFromApplicationStep] Executing task "unbindServiceFromApplicationTask" of process "20cc945c-b026-11f1-940d-eeee0a931608"...#
#2026 09 14 10:22:03.456#Z#INFO#16b25dd8-b026-11f1-940d-eeee0a931608.OPERATION#flowable-async-job-executor-thread-1136#
[UnbindServiceFromApplicationStep] Unbinding service instance "capm-service-spa-workflow" from application "capm-service-srv"...#
#2026 09 14 10:22:03.462#Z#DEBUG#16b25dd8-b026-11f1-940d-eeee0a931608.OPERATION#flowable-async-job-executor-thread-1136#
[UnbindServiceFromApplicationStep] Unbinding application "capm-service-srv" from service instance "capm-service-spa-workflow"...#
#2026 09 14 10:22:03.533#Z#DEBUG#16b25dd8-b026-11f1-940d-eeee0a931608.OPERATION#flowable-async-job-executor-thread-1139#
[UnbindServiceFromApplicationStep] Executing task "unbindServiceFromApplicationTask" of process "20d5bc47-b026-11f1-940d-eeee0a931608"...#
#2026 09 14 10:22:03.536#Z#INFO#16b25dd8-b026-11f1-940d-eeee0a931608.OPERATION#flowable-async-job-executor-thread-1139#
[UnbindServiceFromApplicationStep] Unbinding service instance "capm-service-auth" from application "capm-service-srv"...#
#2026 09 14 10:22:03.543#Z#DEBUG#16b25dd8-b026-11f1-940d-eeee0a931608.OPERATION#flowable-async-job-executor-thread-1139#
[UnbindServiceFromApplicationStep] Unbinding application "capm-service-srv" from service instance "capm-service-auth"...#
#2026 09 14 10:22:03.594#Z#DEBUG#16b25dd8-b026-11f1-940d-eeee0a931608.OPERATION#flowable-async-job-executor-thread-1136#
Step "Unbind Service from Application" finished#
#2026 09 14 10:22:03.667#Z#DEBUG#16b25dd8-b026-11f1-940d-eeee0a931608.OPERATION#flowable-async-job-executor-thread-1139#
Step "Unbind Service from Application" finished#
#2026 09 14 10:22:06.012#Z#DEBUG#16b25dd8-b026-11f1-940d-eeee0a931608.OPERATION#flowable-async-job-executor-thread-981#
[CheckServiceBindingOperationStep] Executing task "checkForServiceBindingOperationInProgress" of process "2284cbea-b026-11f1-ac30-eeee0a8f4439"...#
#2026 09 14 10:22:06.012#Z#DEBUG#16b25dd8-b026-11f1-940d-eeee0a931608.OPERATION#flowable-async-job-executor-thread-981#
[CheckServiceBindingOperationStep] Checking for service binding operation in progress between app "capm-service-srv" and service instance "capm-service-destination"#
#2026 09 14 10:22:06.013#Z#DEBUG#16b25dd8-b026-11f1-940d-eeee0a931608.OPERATION#flowable-async-job-executor-thread-981#
[CheckServiceBindingOperationStep] Getting application guid "capm-service-srv"...#
#2026 09 14 10:22:06.039#Z#DEBUG#16b25dd8-b026-11f1-940d-eeee0a931608.OPERATION#flowable-async-job-executor-thread-981#
[CheckServiceBindingOperationStep] Getting GUID of required service instance "capm-service-destination"...#
#2026 09 14 10:22:06.069#Z#DEBUG#16b25dd8-b026-11f1-940d-eeee0a931608.OPERATION#flowable-async-job-executor-thread-981#
[CheckServiceBindingOperationStep] Getting binding of service instance "fcec4849-0b10-4503-826e-49b58e462f8a" with application "0633157c-47cd-4e1d-a58c-3252fa278ffe"...#
#2026 09 14 10:22:06.116#Z#DEBUG#16b25dd8-b026-11f1-940d-eeee0a931608.OPERATION#flowable-async-job-executor-thread-981#
[CheckServiceBindingOperationStep] Service binding operation "da73432a-1995-4770-8307-7fa3d55ce149" with type "create" is in state "succeeded"#
#2026 09 14 10:22:06.116#Z#DEBUG#16b25dd8-b026-11f1-940d-eeee0a931608.OPERATION#flowable-async-job-executor-thread-981#
Step "Check For Service Binding Operation In Progress" finished#
#2026 09 14 10:22:06.155#Z#DEBUG#16b25dd8-b026-11f1-940d-eeee0a931608.OPERATION#flowable-async-job-executor-thread-981#
[DetermineApplicationServiceBindingActionsStep] Executing task "determineApplicationServiceBindingActionsTask" of process "2284cbea-b026-11f1-ac30-eeee0a8f4439"...#
#2026 09 14 10:22:06.157#Z#DEBUG#16b25dd8-b026-11f1-940d-eeee0a931608.OPERATION#flowable-async-job-executor-thread-981#
[DetermineApplicationServiceBindingActionsStep] Determine bind/unbind operations of application "capm-service-srv" to service instance "capm-service-destination"#
#2026 09 14 10:22:06.157#Z#DEBUG#16b25dd8-b026-11f1-940d-eeee0a931608.OPERATION#flowable-async-job-executor-thread-981#
[DetermineApplicationServiceBindingActionsStep] Getting application "capm-service-srv"...#
#2026 09 14 10:22:06.189#Z#DEBUG#16b25dd8-b026-11f1-940d-eeee0a931608.OPERATION#flowable-async-job-executor-thread-981#
[DetermineApplicationServiceBindingActionsStep] Binding parameters for application "capm-service-srv": { }#
#2026 09 14 10:22:06.222#Z#DEBUG#16b25dd8-b026-11f1-940d-eeee0a931608.OPERATION#flowable-async-job-executor-thread-981#
[DetermineApplicationServiceBindingActionsStep] Check should rebind application "capm-service-srv" and service instance "capm-service-destination"#
#2026 09 14 10:22:06.222#Z#DEBUG#16b25dd8-b026-11f1-940d-eeee0a931608.OPERATION#flowable-async-job-executor-thread-981#
[DetermineApplicationServiceBindingActionsStep] Getting GUID of required service instance "capm-service-destination"...#
#2026 09 14 10:22:06.252#Z#DEBUG#16b25dd8-b026-11f1-940d-eeee0a931608.OPERATION#flowable-async-job-executor-thread-981#
[DetermineApplicationServiceBindingActionsStep] Getting binding of service instance "fcec4849-0b10-4503-826e-49b58e462f8a" with application "0633157c-47cd-4e1d-a58c-3252fa278ffe"...#
#2026 09 14 10:22:06.293#Z#DEBUG#16b25dd8-b026-11f1-940d-eeee0a931608.OPERATION#flowable-async-job-executor-thread-981#
[DetermineApplicationServiceBindingActionsStep] Getting parameters of service binding "da73432a-1995-4770-8307-7fa3d55ce149"...#
#2026 09 14 10:22:06.322#Z#WARN#16b25dd8-b026-11f1-940d-eeee0a931608.OPERATION#flowable-async-job-executor-thread-981#
[DetermineApplicationServiceBindingActionsStep] Cannot retrieve parameters of binding between application "capm-service-srv" and service instance "capm-service-destination"#
#2026 09 14 10:22:06.324#Z#DEBUG#16b25dd8-b026-11f1-940d-eeee0a931608.OPERATION#flowable-async-job-executor-thread-981#
[DetermineApplicationServiceBindingActionsStep] Calculated binding operations between application "capm-service-srv" and service instance "capm-service-destination": unbind - true bind - true#
#2026 09 14 10:22:06.324#Z#DEBUG#16b25dd8-b026-11f1-940d-eeee0a931608.OPERATION#flowable-async-job-executor-thread-981#
Step "Determine Application Service Binding Actions" finished#
#2026 09 14 10:22:06.370#Z#DEBUG#16b25dd8-b026-11f1-940d-eeee0a931608.OPERATION#flowable-async-job-executor-thread-981#
[UnbindServiceFromApplicationStep] Executing task "unbindServiceFromApplicationTask" of process "2284cbea-b026-11f1-ac30-eeee0a8f4439"...#
#2026 09 14 10:22:06.374#Z#INFO#16b25dd8-b026-11f1-940d-eeee0a931608.OPERATION#flowable-async-job-executor-thread-981#
[UnbindServiceFromApplicationStep] Unbinding service instance "capm-service-destination" from application "capm-service-srv"...#
#2026 09 14 10:22:06.379#Z#DEBUG#16b25dd8-b026-11f1-940d-eeee0a931608.OPERATION#flowable-async-job-executor-thread-981#
[UnbindServiceFromApplicationStep] Unbinding application "capm-service-srv" from service instance "capm-service-destination"...#
#2026 09 14 10:22:06.509#Z#DEBUG#16b25dd8-b026-11f1-940d-eeee0a931608.OPERATION#flowable-async-job-executor-thread-981#
Step "Unbind Service from Application" finished#
#2026 09 14 10:22:11.852#Z#DEBUG#16b25dd8-b026-11f1-940d-eeee0a931608.OPERATION#flowable-async-job-executor-thread-1514#
[UnbindServiceFromApplicationStep] Executing task "unbindServiceFromApplicationTask" of process "20cc945c-b026-11f1-940d-eeee0a931608"...#
#2026 09 14 10:22:11.888#Z#DEBUG#16b25dd8-b026-11f1-940d-eeee0a931608.OPERATION#flowable-async-job-executor-thread-1515#
[UnbindServiceFromApplicationStep] Executing task "unbindServiceFromApplicationTask" of process "2284cbea-b026-11f1-ac30-eeee0a8f4439"...#
#2026 09 14 10:22:11.897#Z#DEBUG#16b25dd8-b026-11f1-940d-eeee0a931608.OPERATION#flowable-async-job-executor-thread-1512#
[UnbindServiceFromApplicationStep] Executing task "unbindServiceFromApplicationTask" of process "20d5bc47-b026-11f1-940d-eeee0a931608"...#
#2026 09 14 10:22:11.924#Z#DEBUG#16b25dd8-b026-11f1-940d-eeee0a931608.OPERATION#flowable-async-job-executor-thread-1514#
[UnbindServiceFromApplicationStep] Getting async job "16acf9da-3aba-47d0-ba56-0d8578dbad02"#
#2026 09 14 10:22:11.952#Z#DEBUG#16b25dd8-b026-11f1-940d-eeee0a931608.OPERATION#flowable-async-job-executor-thread-1512#
[UnbindServiceFromApplicationStep] Getting async job "0a20e360-e838-474e-80c8-d64c07274b8e"#
#2026 09 14 10:22:11.955#Z#DEBUG#16b25dd8-b026-11f1-940d-eeee0a931608.OPERATION#flowable-async-job-executor-thread-1515#
[UnbindServiceFromApplicationStep] Getting async job "7c1bda5b-9631-4c59-9e39-5f950ae9d704"#
#2026 09 14 10:22:11.964#Z#DEBUG#16b25dd8-b026-11f1-940d-eeee0a931608.OPERATION#flowable-async-job-executor-thread-1514#
[UnbindServiceFromApplicationStep] Getting service instance "capm-service-spa-workflow"...#
#2026 09 14 10:22:11.995#Z#DEBUG#16b25dd8-b026-11f1-940d-eeee0a931608.OPERATION#flowable-async-job-executor-thread-1512#
[UnbindServiceFromApplicationStep] Getting service instance "capm-service-auth"...#
#2026 09 14 10:22:11.999#Z#DEBUG#16b25dd8-b026-11f1-940d-eeee0a931608.OPERATION#flowable-async-job-executor-thread-1515#
[UnbindServiceFromApplicationStep] Getting service instance "capm-service-destination"...#
#2026 09 14 10:22:12.086#Z#DEBUG#16b25dd8-b026-11f1-940d-eeee0a931608.OPERATION#flowable-async-job-executor-thread-1514#
[UnbindServiceFromApplicationStep] Async service binding operation with id "16acf9da-3aba-47d0-ba56-0d8578dbad02" finished#
#2026 09 14 10:22:12.092#Z#DEBUG#16b25dd8-b026-11f1-940d-eeee0a931608.OPERATION#flowable-async-job-executor-thread-1514#
Step "Unbind Service from Application" finished#
#2026 09 14 10:22:12.111#Z#DEBUG#16b25dd8-b026-11f1-940d-eeee0a931608.OPERATION#flowable-async-job-executor-thread-1515#
[UnbindServiceFromApplicationStep] Async service binding operation with id "7c1bda5b-9631-4c59-9e39-5f950ae9d704" finished#
#2026 09 14 10:22:12.112#Z#DEBUG#16b25dd8-b026-11f1-940d-eeee0a931608.OPERATION#flowable-async-job-executor-thread-1512#
[UnbindServiceFromApplicationStep] Async service binding operation with id "0a20e360-e838-474e-80c8-d64c07274b8e" finished#
#2026 09 14 10:22:12.118#Z#DEBUG#16b25dd8-b026-11f1-940d-eeee0a931608.OPERATION#flowable-async-job-executor-thread-1515#
Step "Unbind Service from Application" finished#
#2026 09 14 10:22:12.118#Z#DEBUG#16b25dd8-b026-11f1-940d-eeee0a931608.OPERATION#flowable-async-job-executor-thread-1512#
Step "Unbind Service from Application" finished#
#2026 09 14 10:22:12.150#Z#DEBUG#16b25dd8-b026-11f1-940d-eeee0a931608.OPERATION#flowable-async-job-executor-thread-1514#
[BindServiceToApplicationStep] Executing task "bindServiceToApplicationTask" of process "20cc945c-b026-11f1-940d-eeee0a931608"...#
#2026 09 14 10:22:12.160#Z#INFO#16b25dd8-b026-11f1-940d-eeee0a931608.OPERATION#flowable-async-job-executor-thread-1514#
[BindServiceToApplicationStep] Binding service instance "capm-service-spa-workflow" to application "capm-service-srv"...#
#2026 09 14 10:22:12.169#Z#DEBUG#16b25dd8-b026-11f1-940d-eeee0a931608.OPERATION#flowable-async-job-executor-thread-1514#
[BindServiceToApplicationStep] Binding service instance "capm-service-spa-workflow" to application "capm-service-srv" with parameters: { }#
#2026 09 14 10:22:12.176#Z#DEBUG#16b25dd8-b026-11f1-940d-eeee0a931608.OPERATION#flowable-async-job-executor-thread-1512#
[BindServiceToApplicationStep] Executing task "bindServiceToApplicationTask" of process "20d5bc47-b026-11f1-940d-eeee0a931608"...#
#2026 09 14 10:22:12.178#Z#INFO#16b25dd8-b026-11f1-940d-eeee0a931608.OPERATION#flowable-async-job-executor-thread-1512#
[BindServiceToApplicationStep] Binding service instance "capm-service-auth" to application "capm-service-srv"...#
#2026 09 14 10:22:12.185#Z#DEBUG#16b25dd8-b026-11f1-940d-eeee0a931608.OPERATION#flowable-async-job-executor-thread-1515#
[BindServiceToApplicationStep] Executing task "bindServiceToApplicationTask" of process "2284cbea-b026-11f1-ac30-eeee0a8f4439"...#
#2026 09 14 10:22:12.185#Z#DEBUG#16b25dd8-b026-11f1-940d-eeee0a931608.OPERATION#flowable-async-job-executor-thread-1512#
[BindServiceToApplicationStep] Binding service instance "capm-service-auth" to application "capm-service-srv" with parameters: { }#
#2026 09 14 10:22:12.188#Z#INFO#16b25dd8-b026-11f1-940d-eeee0a931608.OPERATION#flowable-async-job-executor-thread-1515#
[BindServiceToApplicationStep] Binding service instance "capm-service-destination" to application "capm-service-srv"...#
#2026 09 14 10:22:12.199#Z#DEBUG#16b25dd8-b026-11f1-940d-eeee0a931608.OPERATION#flowable-async-job-executor-thread-1515#
[BindServiceToApplicationStep] Binding service instance "capm-service-destination" to application "capm-service-srv" with parameters: { }#
#2026 09 14 10:22:12.293#Z#DEBUG#16b25dd8-b026-11f1-940d-eeee0a931608.OPERATION#flowable-async-job-executor-thread-1512#
Step "Bind Service to Application" finished#
#2026 09 14 10:22:12.309#Z#DEBUG#16b25dd8-b026-11f1-940d-eeee0a931608.OPERATION#flowable-async-job-executor-thread-1514#
Step "Bind Service to Application" finished#
#2026 09 14 10:22:12.326#Z#DEBUG#16b25dd8-b026-11f1-940d-eeee0a931608.OPERATION#flowable-async-job-executor-thread-1515#
Step "Bind Service to Application" finished#
#2026 09 14 10:22:21.887#Z#DEBUG#16b25dd8-b026-11f1-940d-eeee0a931608.OPERATION#flowable-async-job-executor-thread-1144#
[BindServiceToApplicationStep] Executing task "bindServiceToApplicationTask" of process "20cc945c-b026-11f1-940d-eeee0a931608"...#
#2026 09 14 10:22:21.889#Z#DEBUG#16b25dd8-b026-11f1-940d-eeee0a931608.OPERATION#flowable-async-job-executor-thread-1144#
[BindServiceToApplicationStep] Getting async job "4d2ff212-5906-458b-bb60-dabe6ba977fb"#
#2026 09 14 10:22:21.918#Z#DEBUG#16b25dd8-b026-11f1-940d-eeee0a931608.OPERATION#flowable-async-job-executor-thread-1144#
[BindServiceToApplicationStep] Getting service instance "capm-service-spa-workflow"...#
#2026 09 14 10:22:22.014#Z#DEBUG#16b25dd8-b026-11f1-940d-eeee0a931608.OPERATION#flowable-async-job-executor-thread-1144#
[BindServiceToApplicationStep] Async service binding operation with id "4d2ff212-5906-458b-bb60-dabe6ba977fb" finished#
#2026 09 14 10:22:22.016#Z#DEBUG#16b25dd8-b026-11f1-940d-eeee0a931608.OPERATION#flowable-async-job-executor-thread-1144#
Step "Bind Service to Application" finished#
#2026 09 14 10:22:21.907#Z#DEBUG#16b25dd8-b026-11f1-940d-eeee0a931608.OPERATION#flowable-async-job-executor-thread-1512#
[BindServiceToApplicationStep] Executing task "bindServiceToApplicationTask" of process "2284cbea-b026-11f1-ac30-eeee0a8f4439"...#
#2026 09 14 10:22:21.910#Z#DEBUG#16b25dd8-b026-11f1-940d-eeee0a931608.OPERATION#flowable-async-job-executor-thread-1512#
[BindServiceToApplicationStep] Getting async job "42865810-4289-4260-9592-caa4a6b9fa79"#
#2026 09 14 10:22:21.922#Z#DEBUG#16b25dd8-b026-11f1-940d-eeee0a931608.OPERATION#flowable-async-job-executor-thread-1521#
[BindServiceToApplicationStep] Executing task "bindServiceToApplicationTask" of process "20d5bc47-b026-11f1-940d-eeee0a931608"...#
#2026 09 14 10:22:21.924#Z#DEBUG#16b25dd8-b026-11f1-940d-eeee0a931608.OPERATION#flowable-async-job-executor-thread-1521#
[BindServiceToApplicationStep] Getting async job "01b4e32d-38bf-4d11-a113-d164d02946a9"#
#2026 09 14 10:22:21.934#Z#DEBUG#16b25dd8-b026-11f1-940d-eeee0a931608.OPERATION#flowable-async-job-executor-thread-1512#
[BindServiceToApplicationStep] Getting service instance "capm-service-destination"...#
#2026 09 14 10:22:21.947#Z#DEBUG#16b25dd8-b026-11f1-940d-eeee0a931608.OPERATION#flowable-async-job-executor-thread-1521#
[BindServiceToApplicationStep] Getting service instance "capm-service-auth"...#
#2026 09 14 10:22:22.035#Z#DEBUG#16b25dd8-b026-11f1-940d-eeee0a931608.OPERATION#flowable-async-job-executor-thread-1512#
[BindServiceToApplicationStep] Async service binding operation with id "42865810-4289-4260-9592-caa4a6b9fa79" finished#
#2026 09 14 10:22:22.038#Z#DEBUG#16b25dd8-b026-11f1-940d-eeee0a931608.OPERATION#flowable-async-job-executor-thread-1512#
Step "Bind Service to Application" finished#
#2026 09 14 10:22:22.048#Z#DEBUG#16b25dd8-b026-11f1-940d-eeee0a931608.OPERATION#flowable-async-job-executor-thread-1521#
[BindServiceToApplicationStep] Async service binding operation with id "01b4e32d-38bf-4d11-a113-d164d02946a9" finished#
#2026 09 14 10:22:22.050#Z#DEBUG#16b25dd8-b026-11f1-940d-eeee0a931608.OPERATION#flowable-async-job-executor-thread-1521#
Step "Bind Service to Application" finished#
#2026 09 14 10:22:24.436#Z#DEBUG#16b25dd8-b026-11f1-940d-eeee0a931608.OPERATION#flowable-async-job-executor-thread-988#
[DetermineVcapServicesPropertiesChangedStep] Executing task "determineVcapServicesPropertiesChangedTask" of process "2d79d1eb-b026-11f1-ac30-eeee0a8f4439"...#
#2026 09 14 10:22:24.438#Z#DEBUG#16b25dd8-b026-11f1-940d-eeee0a931608.OPERATION#flowable-async-job-executor-thread-988#
[DetermineVcapServicesPropertiesChangedStep] VCAP_SERVICES properties for application "capm-service-srv" changed: true#
#2026 09 14 10:22:24.438#Z#DEBUG#16b25dd8-b026-11f1-940d-eeee0a931608.OPERATION#flowable-async-job-executor-thread-988#
Step "Determine vcap services properties changed" finished#
#2026 09 14 10:22:24.491#Z#DEBUG#16b25dd8-b026-11f1-940d-eeee0a931608.OPERATION#flowable-async-job-executor-thread-988#
[UploadAppStep] Executing task "uploadAppTask" of process "2d79d1eb-b026-11f1-ac30-eeee0a8f4439"...#
#2026 09 14 10:22:24.493#Z#DEBUG#16b25dd8-b026-11f1-940d-eeee0a931608.OPERATION#flowable-async-job-executor-thread-988#
[UploadAppStep] Application upload timeout is default one: 3,600 seconds#
#2026 09 14 10:22:24.493#Z#INFO#16b25dd8-b026-11f1-940d-eeee0a931608.OPERATION#flowable-async-job-executor-thread-988#
[UploadAppStep] Uploading application "capm-service-srv"...#
#2026 09 14 10:22:24.501#Z#DEBUG#16b25dd8-b026-11f1-940d-eeee0a931608.OPERATION#flowable-async-job-executor-thread-988#
[UploadAppStep] Getting application "capm-service-srv"...#
#2026 09 14 10:22:24.535#Z#DEBUG#16b25dd8-b026-11f1-940d-eeee0a931608.OPERATION#flowable-async-job-executor-thread-988#
[UploadAppStep] Getting environment of application "0633157c-47cd-4e1d-a58c-3252fa278ffe"...#
#2026 09 14 10:22:24.567#Z#INFO#16b25dd8-b026-11f1-940d-eeee0a931608.OPERATION#flowable-async-job-executor-thread-988#
[UploadAppStep] Calculating application digest: "capm-service-srv"#
#2026 09 14 10:22:24.705#Z#DEBUG#16b25dd8-b026-11f1-940d-eeee0a931608.OPERATION#flowable-async-job-executor-thread-988#
Step "Upload App" finished#
#2026 09 14 10:22:32.054#Z#DEBUG#16b25dd8-b026-11f1-940d-eeee0a931608.OPERATION#flowable-async-job-executor-thread-1152#
[UploadAppStep] Executing task "uploadAppTask" of process "2d79d1eb-b026-11f1-ac30-eeee0a8f4439"...#
#2026 09 14 10:22:32.056#Z#DEBUG#16b25dd8-b026-11f1-940d-eeee0a931608.OPERATION#flowable-async-job-executor-thread-1152#
[UploadAppStep] Application upload timeout is default one: 3,600 seconds#
#2026 09 14 10:22:32.058#Z#DEBUG#16b25dd8-b026-11f1-940d-eeee0a931608.OPERATION#pool-14-thread-6#
[UploadAppStep] Upload of application: capm-service-srv started on instance: 1#
#2026 09 14 10:22:32.058#Z#DEBUG#16b25dd8-b026-11f1-940d-eeee0a931608.OPERATION#pool-14-thread-6#
[UploadAppStep] Uploading file "capm-service-srv/data.zip" for application "capm-service-srv"#
#2026 09 14 10:22:32.158#Z#INFO#16b25dd8-b026-11f1-940d-eeee0a931608.OPERATION#pool-14-thread-6#
[UploadAppStep] Time elapsed for app binary download: 99 in millis#
#2026 09 14 10:22:32.158#Z#INFO#16b25dd8-b026-11f1-940d-eeee0a931608.OPERATION#pool-14-thread-6#
[UploadAppStep] Size of app capm-service-srv is 3,690,561 bytes#
#2026 09 14 10:22:32.158#Z#DEBUG#16b25dd8-b026-11f1-940d-eeee0a931608.OPERATION#pool-14-thread-6#
[UploadAppStep] Asynchronously uploading binaries for application "capm-service-srv"...#
#2026 09 14 10:22:32.422#Z#INFO#16b25dd8-b026-11f1-940d-eeee0a931608.OPERATION#pool-14-thread-6#
[UploadAppStep] Started async upload of application "capm-service-srv"#
#2026 09 14 10:22:32.430#Z#INFO#16b25dd8-b026-11f1-940d-eeee0a931608.OPERATION#flowable-async-job-executor-thread-1152#
[UploadAppStep] Time elapsed for upload: 373 in millis#
#2026 09 14 10:22:32.430#Z#DEBUG#16b25dd8-b026-11f1-940d-eeee0a931608.OPERATION#flowable-async-job-executor-thread-1152#
[UploadAppStep] Getting application "capm-service-srv"...#
#2026 09 14 10:22:32.449#Z#DEBUG#16b25dd8-b026-11f1-940d-eeee0a931608.OPERATION#App upload monitor: 48b7e025-96c0-4c02-a5d0-7507c439b4ca#
[UploadAppStep] Upload status: PROCESSING_UPLOAD#
#2026 09 14 10:22:32.464#Z#DEBUG#16b25dd8-b026-11f1-940d-eeee0a931608.OPERATION#flowable-async-job-executor-thread-1152#
[UploadAppStep] Getting environment of application "0633157c-47cd-4e1d-a58c-3252fa278ffe"...#
#2026 09 14 10:22:32.505#Z#DEBUG#16b25dd8-b026-11f1-940d-eeee0a931608.OPERATION#flowable-async-job-executor-thread-1152#
[UploadAppStep] Updating environment of application "capm-service-srv"#
#2026 09 14 10:22:32.611#Z#DEBUG#16b25dd8-b026-11f1-940d-eeee0a931608.OPERATION#flowable-async-job-executor-thread-1152#
Step "Upload App" finished#
#2026 09 14 10:22:42.209#Z#DEBUG#16b25dd8-b026-11f1-940d-eeee0a931608.OPERATION#flowable-async-job-executor-thread-1530#
[UploadAppStep] Executing task "uploadAppTask" of process "2d79d1eb-b026-11f1-ac30-eeee0a8f4439"...#
#2026 09 14 10:22:42.210#Z#DEBUG#16b25dd8-b026-11f1-940d-eeee0a931608.OPERATION#flowable-async-job-executor-thread-1530#
[UploadAppStep] Application upload timeout is default one: 3,600 seconds#
#2026 09 14 10:22:42.210#Z#DEBUG#16b25dd8-b026-11f1-940d-eeee0a931608.OPERATION#flowable-async-job-executor-thread-1530#
[UploadAppStep] Checking upload status of application "capm-service-srv"...#
#2026 09 14 10:22:42.211#Z#DEBUG#16b25dd8-b026-11f1-940d-eeee0a931608.OPERATION#flowable-async-job-executor-thread-1530#
[UploadAppStep] Getting package "48b7e025-96c0-4c02-a5d0-7507c439b4ca"...#
#2026 09 14 10:22:42.232#Z#DEBUG#16b25dd8-b026-11f1-940d-eeee0a931608.OPERATION#flowable-async-job-executor-thread-1530#
[UploadAppStep] Application "capm-service-srv" uploaded#
#2026 09 14 10:22:42.234#Z#DEBUG#16b25dd8-b026-11f1-940d-eeee0a931608.OPERATION#flowable-async-job-executor-thread-1530#
Step "Upload App" finished#
#2026 09 14 10:22:42.364#Z#DEBUG#16b25dd8-b026-11f1-940d-eeee0a931608.OPERATION#flowable-async-job-executor-thread-1530#
[ScaleAppStep] Executing task "scaleAppTask" of process "2d79d1eb-b026-11f1-ac30-eeee0a8f4439"...#
#2026 09 14 10:22:42.375#Z#DEBUG#16b25dd8-b026-11f1-940d-eeee0a931608.OPERATION#flowable-async-job-executor-thread-1530#
[ScaleAppStep] Scaling application "capm-service-srv"...#
#2026 09 14 10:22:42.375#Z#DEBUG#16b25dd8-b026-11f1-940d-eeee0a931608.OPERATION#flowable-async-job-executor-thread-1530#
[ScaleAppStep] Getting application guid "capm-service-srv"...#
#2026 09 14 10:22:42.414#Z#DEBUG#16b25dd8-b026-11f1-940d-eeee0a931608.OPERATION#flowable-async-job-executor-thread-1530#
[ScaleAppStep] Getting process for application "0633157c-47cd-4e1d-a58c-3252fa278ffe"...#
#2026 09 14 10:22:42.450#Z#DEBUG#16b25dd8-b026-11f1-940d-eeee0a931608.OPERATION#flowable-async-job-executor-thread-1530#
[ScaleAppStep] Application "capm-service-srv" scaled#
#2026 09 14 10:22:42.450#Z#DEBUG#16b25dd8-b026-11f1-940d-eeee0a931608.OPERATION#flowable-async-job-executor-thread-1530#
Step "Scale App" finished#
#2026 09 14 10:22:42.538#Z#DEBUG#16b25dd8-b026-11f1-940d-eeee0a931608.OPERATION#flowable-async-job-executor-thread-1530#
[DetermineDesiredStateAchievingActionsStep] Executing task "determineDesiredStateAchievingActionsTask" of process "2d79d1eb-b026-11f1-ac30-eeee0a8f4439"...#
#2026 09 14 10:22:42.545#Z#DEBUG#16b25dd8-b026-11f1-940d-eeee0a931608.OPERATION#flowable-async-job-executor-thread-1530#
[DetermineDesiredStateAchievingActionsStep] Getting application "capm-service-srv"...#
#2026 09 14 10:22:42.567#Z#DEBUG#16b25dd8-b026-11f1-940d-eeee0a931608.OPERATION#flowable-async-job-executor-thread-1530#
[DetermineDesiredStateAchievingActionsStep] Getting instances for application "capm-service-srv"...#
#2026 09 14 10:22:42.615#Z#DEBUG#16b25dd8-b026-11f1-940d-eeee0a931608.OPERATION#flowable-async-job-executor-thread-1530#
[DetermineDesiredStateAchievingActionsStep] Getting environment of application "0633157c-47cd-4e1d-a58c-3252fa278ffe"...#
#2026 09 14 10:22:42.647#Z#DEBUG#16b25dd8-b026-11f1-940d-eeee0a931608.OPERATION#flowable-async-job-executor-thread-1530#
[DetermineDesiredStateAchievingActionsStep] Current state of application capm-service-srv: STARTED#
#2026 09 14 10:22:42.647#Z#DEBUG#16b25dd8-b026-11f1-940d-eeee0a931608.OPERATION#flowable-async-job-executor-thread-1530#
[DetermineDesiredStateAchievingActionsStep] Desired state of application capm-service-srv: STARTED#
#2026 09 14 10:22:42.647#Z#DEBUG#16b25dd8-b026-11f1-940d-eeee0a931608.OPERATION#flowable-async-job-executor-thread-1530#
[DetermineDesiredStateAchievingActionsStep] Actions that should be executed on application capm-service-srv: [STOP, STAGE, START]#
#2026 09 14 10:22:42.647#Z#DEBUG#16b25dd8-b026-11f1-940d-eeee0a931608.OPERATION#flowable-async-job-executor-thread-1530#
Step "Determine Desired State Achieving Actions" finished#
#2026 09 14 10:22:42.717#Z#DEBUG#16b25dd8-b026-11f1-940d-eeee0a931608.OPERATION#flowable-async-job-executor-thread-1530#
[StopAppStep] Executing task "stopAppTask" of process "2d79d1eb-b026-11f1-ac30-eeee0a8f4439"...#
#2026 09 14 10:22:42.721#Z#INFO#16b25dd8-b026-11f1-940d-eeee0a931608.OPERATION#flowable-async-job-executor-thread-1530#
[StopAppStep] Stopping application "capm-service-srv"...#
#2026 09 14 10:22:42.727#Z#DEBUG#16b25dd8-b026-11f1-940d-eeee0a931608.OPERATION#flowable-async-job-executor-thread-1530#
[StopAppStep] Stopping application "capm-service-srv"...#
#2026 09 14 10:22:42.860#Z#DEBUG#16b25dd8-b026-11f1-940d-eeee0a931608.OPERATION#flowable-async-job-executor-thread-1530#
[StopAppStep] Application "capm-service-srv" stopped#
#2026 09 14 10:22:42.860#Z#DEBUG#16b25dd8-b026-11f1-940d-eeee0a931608.OPERATION#flowable-async-job-executor-thread-1530#
[StopAppStep] Getting environment of application "0633157c-47cd-4e1d-a58c-3252fa278ffe"...#
#2026 09 14 10:22:42.889#Z#DEBUG#16b25dd8-b026-11f1-940d-eeee0a931608.OPERATION#flowable-async-job-executor-thread-1530#
Step "Stop App" finished#
#2026 09 14 10:22:42.983#Z#DEBUG#16b25dd8-b026-11f1-940d-eeee0a931608.OPERATION#flowable-async-job-executor-thread-1530#
[StageAppStep] Executing task "stageAppTask" of process "3889b316-b026-11f1-a9e7-eeee0a832ec0"...#
#2026 09 14 10:22:42.985#Z#DEBUG#16b25dd8-b026-11f1-940d-eeee0a931608.OPERATION#flowable-async-job-executor-thread-1530#
[StageAppStep] Application stage timeout is default one: 3,600 seconds#
#2026 09 14 10:22:42.990#Z#INFO#16b25dd8-b026-11f1-940d-eeee0a931608.OPERATION#flowable-async-job-executor-thread-1530#
[StageAppStep] Staging application "capm-service-srv"...#
#2026 09 14 10:22:42.997#Z#DEBUG#16b25dd8-b026-11f1-940d-eeee0a931608.OPERATION#flowable-async-job-executor-thread-1530#
[StageAppStep] Creating build for package "48b7e025-96c0-4c02-a5d0-7507c439b4ca"...#
#2026 09 14 10:22:43.373#Z#DEBUG#16b25dd8-b026-11f1-940d-eeee0a931608.OPERATION#flowable-async-job-executor-thread-1530#
Step "Stage App" finished#
#2026 09 14 10:22:52.189#Z#DEBUG#16b25dd8-b026-11f1-940d-eeee0a931608.OPERATION#flowable-async-job-executor-thread-1543#
[StageAppStep] Executing task "stageAppTask" of process "3889b316-b026-11f1-a9e7-eeee0a832ec0"...#
#2026 09 14 10:22:52.191#Z#DEBUG#16b25dd8-b026-11f1-940d-eeee0a931608.OPERATION#flowable-async-job-executor-thread-1543#
[StageAppStep] Application stage timeout is default one: 3,600 seconds#
#2026 09 14 10:22:52.192#Z#DEBUG#16b25dd8-b026-11f1-940d-eeee0a931608.OPERATION#flowable-async-job-executor-thread-1543#
[StageAppStep] Checking status of application "capm-service-srv"...#
#2026 09 14 10:22:52.192#Z#DEBUG#16b25dd8-b026-11f1-940d-eeee0a931608.OPERATION#flowable-async-job-executor-thread-1543#
[StageAppStep] Getting build "d8cd6603-31a0-4bb9-8a77-914c62670902"...#
#2026 09 14 10:22:52.218#Z#DEBUG#16b25dd8-b026-11f1-940d-eeee0a931608.OPERATION#flowable-async-job-executor-thread-1543#
[StageAppStep] Staging status of application "capm-service-srv": PENDING#
#2026 09 14 10:22:52.219#Z#DEBUG#16b25dd8-b026-11f1-940d-eeee0a931608.OPERATION#flowable-async-job-executor-thread-1543#
[StageAppStep] Getting application guid "capm-service-srv"...#
#2026 09 14 10:22:52.314#Z#DEBUG#16b25dd8-b026-11f1-940d-eeee0a931608.OPERATION#flowable-async-job-executor-thread-1543#
Step "Stage App" finished#
#2026 09 14 10:23:02.278#Z#DEBUG#16b25dd8-b026-11f1-940d-eeee0a931608.OPERATION#flowable-async-job-executor-thread-1159#
[StageAppStep] Executing task "stageAppTask" of process "3889b316-b026-11f1-a9e7-eeee0a832ec0"...#
#2026 09 14 10:23:02.280#Z#DEBUG#16b25dd8-b026-11f1-940d-eeee0a931608.OPERATION#flowable-async-job-executor-thread-1159#
[StageAppStep] Application stage timeout is default one: 3,600 seconds#
#2026 09 14 10:23:02.282#Z#DEBUG#16b25dd8-b026-11f1-940d-eeee0a931608.OPERATION#flowable-async-job-executor-thread-1159#
[StageAppStep] Checking status of application "capm-service-srv"...#
#2026 09 14 10:23:02.282#Z#DEBUG#16b25dd8-b026-11f1-940d-eeee0a931608.OPERATION#flowable-async-job-executor-thread-1159#
[StageAppStep] Getting build "d8cd6603-31a0-4bb9-8a77-914c62670902"...#
#2026 09 14 10:23:02.308#Z#DEBUG#16b25dd8-b026-11f1-940d-eeee0a931608.OPERATION#flowable-async-job-executor-thread-1159#
[StageAppStep] Staging status of application "capm-service-srv": PENDING#
#2026 09 14 10:23:02.309#Z#DEBUG#16b25dd8-b026-11f1-940d-eeee0a931608.OPERATION#flowable-async-job-executor-thread-1159#
[StageAppStep] Getting application guid "capm-service-srv"...#
#2026 09 14 10:23:02.396#Z#DEBUG#16b25dd8-b026-11f1-940d-eeee0a931608.OPERATION#flowable-async-job-executor-thread-1159#
Step "Stage App" finished#
#2026 09 14 10:23:12.291#Z#DEBUG#16b25dd8-b026-11f1-940d-eeee0a931608.OPERATION#flowable-async-job-executor-thread-1177#
[StageAppStep] Executing task "stageAppTask" of process "3889b316-b026-11f1-a9e7-eeee0a832ec0"...#
#2026 09 14 10:23:12.292#Z#DEBUG#16b25dd8-b026-11f1-940d-eeee0a931608.OPERATION#flowable-async-job-executor-thread-1177#
[StageAppStep] Application stage timeout is default one: 3,600 seconds#
#2026 09 14 10:23:12.293#Z#DEBUG#16b25dd8-b026-11f1-940d-eeee0a931608.OPERATION#flowable-async-job-executor-thread-1177#
[StageAppStep] Checking status of application "capm-service-srv"...#
#2026 09 14 10:23:12.294#Z#DEBUG#16b25dd8-b026-11f1-940d-eeee0a931608.OPERATION#flowable-async-job-executor-thread-1177#
[StageAppStep] Getting build "d8cd6603-31a0-4bb9-8a77-914c62670902"...#
#2026 09 14 10:23:12.330#Z#DEBUG#16b25dd8-b026-11f1-940d-eeee0a931608.OPERATION#flowable-async-job-executor-thread-1177#
[StageAppStep] Staging status of application "capm-service-srv": STAGED#
#2026 09 14 10:23:12.331#Z#DEBUG#16b25dd8-b026-11f1-940d-eeee0a931608.OPERATION#flowable-async-job-executor-thread-1177#
[StageAppStep] Getting application guid "capm-service-srv"...#
#2026 09 14 10:23:12.413#Z#DEBUG#16b25dd8-b026-11f1-940d-eeee0a931608.OPERATION#flowable-async-job-executor-thread-1177#
[StageAppStep] Getting build "d8cd6603-31a0-4bb9-8a77-914c62670902"...#
#2026 09 14 10:23:12.444#Z#DEBUG#16b25dd8-b026-11f1-940d-eeee0a931608.OPERATION#flowable-async-job-executor-thread-1177#
[StageAppStep] Binding droplet "af8eb29a-0368-419a-92d2-6b0d0547ee69" to application "0633157c-47cd-4e1d-a58c-3252fa278ffe"...#
#2026 09 14 10:23:12.499#Z#INFO#16b25dd8-b026-11f1-940d-eeee0a931608.OPERATION#flowable-async-job-executor-thread-1177#
[StageAppStep] Application "capm-service-srv" staged#
#2026 09 14 10:23:12.506#Z#DEBUG#16b25dd8-b026-11f1-940d-eeee0a931608.OPERATION#flowable-async-job-executor-thread-1177#
Step "Stage App" finished#
#2026 09 14 10:23:12.563#Z#DEBUG#16b25dd8-b026-11f1-940d-eeee0a931608.OPERATION#flowable-async-job-executor-thread-1177#
[RestartAppStep] Executing task "startAppTask" of process "3889b316-b026-11f1-a9e7-eeee0a832ec0"...#
#2026 09 14 10:23:12.568#Z#DEBUG#16b25dd8-b026-11f1-940d-eeee0a931608.OPERATION#flowable-async-job-executor-thread-1177#
[RestartAppStep] Application start timeout is default one: 3,600 seconds#
#2026 09 14 10:23:12.579#Z#DEBUG#16b25dd8-b026-11f1-940d-eeee0a931608.OPERATION#flowable-async-job-executor-thread-1177#
[RestartAppStep] Getting application "capm-service-srv"...#
#2026 09 14 10:23:12.613#Z#INFO#16b25dd8-b026-11f1-940d-eeee0a931608.OPERATION#flowable-async-job-executor-thread-1177#
[RestartAppStep] Starting application "capm-service-srv"...#
#2026 09 14 10:23:12.620#Z#DEBUG#16b25dd8-b026-11f1-940d-eeee0a931608.OPERATION#flowable-async-job-executor-thread-1177#
[RestartAppStep] Starting application "capm-service-srv"...#
#2026 09 14 10:23:12.860#Z#DEBUG#16b25dd8-b026-11f1-940d-eeee0a931608.OPERATION#flowable-async-job-executor-thread-1177#
Step "Start App" finished#
#2026 09 14 10:23:22.397#Z#DEBUG#16b25dd8-b026-11f1-940d-eeee0a931608.OPERATION#flowable-async-job-executor-thread-1565#
[RestartAppStep] Executing task "startAppTask" of process "4a664ce0-b026-11f1-940d-eeee0a931608"...#
#2026 09 14 10:23:22.401#Z#DEBUG#16b25dd8-b026-11f1-940d-eeee0a931608.OPERATION#flowable-async-job-executor-thread-1565#
[RestartAppStep] Application start timeout is default one: 3,600 seconds#
#2026 09 14 10:23:22.404#Z#DEBUG#16b25dd8-b026-11f1-940d-eeee0a931608.OPERATION#flowable-async-job-executor-thread-1565#
[RestartAppStep] Checking status of application "capm-service-srv"...#
#2026 09 14 10:23:22.404#Z#DEBUG#16b25dd8-b026-11f1-940d-eeee0a931608.OPERATION#flowable-async-job-executor-thread-1565#
[RestartAppStep] Getting application "capm-service-srv"...#
#2026 09 14 10:23:22.435#Z#DEBUG#16b25dd8-b026-11f1-940d-eeee0a931608.OPERATION#flowable-async-job-executor-thread-1565#
[RestartAppStep] Getting instances for application "capm-service-srv"...#
#2026 09 14 10:23:22.524#Z#DEBUG#16b25dd8-b026-11f1-940d-eeee0a931608.OPERATION#flowable-async-job-executor-thread-1565#
[RestartAppStep] Application "capm-service-srv": 0 of 1 instances running (1 starting)#
#2026 09 14 10:23:22.563#Z#DEBUG#16b25dd8-b026-11f1-940d-eeee0a931608.OPERATION#flowable-async-job-executor-thread-1565#
Step "Start App" finished#
#2026 09 14 10:23:32.473#Z#DEBUG#16b25dd8-b026-11f1-940d-eeee0a931608.OPERATION#flowable-async-job-executor-thread-1573#
[RestartAppStep] Executing task "startAppTask" of process "502f033e-b026-11f1-a9e7-eeee0a832ec0"...#
#2026 09 14 10:23:32.475#Z#DEBUG#16b25dd8-b026-11f1-940d-eeee0a931608.OPERATION#flowable-async-job-executor-thread-1573#
[RestartAppStep] Application start timeout is default one: 3,600 seconds#
#2026 09 14 10:23:32.477#Z#DEBUG#16b25dd8-b026-11f1-940d-eeee0a931608.OPERATION#flowable-async-job-executor-thread-1573#
[RestartAppStep] Checking status of application "capm-service-srv"...#
#2026 09 14 10:23:32.478#Z#DEBUG#16b25dd8-b026-11f1-940d-eeee0a931608.OPERATION#flowable-async-job-executor-thread-1573#
[RestartAppStep] Getting instances for application "capm-service-srv"...#
#2026 09 14 10:23:32.520#Z#DEBUG#16b25dd8-b026-11f1-940d-eeee0a931608.OPERATION#flowable-async-job-executor-thread-1573#
[RestartAppStep] Application "capm-service-srv": 1 of 1 instances running (1 running)#
#2026 09 14 10:23:32.588#Z#DEBUG#16b25dd8-b026-11f1-940d-eeee0a931608.OPERATION#flowable-async-job-executor-thread-1573#
[RestartAppStep] Getting routes for application "0633157c-47cd-4e1d-a58c-3252fa278ffe"...#
#2026 09 14 10:23:32.618#Z#INFO#16b25dd8-b026-11f1-940d-eeee0a931608.OPERATION#flowable-async-job-executor-thread-1573#
[RestartAppStep] Application "capm-service-srv" started and available at "ab417575trial-dev-capm-service-srv.cfapps.us10-001.hana.ondemand.com"#
#2026 09 14 10:23:32.633#Z#DEBUG#16b25dd8-b026-11f1-940d-eeee0a931608.OPERATION#flowable-async-job-executor-thread-1573#
Step "Start App" finished#
#2026 09 14 10:23:42.572#Z#DEBUG#16b25dd8-b026-11f1-940d-eeee0a931608.OPERATION#flowable-async-job-executor-thread-1578#
[RestartAppStep] Executing task "startAppTask" of process "5630077f-b026-11f1-a9e7-eeee0a832ec0"...#
#2026 09 14 10:23:42.574#Z#DEBUG#16b25dd8-b026-11f1-940d-eeee0a931608.OPERATION#flowable-async-job-executor-thread-1578#
[RestartAppStep] Application start timeout is default one: 3,600 seconds#
#2026 09 14 10:23:42.580#Z#DEBUG#16b25dd8-b026-11f1-940d-eeee0a931608.OPERATION#flowable-async-job-executor-thread-1578#
Step "Start App" finished#
#2026 09 14 10:23:42.675#Z#DEBUG#16b25dd8-b026-11f1-940d-eeee0a931608.OPERATION#flowable-async-job-executor-thread-1578#
[PrepareToExecuteTasksStep] Executing task "prepareToExecuteTasksTask" of process "5c2461f9-b026-11f1-a9e7-eeee0a832ec0"...#
#2026 09 14 10:23:42.676#Z#DEBUG#16b25dd8-b026-11f1-940d-eeee0a931608.OPERATION#flowable-async-job-executor-thread-1578#
Step "Prepare To Execute Tasks" finished#
#2026 09 14 10:23:42.771#Z#DEBUG#16b25dd8-b026-11f1-940d-eeee0a931608.OPERATION#flowable-async-job-executor-thread-1578#
[PublishConfigurationEntriesStep] Executing task "publishProvidedDependenciesTask" of process "5c1d35df-b026-11f1-a9e7-eeee0a832ec0"...#
#2026 09 14 10:23:42.773#Z#DEBUG#16b25dd8-b026-11f1-940d-eeee0a931608.OPERATION#flowable-async-job-executor-thread-1578#
[PublishConfigurationEntriesStep] Publishing public provided dependencies for application "capm-service-srv"...#
#2026 09 14 10:23:42.773#Z#DEBUG#16b25dd8-b026-11f1-940d-eeee0a931608.OPERATION#flowable-async-job-executor-thread-1578#
[PublishConfigurationEntriesStep] No public provided dependencies for publishing#
#2026 09 14 10:23:42.773#Z#DEBUG#16b25dd8-b026-11f1-940d-eeee0a931608.OPERATION#flowable-async-job-executor-thread-1578#
Step "Publish Provided Dependencies" finished#
#2026 09 14 10:23:42.814#Z#DEBUG#16b25dd8-b026-11f1-940d-eeee0a931608.OPERATION#flowable-async-job-executor-thread-1578#
[CreateOrUpdateServiceBrokerStep] Executing task "createOrUpdateServiceBrokerTask" of process "5c1d35df-b026-11f1-a9e7-eeee0a832ec0"...#
#2026 09 14 10:23:42.817#Z#DEBUG#16b25dd8-b026-11f1-940d-eeee0a931608.OPERATION#flowable-async-job-executor-thread-1578#
[CreateOrUpdateServiceBrokerStep] Creating service brokers...#
#2026 09 14 10:23:42.819#Z#DEBUG#16b25dd8-b026-11f1-940d-eeee0a931608.OPERATION#flowable-async-job-executor-thread-1578#
Step "Create Or Update Service Broker " finished#
#2026 09 14 10:23:43.075#Z#DEBUG#16b25dd8-b026-11f1-940d-eeee0a931608.OPERATION#flowable-async-job-executor-thread-1582#
[ProcessDescriptorStep] Executing task "reprocessDescriptorTask" of process "5c5cfe87-b026-11f1-a9e7-eeee0a832ec0"...#
#2026 09 14 10:23:43.076#Z#DEBUG#16b25dd8-b026-11f1-940d-eeee0a931608.OPERATION#flowable-async-job-executor-thread-1582#
[ProcessDescriptorStep] Resolving properties and parameters in merged descriptor...#
#2026 09 14 10:23:43.080#Z#DEBUG#16b25dd8-b026-11f1-940d-eeee0a931608.OPERATION#flowable-async-job-executor-thread-1582#
[ProcessDescriptorStep] Subscriptions: [ ]#
#2026 09 14 10:23:43.086#Z#DEBUG#16b25dd8-b026-11f1-940d-eeee0a931608.OPERATION#flowable-async-job-executor-thread-1582#
[ProcessDescriptorStep] MTA modules: [capm-service-db-deployer, capm-service-srv]#
#2026 09 14 10:23:43.089#Z#DEBUG#16b25dd8-b026-11f1-940d-eeee0a931608.OPERATION#flowable-async-job-executor-thread-1582#
[ProcessDescriptorStep] Resolved deployment descriptor: {
  "majorSchemaVersion" : 3,
  "schemaVersion" : "3.3.0",
  "id" : "capm-service",
  "version" : "1.0.0",
  "modules" : [ {
    "majorSchemaVersion" : 3,
    "name" : "capm-service-srv",
    "type" : "javascript.nodejs",
    "path" : "capm-service-srv",
    "properties" : { },
    "parameters" : {
      "default-url" : "https://ab417575trial-dev-capm-service-srv.cfapps.us10-001.hana.ondemand.com",
      "default-app-name" : "capm-service-srv",
      "generated-password" : "********",
      "default-live-url" : "https://ab417575trial-dev-capm-service-srv.cfapps.us10-001.hana.ondemand.com",
      "default-uri" : "ab417575trial-dev-capm-service-srv.cfapps.us10-001.hana.ondemand.com",
      "memory" : "256M",
      "default-instances" : 1,
      "default-live-host" : "ab417575trial-dev-capm-service-srv",
      "instances" : 1,
      "buildpack" : "nodejs_buildpack",
      "default-host" : "ab417575trial-dev-capm-service-srv",
      "app-name" : "capm-service-srv",
      "default-live-uri" : "ab417575trial-dev-capm-service-srv.cfapps.us10-001.hana.ondemand.com",
      "protocol" : "https",
      "default-live-app-name" : "capm-service-srv",
      "default-live-domain" : "cfapps.us10-001.hana.ondemand.com",
      "domain" : "cfapps.us10-001.hana.ondemand.com",
      "host" : "ab417575trial-dev-capm-service-srv",
      "generated-user" : "********"
    },
    "requiredDependencies" : [ {
      "majorSchemaVersion" : 3,
      "name" : "capm-service-db",
      "properties" : { },
      "parameters" : { },
      "propertiesMetadata" : {
        "metadata" : { }
      },
      "parametersMetadata" : {
        "metadata" : { }
      }
    }, {
      "majorSchemaVersion" : 3,
      "name" : "********",
      "properties" : { },
      "parameters" : { },
      "propertiesMetadata" : {
        "metadata" : { }
      },
      "parametersMetadata" : {
        "metadata" : { }
      }
    }, {
      "majorSchemaVersion" : 3,
      "name" : "capm-service-destination",
      "properties" : { },
      "parameters" : { },
      "propertiesMetadata" : {
        "metadata" : { }
      },
      "parametersMetadata" : {
        "metadata" : { }
      }
    }, {
      "majorSchemaVersion" : 3,
      "name" : "capm-service-spa-workflow",
      "properties" : { },
      "parameters" : { },
      "propertiesMetadata" : {
        "metadata" : { }
      },
      "parametersMetadata" : {
        "metadata" : { }
      }
    } ],
    "providedDependencies" : [ {
      "majorSchemaVersion" : 3,
      "name" : "srv-api",
      "isPublic" : false,
      "properties" : {
        "srv-url" : "https://ab417575trial-dev-capm-service-srv.cfapps.us10-001.hana.ondemand.com"
      },
      "parameters" : { },
      "propertiesMetadata" : {
        "metadata" : { }
      },
      "parametersMetadata" : {
        "metadata" : { }
      }
    }, {
      "majorSchemaVersion" : 3,
      "name" : "capm-service-srv",
      "isPublic" : false,
      "properties" : { },
      "parameters" : { },
      "propertiesMetadata" : {
        "metadata" : { }
      },
      "parametersMetadata" : {
        "metadata" : { }
      }
    } ],
    "propertiesMetadata" : {
      "metadata" : { }
    },
    "parametersMetadata" : {
      "metadata" : { }
    },
    "hooks" : [ ]
  }, {
    "majorSchemaVersion" : 3,
    "name" : "capm-service-db-deployer",
    "type" : "com.sap.xs.hdi",
    "path" : "capm-service-db-deployer",
    "properties" : {
      "EXIT" : 1
    },
    "parameters" : {
      "default-url" : "https://ab417575trial-dev-capm-service-db-deployer.cfapps.us10-001.hana.ondemand.com",
      "default-app-name" : "capm-service-db-deployer",
      "generated-password" : "********",
      "default-live-url" : "https://ab417575trial-dev-capm-service-db-deployer.cfapps.us10-001.hana.ondemand.com",
      "default-uri" : "ab417575trial-dev-capm-service-db-deployer.cfapps.us10-001.hana.ondemand.com",
      "memory" : "256M",
      "default-instances" : 1,
      "no-route" : true,
      "default-live-host" : "ab417575trial-dev-capm-service-db-deployer",
      "instances" : 1,
      "buildpack" : "nodejs_buildpack",
      "default-host" : "ab417575trial-dev-capm-service-db-deployer",
      "app-name" : "capm-service-db-deployer",
      "default-live-uri" : "ab417575trial-dev-capm-service-db-deployer.cfapps.us10-001.hana.ondemand.com",
      "protocol" : "https",
      "default-live-app-name" : "capm-service-db-deployer",
      "default-live-domain" : "cfapps.us10-001.hana.ondemand.com",
      "dependency-type" : "hard",
      "domain" : "cfapps.us10-001.hana.ondemand.com",
      "host" : "ab417575trial-dev-capm-service-db-deployer",
      "generated-user" : "********",
      "tasks" : [ {
        "command" : "npm start",
        "memory" : "256M",
        "name" : "deploy"
      } ],
      "no-start" : true
    },
    "requiredDependencies" : [ {
      "majorSchemaVersion" : 3,
      "name" : "capm-service-db",
      "properties" : { },
      "parameters" : { },
      "propertiesMetadata" : {
        "metadata" : { }
      },
      "parametersMetadata" : {
        "metadata" : { }
      }
    } ],
    "providedDependencies" : [ {
      "majorSchemaVersion" : 3,
      "name" : "capm-service-db-deployer",
      "isPublic" : false,
      "properties" : { },
      "parameters" : { },
      "propertiesMetadata" : {
        "metadata" : { }
      },
      "parametersMetadata" : {
        "metadata" : { }
      }
    } ],
    "propertiesMetadata" : {
      "metadata" : { }
    },
    "parametersMetadata" : {
      "metadata" : { }
    },
    "hooks" : [ ]
  } ],
  "resources" : [ {
    "majorSchemaVersion" : 3,
    "name" : "capm-service-db",
    "type" : "com.sap.xs.hdi-container",
    "properties" : { },
    "parameters" : {
      "generated-password" : "********",
      "service-name" : "capm-service-db",
      "service-plan" : "hdi-shared",
      "service" : "hana",
      "generated-user" : "********",
      "default-xsappname" : "capm-service-db",
      "type" : "managed-service",
      "default-service-name" : "capm-service-db",
      "default-container-name" : "AB417575TRIAL_DEV_CAPM_SERVICE_DB"
    },
    "isActive" : true,
    "isOptional" : false,
    "propertiesMetadata" : {
      "metadata" : { }
    },
    "parametersMetadata" : {
      "metadata" : { }
    },
    "requiredDependencies" : [ ],
    "processedAfter" : [ ]
  }, {
    "majorSchemaVersion" : 3,
    "name" : "********",
    "type" : "org.cloudfoundry.managed-service",
    "properties" : { },
    "parameters" : {
      "generated-password" : "********",
      "path" : "xs-security.json",
      "service-name" : "********",
      "service-plan" : "application",
      "service" : "xsuaa",
      "generated-user" : "********",
      "default-xsappname" : "********",
      "type" : "managed-service",
      "default-service-name" : "********",
      "default-container-name" : "********"
    },
    "isActive" : true,
    "isOptional" : false,
    "propertiesMetadata" : {
      "metadata" : { }
    },
    "parametersMetadata" : {
      "metadata" : { }
    },
    "requiredDependencies" : [ ],
    "processedAfter" : [ ]
  }, {
    "majorSchemaVersion" : 3,
    "name" : "capm-service-destination",
    "type" : "org.cloudfoundry.managed-service",
    "properties" : { },
    "parameters" : {
      "generated-password" : "********",
      "service-name" : "capm-service-destination",
      "service-plan" : "lite",
      "service" : "destination",
      "generated-user" : "********",
      "default-xsappname" : "capm-service-destination",
      "type" : "managed-service",
      "default-service-name" : "capm-service-destination",
      "default-container-name" : "AB417575TRIAL_DEV_CAPM_SERVICE_DESTINATION"
    },
    "isActive" : true,
    "isOptional" : false,
    "propertiesMetadata" : {
      "metadata" : { }
    },
    "parametersMetadata" : {
      "metadata" : { }
    },
    "requiredDependencies" : [ ],
    "processedAfter" : [ ]
  }, {
    "majorSchemaVersion" : 3,
    "name" : "capm-service-spa-workflow",
    "type" : "org.cloudfoundry.managed-service",
    "properties" : { },
    "parameters" : {
      "generated-password" : "********",
      "service-name" : "capm-service-spa-workflow",
      "service-plan" : "standard",
      "service" : "process-automation-service",
      "generated-user" : "********",
      "default-xsappname" : "capm-service-spa-workflow",
      "type" : "managed-service",
      "default-service-name" : "capm-service-spa-workflow",
      "default-container-name" : "AB417575TRIAL_DEV_CAPM_SERVICE_SPA_WORKFLOW"
    },
    "isActive" : true,
    "isOptional" : false,
    "propertiesMetadata" : {
      "metadata" : { }
    },
    "parametersMetadata" : {
      "metadata" : { }
    },
    "requiredDependencies" : [ ],
    "processedAfter" : [ ]
  } ],
  "parameters" : {
    "mta-id" : "capm-service",
    "authorization-url" : "********",
    "org-guid" : "06d1c646-2b36-4a95-9166-dd9f50eeb7f9",
    "org" : "ab417575trial",
    "deploy-target" : "ab417575trial dev",
    "region-primary-domain" : "us10.hana.ondemand.com",
    "space" : "dev",
    "region-domain" : "us10-001.hana.ondemand.com",
    "xs-api-url" : "https://api.cf.us10-001.hana.ondemand.com",
    "deploy-url" : "deploy-service.cfapps.us10-001.hana.ondemand.com",
    "xs-type" : "CF",
    "default-domain" : "cfapps.us10-001.hana.ondemand.com",
    "mta-version" : "1.0.0",
    "xs-auth-url" : "********",
    "space-guid" : "583b4ec9-26f7-49b3-a891-378694e7062d",
    "user" : "********",
    "controller-url" : "https://api.cf.us10-001.hana.ondemand.com",
    "timestamp" : "20260914102146"
  },
  "parametersMetadata" : {
    "metadata" : { }
  }
}#
#2026 09 14 10:23:43.089#Z#DEBUG#16b25dd8-b026-11f1-940d-eeee0a931608.OPERATION#flowable-async-job-executor-thread-1582#
[ProcessDescriptorStep] Merged descriptor properties and parameters resolved#
#2026 09 14 10:23:43.089#Z#DEBUG#16b25dd8-b026-11f1-940d-eeee0a931608.OPERATION#flowable-async-job-executor-thread-1582#
Step "Re-Process Descriptor Step" finished#
#2026 09 14 10:23:43.144#Z#DEBUG#16b25dd8-b026-11f1-940d-eeee0a931608.OPERATION#flowable-async-job-executor-thread-1582#
[BuildApplicationDeployModelStep] Executing task "buildApplicationDeployModelTask" of process "5c5cfe87-b026-11f1-a9e7-eeee0a832ec0"...#
#2026 09 14 10:23:43.147#Z#DEBUG#16b25dd8-b026-11f1-940d-eeee0a931608.OPERATION#flowable-async-job-executor-thread-1582#
[BuildApplicationDeployModelStep] Building cloud deployment model for application "capm-service-db-deployer"...#
#2026 09 14 10:23:43.153#Z#DEBUG#16b25dd8-b026-11f1-940d-eeee0a931608.OPERATION#flowable-async-job-executor-thread-1582#
[BuildApplicationDeployModelStep] No health-check-type is specified. Setting default type: port#
#2026 09 14 10:23:43.154#Z#INFO#16b25dd8-b026-11f1-940d-eeee0a931608.OPERATION#flowable-async-job-executor-thread-1582#
[BuildApplicationDeployModelStep] Building configuration entries for org ab417575trial, space dev, spaceId 583b4ec9-26f7-49b3-a891-378694e7062d and namespace null!#
#2026 09 14 10:23:43.155#Z#DEBUG#16b25dd8-b026-11f1-940d-eeee0a931608.OPERATION#flowable-async-job-executor-thread-1582#
[BuildApplicationDeployModelStep] Configuration entries to publish: [ ]#
#2026 09 14 10:23:43.155#Z#DEBUG#16b25dd8-b026-11f1-940d-eeee0a931608.OPERATION#flowable-async-job-executor-thread-1582#
[BuildApplicationDeployModelStep] Cloud deployment model for application built#
#2026 09 14 10:23:43.155#Z#DEBUG#16b25dd8-b026-11f1-940d-eeee0a931608.OPERATION#flowable-async-job-executor-thread-1582#
Step "Build Application Deploy Model" finished#
#2026 09 14 10:23:43.192#Z#DEBUG#16b25dd8-b026-11f1-940d-eeee0a931608.OPERATION#flowable-async-job-executor-thread-1582#
[CreateOrUpdateAppStep] Executing task "createAppTask" of process "5c5cfe87-b026-11f1-a9e7-eeee0a832ec0"...#
#2026 09 14 10:23:43.193#Z#DEBUG#16b25dd8-b026-11f1-940d-eeee0a931608.OPERATION#flowable-async-job-executor-thread-1582#
[CreateOrUpdateAppStep] Getting application "capm-service-db-deployer"...#
#2026 09 14 10:23:43.221#Z#INFO#16b25dd8-b026-11f1-940d-eeee0a931608.OPERATION#flowable-async-job-executor-thread-1582#
[CreateOrUpdateAppStep] Updating application "capm-service-db-deployer"...#
#2026 09 14 10:23:43.227#Z#DEBUG#16b25dd8-b026-11f1-940d-eeee0a931608.OPERATION#flowable-async-job-executor-thread-1582#
[CreateOrUpdateAppStep] Getting process for application "070d8486-d915-4207-813d-4e7e9b8a0d10"...#
#2026 09 14 10:23:43.263#Z#DEBUG#16b25dd8-b026-11f1-940d-eeee0a931608.OPERATION#flowable-async-job-executor-thread-1582#
[CreateOrUpdateAppStep] Getting routes for application "070d8486-d915-4207-813d-4e7e9b8a0d10"...#
#2026 09 14 10:23:43.284#Z#DEBUG#16b25dd8-b026-11f1-940d-eeee0a931608.OPERATION#flowable-async-job-executor-thread-1582#
[CreateOrUpdateAppStep] Getting features for application "070d8486-d915-4207-813d-4e7e9b8a0d10"#
#2026 09 14 10:23:43.309#Z#DEBUG#16b25dd8-b026-11f1-940d-eeee0a931608.OPERATION#flowable-async-job-executor-thread-1582#
[CreateOrUpdateAppStep] Updating staging of application "capm-service-db-deployer" to: {
  "buildpacks" : [ "nodejs_buildpack" ],
  "healthCheckType" : "port",
  "appFeatures" : { }
}#
#2026 09 14 10:23:43.491#Z#DEBUG#16b25dd8-b026-11f1-940d-eeee0a931608.OPERATION#flowable-async-job-executor-thread-1582#
[CreateOrUpdateAppStep] Application "capm-service-db-deployer" updated#
#2026 09 14 10:23:43.491#Z#DEBUG#16b25dd8-b026-11f1-940d-eeee0a931608.OPERATION#flowable-async-job-executor-thread-1582#
[CreateOrUpdateAppStep] Getting environment of application "070d8486-d915-4207-813d-4e7e9b8a0d10"...#
#2026 09 14 10:23:43.585#Z#DEBUG#16b25dd8-b026-11f1-940d-eeee0a931608.OPERATION#flowable-async-job-executor-thread-1582#
[CreateOrUpdateAppStep] Application "capm-service-db-deployer" updated#
#2026 09 14 10:23:43.585#Z#DEBUG#16b25dd8-b026-11f1-940d-eeee0a931608.OPERATION#flowable-async-job-executor-thread-1582#
Step "Create App" finished#
#2026 09 14 10:23:43.671#Z#DEBUG#16b25dd8-b026-11f1-940d-eeee0a931608.OPERATION#flowable-async-job-executor-thread-1582#
[CheckServiceBindingOperationStep] Executing task "checkForServiceBindingOperationInProgress" of process "5cbcf862-b026-11f1-a9e7-eeee0a832ec0"...#
#2026 09 14 10:23:43.671#Z#DEBUG#16b25dd8-b026-11f1-940d-eeee0a931608.OPERATION#flowable-async-job-executor-thread-1582#
[CheckServiceBindingOperationStep] Checking for service binding operation in progress between app "capm-service-db-deployer" and service instance "capm-service-db"#
#2026 09 14 10:23:43.672#Z#DEBUG#16b25dd8-b026-11f1-940d-eeee0a931608.OPERATION#flowable-async-job-executor-thread-1582#
[CheckServiceBindingOperationStep] Getting application guid "capm-service-db-deployer"...#
#2026 09 14 10:23:43.698#Z#DEBUG#16b25dd8-b026-11f1-940d-eeee0a931608.OPERATION#flowable-async-job-executor-thread-1582#
[CheckServiceBindingOperationStep] Getting GUID of required service instance "capm-service-db"...#
#2026 09 14 10:23:43.729#Z#DEBUG#16b25dd8-b026-11f1-940d-eeee0a931608.OPERATION#flowable-async-job-executor-thread-1582#
[CheckServiceBindingOperationStep] Getting binding of service instance "47a9cc1a-989e-4008-b793-11d76cbb2352" with application "070d8486-d915-4207-813d-4e7e9b8a0d10"...#
#2026 09 14 10:23:43.760#Z#DEBUG#16b25dd8-b026-11f1-940d-eeee0a931608.OPERATION#flowable-async-job-executor-thread-1582#
[CheckServiceBindingOperationStep] Service binding operation "89077536-2b0d-4647-abf8-c48dcbcba3ed" with type "create" is in state "succeeded"#
#2026 09 14 10:23:43.760#Z#DEBUG#16b25dd8-b026-11f1-940d-eeee0a931608.OPERATION#flowable-async-job-executor-thread-1582#
Step "Check For Service Binding Operation In Progress" finished#
#2026 09 14 10:23:43.788#Z#DEBUG#16b25dd8-b026-11f1-940d-eeee0a931608.OPERATION#flowable-async-job-executor-thread-1582#
[DetermineApplicationServiceBindingActionsStep] Executing task "determineApplicationServiceBindingActionsTask" of process "5cbcf862-b026-11f1-a9e7-eeee0a832ec0"...#
#2026 09 14 10:23:43.790#Z#DEBUG#16b25dd8-b026-11f1-940d-eeee0a931608.OPERATION#flowable-async-job-executor-thread-1582#
[DetermineApplicationServiceBindingActionsStep] Determine bind/unbind operations of application "capm-service-db-deployer" to service instance "capm-service-db"#
#2026 09 14 10:23:43.790#Z#DEBUG#16b25dd8-b026-11f1-940d-eeee0a931608.OPERATION#flowable-async-job-executor-thread-1582#
[DetermineApplicationServiceBindingActionsStep] Getting application "capm-service-db-deployer"...#
#2026 09 14 10:23:43.819#Z#DEBUG#16b25dd8-b026-11f1-940d-eeee0a931608.OPERATION#flowable-async-job-executor-thread-1582#
[DetermineApplicationServiceBindingActionsStep] Binding parameters for application "capm-service-db-deployer": { }#
#2026 09 14 10:23:43.849#Z#DEBUG#16b25dd8-b026-11f1-940d-eeee0a931608.OPERATION#flowable-async-job-executor-thread-1582#
[DetermineApplicationServiceBindingActionsStep] Check should rebind application "capm-service-db-deployer" and service instance "capm-service-db"#
#2026 09 14 10:23:43.849#Z#DEBUG#16b25dd8-b026-11f1-940d-eeee0a931608.OPERATION#flowable-async-job-executor-thread-1582#
[DetermineApplicationServiceBindingActionsStep] Getting GUID of required service instance "capm-service-db"...#
#2026 09 14 10:23:43.876#Z#DEBUG#16b25dd8-b026-11f1-940d-eeee0a931608.OPERATION#flowable-async-job-executor-thread-1582#
[DetermineApplicationServiceBindingActionsStep] Getting binding of service instance "47a9cc1a-989e-4008-b793-11d76cbb2352" with application "070d8486-d915-4207-813d-4e7e9b8a0d10"...#
#2026 09 14 10:23:43.905#Z#DEBUG#16b25dd8-b026-11f1-940d-eeee0a931608.OPERATION#flowable-async-job-executor-thread-1582#
[DetermineApplicationServiceBindingActionsStep] Getting parameters of service binding "89077536-2b0d-4647-abf8-c48dcbcba3ed"...#
#2026 09 14 10:23:44.077#Z#INFO#16b25dd8-b026-11f1-940d-eeee0a931608.OPERATION#flowable-async-job-executor-thread-1582#
[DetermineApplicationServiceBindingActionsStep] Service instance "capm-service-db" will not be rebound to application "capm-service-db-deployer" because the binding parameters are not modified#
#2026 09 14 10:23:44.082#Z#DEBUG#16b25dd8-b026-11f1-940d-eeee0a931608.OPERATION#flowable-async-job-executor-thread-1582#
[DetermineApplicationServiceBindingActionsStep] Calculated binding operations between application "capm-service-db-deployer" and service instance "capm-service-db": unbind - false bind - false#
#2026 09 14 10:23:44.082#Z#DEBUG#16b25dd8-b026-11f1-940d-eeee0a931608.OPERATION#flowable-async-job-executor-thread-1582#
Step "Determine Application Service Binding Actions" finished#
#2026 09 14 10:23:44.182#Z#DEBUG#16b25dd8-b026-11f1-940d-eeee0a931608.OPERATION#flowable-async-job-executor-thread-1582#
[DetermineVcapServicesPropertiesChangedStep] Executing task "determineVcapServicesPropertiesChangedTask" of process "5d0a552c-b026-11f1-a9e7-eeee0a832ec0"...#
#2026 09 14 10:23:44.183#Z#DEBUG#16b25dd8-b026-11f1-940d-eeee0a931608.OPERATION#flowable-async-job-executor-thread-1582#
[DetermineVcapServicesPropertiesChangedStep] VCAP_SERVICES properties for application "capm-service-db-deployer" changed: false#
#2026 09 14 10:23:44.183#Z#DEBUG#16b25dd8-b026-11f1-940d-eeee0a931608.OPERATION#flowable-async-job-executor-thread-1582#
Step "Determine vcap services properties changed" finished#
#2026 09 14 10:23:44.209#Z#DEBUG#16b25dd8-b026-11f1-940d-eeee0a931608.OPERATION#flowable-async-job-executor-thread-1582#
[UploadAppStep] Executing task "uploadAppTask" of process "5d0a552c-b026-11f1-a9e7-eeee0a832ec0"...#
#2026 09 14 10:23:44.210#Z#DEBUG#16b25dd8-b026-11f1-940d-eeee0a931608.OPERATION#flowable-async-job-executor-thread-1582#
[UploadAppStep] Application upload timeout is default one: 3,600 seconds#
#2026 09 14 10:23:44.210#Z#INFO#16b25dd8-b026-11f1-940d-eeee0a931608.OPERATION#flowable-async-job-executor-thread-1582#
[UploadAppStep] Uploading application "capm-service-db-deployer"...#
#2026 09 14 10:23:44.215#Z#DEBUG#16b25dd8-b026-11f1-940d-eeee0a931608.OPERATION#flowable-async-job-executor-thread-1582#
[UploadAppStep] Getting application "capm-service-db-deployer"...#
#2026 09 14 10:23:44.242#Z#DEBUG#16b25dd8-b026-11f1-940d-eeee0a931608.OPERATION#flowable-async-job-executor-thread-1582#
[UploadAppStep] Getting environment of application "070d8486-d915-4207-813d-4e7e9b8a0d10"...#
#2026 09 14 10:23:44.273#Z#INFO#16b25dd8-b026-11f1-940d-eeee0a931608.OPERATION#flowable-async-job-executor-thread-1582#
[UploadAppStep] Calculating application digest: "capm-service-db-deployer"#
#2026 09 14 10:23:44.409#Z#DEBUG#16b25dd8-b026-11f1-940d-eeee0a931608.OPERATION#flowable-async-job-executor-thread-1582#
Step "Upload App" finished#
#2026 09 14 10:23:52.597#Z#DEBUG#16b25dd8-b026-11f1-940d-eeee0a931608.OPERATION#flowable-async-job-executor-thread-1587#
[UploadAppStep] Executing task "uploadAppTask" of process "5d0a552c-b026-11f1-a9e7-eeee0a832ec0"...#
#2026 09 14 10:23:52.600#Z#DEBUG#16b25dd8-b026-11f1-940d-eeee0a931608.OPERATION#flowable-async-job-executor-thread-1587#
[UploadAppStep] Application upload timeout is default one: 3,600 seconds#
#2026 09 14 10:23:52.605#Z#DEBUG#16b25dd8-b026-11f1-940d-eeee0a931608.OPERATION#pool-14-thread-2#
[UploadAppStep] Upload of application: capm-service-db-deployer started on instance: 0#
#2026 09 14 10:23:52.605#Z#DEBUG#16b25dd8-b026-11f1-940d-eeee0a931608.OPERATION#pool-14-thread-2#
[UploadAppStep] Uploading file "capm-service-db-deployer/data.zip" for application "capm-service-db-deployer"#
#2026 09 14 10:23:52.750#Z#INFO#16b25dd8-b026-11f1-940d-eeee0a931608.OPERATION#pool-14-thread-2#
[UploadAppStep] Time elapsed for app binary download: 145 in millis#
#2026 09 14 10:23:52.750#Z#INFO#16b25dd8-b026-11f1-940d-eeee0a931608.OPERATION#pool-14-thread-2#
[UploadAppStep] Size of app capm-service-db-deployer is 2,450,670 bytes#
#2026 09 14 10:23:52.750#Z#DEBUG#16b25dd8-b026-11f1-940d-eeee0a931608.OPERATION#pool-14-thread-2#
[UploadAppStep] Asynchronously uploading binaries for application "capm-service-db-deployer"...#
#2026 09 14 10:23:52.952#Z#INFO#16b25dd8-b026-11f1-940d-eeee0a931608.OPERATION#pool-14-thread-2#
[UploadAppStep] Started async upload of application "capm-service-db-deployer"#
#2026 09 14 10:23:52.958#Z#INFO#16b25dd8-b026-11f1-940d-eeee0a931608.OPERATION#flowable-async-job-executor-thread-1587#
[UploadAppStep] Time elapsed for upload: 357 in millis#
#2026 09 14 10:23:52.958#Z#DEBUG#16b25dd8-b026-11f1-940d-eeee0a931608.OPERATION#flowable-async-job-executor-thread-1587#
[UploadAppStep] Getting application "capm-service-db-deployer"...#
#2026 09 14 10:23:52.974#Z#DEBUG#16b25dd8-b026-11f1-940d-eeee0a931608.OPERATION#App upload monitor: 2cc3282d-1643-44c5-b7ae-5c0565c737d4#
[UploadAppStep] Upload status: PROCESSING_UPLOAD#
#2026 09 14 10:23:52.991#Z#DEBUG#16b25dd8-b026-11f1-940d-eeee0a931608.OPERATION#flowable-async-job-executor-thread-1587#
[UploadAppStep] Getting environment of application "070d8486-d915-4207-813d-4e7e9b8a0d10"...#
#2026 09 14 10:23:53.015#Z#DEBUG#16b25dd8-b026-11f1-940d-eeee0a931608.OPERATION#flowable-async-job-executor-thread-1587#
[UploadAppStep] Updating environment of application "capm-service-db-deployer"#
#2026 09 14 10:23:53.082#Z#DEBUG#16b25dd8-b026-11f1-940d-eeee0a931608.OPERATION#flowable-async-job-executor-thread-1587#
Step "Upload App" finished#
#2026 09 14 10:24:02.678#Z#DEBUG#16b25dd8-b026-11f1-940d-eeee0a931608.OPERATION#flowable-async-job-executor-thread-1596#
[UploadAppStep] Executing task "uploadAppTask" of process "5d0a552c-b026-11f1-a9e7-eeee0a832ec0"...#
#2026 09 14 10:24:02.679#Z#DEBUG#16b25dd8-b026-11f1-940d-eeee0a931608.OPERATION#flowable-async-job-executor-thread-1596#
[UploadAppStep] Application upload timeout is default one: 3,600 seconds#
#2026 09 14 10:24:02.679#Z#DEBUG#16b25dd8-b026-11f1-940d-eeee0a931608.OPERATION#flowable-async-job-executor-thread-1596#
[UploadAppStep] Checking upload status of application "capm-service-db-deployer"...#
#2026 09 14 10:24:02.682#Z#DEBUG#16b25dd8-b026-11f1-940d-eeee0a931608.OPERATION#flowable-async-job-executor-thread-1596#
[UploadAppStep] Getting package "2cc3282d-1643-44c5-b7ae-5c0565c737d4"...#
#2026 09 14 10:24:02.708#Z#DEBUG#16b25dd8-b026-11f1-940d-eeee0a931608.OPERATION#flowable-async-job-executor-thread-1596#
[UploadAppStep] Application "capm-service-db-deployer" uploaded#
#2026 09 14 10:24:02.710#Z#DEBUG#16b25dd8-b026-11f1-940d-eeee0a931608.OPERATION#flowable-async-job-executor-thread-1596#
Step "Upload App" finished#
#2026 09 14 10:24:02.808#Z#DEBUG#16b25dd8-b026-11f1-940d-eeee0a931608.OPERATION#flowable-async-job-executor-thread-1593#
[ScaleAppStep] Executing task "scaleAppTask" of process "5d0a552c-b026-11f1-a9e7-eeee0a832ec0"...#
#2026 09 14 10:24:02.811#Z#DEBUG#16b25dd8-b026-11f1-940d-eeee0a931608.OPERATION#flowable-async-job-executor-thread-1593#
[ScaleAppStep] Scaling application "capm-service-db-deployer"...#
#2026 09 14 10:24:02.811#Z#DEBUG#16b25dd8-b026-11f1-940d-eeee0a931608.OPERATION#flowable-async-job-executor-thread-1593#
[ScaleAppStep] Getting application guid "capm-service-db-deployer"...#
#2026 09 14 10:24:02.841#Z#DEBUG#16b25dd8-b026-11f1-940d-eeee0a931608.OPERATION#flowable-async-job-executor-thread-1593#
[ScaleAppStep] Getting process for application "070d8486-d915-4207-813d-4e7e9b8a0d10"...#
#2026 09 14 10:24:02.876#Z#DEBUG#16b25dd8-b026-11f1-940d-eeee0a931608.OPERATION#flowable-async-job-executor-thread-1593#
[ScaleAppStep] Application "capm-service-db-deployer" scaled#
#2026 09 14 10:24:02.876#Z#DEBUG#16b25dd8-b026-11f1-940d-eeee0a931608.OPERATION#flowable-async-job-executor-thread-1593#
Step "Scale App" finished#
#2026 09 14 10:24:02.919#Z#DEBUG#16b25dd8-b026-11f1-940d-eeee0a931608.OPERATION#flowable-async-job-executor-thread-1593#
[DetermineDesiredStateAchievingActionsStep] Executing task "determineDesiredStateAchievingActionsTask" of process "5d0a552c-b026-11f1-a9e7-eeee0a832ec0"...#
#2026 09 14 10:24:02.922#Z#DEBUG#16b25dd8-b026-11f1-940d-eeee0a931608.OPERATION#flowable-async-job-executor-thread-1593#
[DetermineDesiredStateAchievingActionsStep] Getting application "capm-service-db-deployer"...#
#2026 09 14 10:24:02.949#Z#DEBUG#16b25dd8-b026-11f1-940d-eeee0a931608.OPERATION#flowable-async-job-executor-thread-1593#
[DetermineDesiredStateAchievingActionsStep] Getting instances for application "capm-service-db-deployer"...#
#2026 09 14 10:24:02.949#Z#DEBUG#16b25dd8-b026-11f1-940d-eeee0a931608.OPERATION#flowable-async-job-executor-thread-1593#
[DetermineDesiredStateAchievingActionsStep] Getting environment of application "070d8486-d915-4207-813d-4e7e9b8a0d10"...#
#2026 09 14 10:24:02.979#Z#DEBUG#16b25dd8-b026-11f1-940d-eeee0a931608.OPERATION#flowable-async-job-executor-thread-1593#
[DetermineDesiredStateAchievingActionsStep] Current state of application capm-service-db-deployer: STOPPED#
#2026 09 14 10:24:02.979#Z#DEBUG#16b25dd8-b026-11f1-940d-eeee0a931608.OPERATION#flowable-async-job-executor-thread-1593#
[DetermineDesiredStateAchievingActionsStep] Desired state of application capm-service-db-deployer: STOPPED#
#2026 09 14 10:24:02.979#Z#DEBUG#16b25dd8-b026-11f1-940d-eeee0a931608.OPERATION#flowable-async-job-executor-thread-1593#
[DetermineDesiredStateAchievingActionsStep] Actions that should be executed on application capm-service-db-deployer: [STAGE]#
#2026 09 14 10:24:02.980#Z#DEBUG#16b25dd8-b026-11f1-940d-eeee0a931608.OPERATION#flowable-async-job-executor-thread-1593#
Step "Determine Desired State Achieving Actions" finished#
#2026 09 14 10:24:03.033#Z#DEBUG#16b25dd8-b026-11f1-940d-eeee0a931608.OPERATION#flowable-async-job-executor-thread-1593#
[StageAppStep] Executing task "stageAppTask" of process "5d0a552c-b026-11f1-a9e7-eeee0a832ec0"...#
#2026 09 14 10:24:03.035#Z#DEBUG#16b25dd8-b026-11f1-940d-eeee0a931608.OPERATION#flowable-async-job-executor-thread-1593#
[StageAppStep] Application stage timeout is default one: 3,600 seconds#
#2026 09 14 10:24:03.037#Z#INFO#16b25dd8-b026-11f1-940d-eeee0a931608.OPERATION#flowable-async-job-executor-thread-1593#
[StageAppStep] Staging application "capm-service-db-deployer"...#
#2026 09 14 10:24:03.045#Z#DEBUG#16b25dd8-b026-11f1-940d-eeee0a931608.OPERATION#flowable-async-job-executor-thread-1593#
[StageAppStep] Creating build for package "2cc3282d-1643-44c5-b7ae-5c0565c737d4"...#
#2026 09 14 10:24:03.406#Z#DEBUG#16b25dd8-b026-11f1-940d-eeee0a931608.OPERATION#flowable-async-job-executor-thread-1593#
Step "Stage App" finished#
#2026 09 14 10:24:12.741#Z#DEBUG#16b25dd8-b026-11f1-940d-eeee0a931608.OPERATION#flowable-async-job-executor-thread-1607#
[StageAppStep] Executing task "stageAppTask" of process "5d0a552c-b026-11f1-a9e7-eeee0a832ec0"...#
#2026 09 14 10:24:12.742#Z#DEBUG#16b25dd8-b026-11f1-940d-eeee0a931608.OPERATION#flowable-async-job-executor-thread-1607#
[StageAppStep] Application stage timeout is default one: 3,600 seconds#
#2026 09 14 10:24:12.743#Z#DEBUG#16b25dd8-b026-11f1-940d-eeee0a931608.OPERATION#flowable-async-job-executor-thread-1607#
[StageAppStep] Checking status of application "capm-service-db-deployer"...#
#2026 09 14 10:24:12.743#Z#DEBUG#16b25dd8-b026-11f1-940d-eeee0a931608.OPERATION#flowable-async-job-executor-thread-1607#
[StageAppStep] Getting build "3eafa27e-9817-4664-95e6-d6486dc5c1de"...#
#2026 09 14 10:24:12.778#Z#DEBUG#16b25dd8-b026-11f1-940d-eeee0a931608.OPERATION#flowable-async-job-executor-thread-1607#
[StageAppStep] Staging status of application "capm-service-db-deployer": PENDING#
#2026 09 14 10:24:12.779#Z#DEBUG#16b25dd8-b026-11f1-940d-eeee0a931608.OPERATION#flowable-async-job-executor-thread-1607#
[StageAppStep] Getting application guid "capm-service-db-deployer"...#
#2026 09 14 10:24:12.864#Z#DEBUG#16b25dd8-b026-11f1-940d-eeee0a931608.OPERATION#flowable-async-job-executor-thread-1607#
Step "Stage App" finished#
#2026 09 14 10:24:22.867#Z#DEBUG#16b25dd8-b026-11f1-940d-eeee0a931608.OPERATION#flowable-async-job-executor-thread-1614#
[StageAppStep] Executing task "stageAppTask" of process "5d0a552c-b026-11f1-a9e7-eeee0a832ec0"...#
#2026 09 14 10:24:22.867#Z#DEBUG#16b25dd8-b026-11f1-940d-eeee0a931608.OPERATION#flowable-async-job-executor-thread-1614#
[StageAppStep] Application stage timeout is default one: 3,600 seconds#
#2026 09 14 10:24:22.868#Z#DEBUG#16b25dd8-b026-11f1-940d-eeee0a931608.OPERATION#flowable-async-job-executor-thread-1614#
[StageAppStep] Checking status of application "capm-service-db-deployer"...#
#2026 09 14 10:24:22.868#Z#DEBUG#16b25dd8-b026-11f1-940d-eeee0a931608.OPERATION#flowable-async-job-executor-thread-1614#
[StageAppStep] Getting build "3eafa27e-9817-4664-95e6-d6486dc5c1de"...#
#2026 09 14 10:24:22.897#Z#DEBUG#16b25dd8-b026-11f1-940d-eeee0a931608.OPERATION#flowable-async-job-executor-thread-1614#
[StageAppStep] Staging status of application "capm-service-db-deployer": PENDING#
#2026 09 14 10:24:22.898#Z#DEBUG#16b25dd8-b026-11f1-940d-eeee0a931608.OPERATION#flowable-async-job-executor-thread-1614#
[StageAppStep] Getting application guid "capm-service-db-deployer"...#
#2026 09 14 10:24:22.980#Z#DEBUG#16b25dd8-b026-11f1-940d-eeee0a931608.OPERATION#flowable-async-job-executor-thread-1614#
Step "Stage App" finished#
#2026 09 14 10:24:32.993#Z#DEBUG#16b25dd8-b026-11f1-940d-eeee0a931608.OPERATION#flowable-async-job-executor-thread-1233#
[StageAppStep] Executing task "stageAppTask" of process "5d0a552c-b026-11f1-a9e7-eeee0a832ec0"...#
#2026 09 14 10:24:32.994#Z#DEBUG#16b25dd8-b026-11f1-940d-eeee0a931608.OPERATION#flowable-async-job-executor-thread-1233#
[StageAppStep] Application stage timeout is default one: 3,600 seconds#
#2026 09 14 10:24:32.995#Z#DEBUG#16b25dd8-b026-11f1-940d-eeee0a931608.OPERATION#flowable-async-job-executor-thread-1233#
[StageAppStep] Checking status of application "capm-service-db-deployer"...#
#2026 09 14 10:24:32.995#Z#DEBUG#16b25dd8-b026-11f1-940d-eeee0a931608.OPERATION#flowable-async-job-executor-thread-1233#
[StageAppStep] Getting build "3eafa27e-9817-4664-95e6-d6486dc5c1de"...#
#2026 09 14 10:24:33.022#Z#DEBUG#16b25dd8-b026-11f1-940d-eeee0a931608.OPERATION#flowable-async-job-executor-thread-1233#
[StageAppStep] Staging status of application "capm-service-db-deployer": PENDING#
#2026 09 14 10:24:33.024#Z#DEBUG#16b25dd8-b026-11f1-940d-eeee0a931608.OPERATION#flowable-async-job-executor-thread-1233#
[StageAppStep] Getting application guid "capm-service-db-deployer"...#
#2026 09 14 10:24:33.122#Z#DEBUG#16b25dd8-b026-11f1-940d-eeee0a931608.OPERATION#flowable-async-job-executor-thread-1233#
Step "Stage App" finished#
#2026 09 14 10:24:43.041#Z#DEBUG#16b25dd8-b026-11f1-940d-eeee0a931608.OPERATION#flowable-async-job-executor-thread-1627#
[StageAppStep] Executing task "stageAppTask" of process "5d0a552c-b026-11f1-a9e7-eeee0a832ec0"...#
#2026 09 14 10:24:43.043#Z#DEBUG#16b25dd8-b026-11f1-940d-eeee0a931608.OPERATION#flowable-async-job-executor-thread-1627#
[StageAppStep] Application stage timeout is default one: 3,600 seconds#
#2026 09 14 10:24:43.045#Z#DEBUG#16b25dd8-b026-11f1-940d-eeee0a931608.OPERATION#flowable-async-job-executor-thread-1627#
[StageAppStep] Checking status of application "capm-service-db-deployer"...#
#2026 09 14 10:24:43.045#Z#DEBUG#16b25dd8-b026-11f1-940d-eeee0a931608.OPERATION#flowable-async-job-executor-thread-1627#
[StageAppStep] Getting build "3eafa27e-9817-4664-95e6-d6486dc5c1de"...#
#2026 09 14 10:24:43.080#Z#DEBUG#16b25dd8-b026-11f1-940d-eeee0a931608.OPERATION#flowable-async-job-executor-thread-1627#
[StageAppStep] Staging status of application "capm-service-db-deployer": STAGED#
#2026 09 14 10:24:43.081#Z#DEBUG#16b25dd8-b026-11f1-940d-eeee0a931608.OPERATION#flowable-async-job-executor-thread-1627#
[StageAppStep] Getting application guid "capm-service-db-deployer"...#
#2026 09 14 10:24:43.171#Z#DEBUG#16b25dd8-b026-11f1-940d-eeee0a931608.OPERATION#flowable-async-job-executor-thread-1627#
[StageAppStep] Getting build "3eafa27e-9817-4664-95e6-d6486dc5c1de"...#
#2026 09 14 10:24:43.201#Z#DEBUG#16b25dd8-b026-11f1-940d-eeee0a931608.OPERATION#flowable-async-job-executor-thread-1627#
[StageAppStep] Binding droplet "662c56cc-0737-405c-abda-6ad076410f8a" to application "070d8486-d915-4207-813d-4e7e9b8a0d10"...#
#2026 09 14 10:24:43.287#Z#INFO#16b25dd8-b026-11f1-940d-eeee0a931608.OPERATION#flowable-async-job-executor-thread-1627#
[StageAppStep] Application "capm-service-db-deployer" staged#
#2026 09 14 10:24:43.304#Z#DEBUG#16b25dd8-b026-11f1-940d-eeee0a931608.OPERATION#flowable-async-job-executor-thread-1627#
Step "Stage App" finished#
#2026 09 14 10:24:43.402#Z#DEBUG#16b25dd8-b026-11f1-940d-eeee0a931608.OPERATION#flowable-async-job-executor-thread-1627#
[PrepareToExecuteTasksStep] Executing task "prepareToExecuteTasksTask" of process "80566f2e-b026-11f1-a9e7-eeee0a832ec0"...#
#2026 09 14 10:24:43.404#Z#DEBUG#16b25dd8-b026-11f1-940d-eeee0a931608.OPERATION#flowable-async-job-executor-thread-1627#
Step "Prepare To Execute Tasks" finished#
#2026 09 14 10:24:43.449#Z#DEBUG#16b25dd8-b026-11f1-940d-eeee0a931608.OPERATION#flowable-async-job-executor-thread-1627#
[ExecuteTaskStep] Executing task "executeTaskTask" of process "80566f2e-b026-11f1-a9e7-eeee0a832ec0"...#
#2026 09 14 10:24:43.450#Z#DEBUG#16b25dd8-b026-11f1-940d-eeee0a931608.OPERATION#flowable-async-job-executor-thread-1627#
[ExecuteTaskStep] Application task execution timeout is default one: 43,200 seconds#
#2026 09 14 10:24:43.451#Z#INFO#16b25dd8-b026-11f1-940d-eeee0a931608.OPERATION#flowable-async-job-executor-thread-1627#
[ExecuteTaskStep] Executing task "deploy" on application "capm-service-db-deployer"...#
#2026 09 14 10:24:43.455#Z#DEBUG#16b25dd8-b026-11f1-940d-eeee0a931608.OPERATION#flowable-async-job-executor-thread-1627#
[ExecuteTaskStep] Running task on application "capm-service-db-deployer": {
  "name" : "deploy",
  "command" : "npm start",
  "limits" : {
    "memory" : 256
  }
}#
#2026 09 14 10:24:43.883#Z#DEBUG#16b25dd8-b026-11f1-940d-eeee0a931608.OPERATION#flowable-async-job-executor-thread-1627#
Step "Execute Task" finished#
#2026 09 14 10:24:53.069#Z#DEBUG#16b25dd8-b026-11f1-940d-eeee0a931608.OPERATION#flowable-async-job-executor-thread-1633#
[ExecuteTaskStep] Executing task "executeTaskTask" of process "80566f2e-b026-11f1-a9e7-eeee0a832ec0"...#
#2026 09 14 10:24:53.071#Z#DEBUG#16b25dd8-b026-11f1-940d-eeee0a931608.OPERATION#flowable-async-job-executor-thread-1633#
[ExecuteTaskStep] Application task execution timeout is default one: 43,200 seconds#
#2026 09 14 10:24:53.074#Z#DEBUG#16b25dd8-b026-11f1-940d-eeee0a931608.OPERATION#flowable-async-job-executor-thread-1633#
[ExecuteTaskStep] Getting task "03beed85-1f9b-439a-9e1a-f916c3129f59"...#
#2026 09 14 10:24:53.102#Z#DEBUG#16b25dd8-b026-11f1-940d-eeee0a931608.OPERATION#flowable-async-job-executor-thread-1633#
[ExecuteTaskStep] Task execution status: running#
#2026 09 14 10:24:53.103#Z#DEBUG#16b25dd8-b026-11f1-940d-eeee0a931608.OPERATION#flowable-async-job-executor-thread-1633#
[ExecuteTaskStep] Getting application guid "capm-service-db-deployer"...#
#2026 09 14 10:24:53.194#Z#DEBUG#16b25dd8-b026-11f1-940d-eeee0a931608.OPERATION#flowable-async-job-executor-thread-1633#
Step "Execute Task" finished#
#2026 09 14 10:25:03.207#Z#DEBUG#16b25dd8-b026-11f1-940d-eeee0a931608.OPERATION#flowable-async-job-executor-thread-1256#
[ExecuteTaskStep] Executing task "executeTaskTask" of process "80566f2e-b026-11f1-a9e7-eeee0a832ec0"...#
#2026 09 14 10:25:03.208#Z#DEBUG#16b25dd8-b026-11f1-940d-eeee0a931608.OPERATION#flowable-async-job-executor-thread-1256#
[ExecuteTaskStep] Application task execution timeout is default one: 43,200 seconds#
#2026 09 14 10:25:03.210#Z#DEBUG#16b25dd8-b026-11f1-940d-eeee0a931608.OPERATION#flowable-async-job-executor-thread-1256#
[ExecuteTaskStep] Getting task "03beed85-1f9b-439a-9e1a-f916c3129f59"...#
#2026 09 14 10:25:03.236#Z#DEBUG#16b25dd8-b026-11f1-940d-eeee0a931608.OPERATION#flowable-async-job-executor-thread-1256#
[ExecuteTaskStep] Task execution status: failed#
#2026 09 14 10:25:03.237#Z#DEBUG#16b25dd8-b026-11f1-940d-eeee0a931608.OPERATION#flowable-async-job-executor-thread-1256#
[ExecuteTaskStep] Getting application guid "capm-service-db-deployer"...#
#2026 09 14 10:25:03.312#Z#ERROR#16b25dd8-b026-11f1-940d-eeee0a931608.OPERATION#flowable-async-job-executor-thread-1256#
[ExecuteTaskStep] Execution of task "deploy" on application "capm-service-db-deployer" failed.#
#2026 09 14 10:25:03.319#Z#INFO#16b25dd8-b026-11f1-940d-eeee0a931608.OPERATION#flowable-async-job-executor-thread-1256#
[ExecuteTaskStep] Download the MTA operation logs for more details.#
#2026 09 14 10:25:03.324#Z#DEBUG#16b25dd8-b026-11f1-940d-eeee0a931608.OPERATION#flowable-async-job-executor-thread-1256#
Step "Execute Task" finished#
#2026 09 14 10:25:05.546#Z#DEBUG#16b25dd8-b026-11f1-940d-eeee0a931608.OPERATION#flowable-async-job-executor-thread-1646#
[ExecuteTaskStep] Executing task "executeTaskTask" of process "80566f2e-b026-11f1-a9e7-eeee0a832ec0"...#
#2026 09 14 10:25:05.547#Z#DEBUG#16b25dd8-b026-11f1-940d-eeee0a931608.OPERATION#flowable-async-job-executor-thread-1646#
[ExecuteTaskStep] Application task execution timeout is default one: 43,200 seconds#
#2026 09 14 10:25:05.549#Z#INFO#16b25dd8-b026-11f1-940d-eeee0a931608.OPERATION#flowable-async-job-executor-thread-1646#
[ExecuteTaskStep] Executing task "deploy" on application "capm-service-db-deployer"...#
#2026 09 14 10:25:05.553#Z#DEBUG#16b25dd8-b026-11f1-940d-eeee0a931608.OPERATION#flowable-async-job-executor-thread-1646#
[ExecuteTaskStep] Running task on application "capm-service-db-deployer": {
  "name" : "deploy",
  "command" : "npm start",
  "limits" : {
    "memory" : 256
  }
}#
#2026 09 14 10:25:05.823#Z#DEBUG#16b25dd8-b026-11f1-940d-eeee0a931608.OPERATION#flowable-async-job-executor-thread-1646#
Step "Execute Task" finished#
#2026 09 14 10:25:13.212#Z#DEBUG#16b25dd8-b026-11f1-940d-eeee0a931608.OPERATION#flowable-async-job-executor-thread-1652#
[ExecuteTaskStep] Executing task "executeTaskTask" of process "80566f2e-b026-11f1-a9e7-eeee0a832ec0"...#
#2026 09 14 10:25:13.214#Z#DEBUG#16b25dd8-b026-11f1-940d-eeee0a931608.OPERATION#flowable-async-job-executor-thread-1652#
[ExecuteTaskStep] Application task execution timeout is default one: 43,200 seconds#
#2026 09 14 10:25:13.217#Z#DEBUG#16b25dd8-b026-11f1-940d-eeee0a931608.OPERATION#flowable-async-job-executor-thread-1652#
[ExecuteTaskStep] Getting task "19030823-c385-493d-bda7-42ae75fb57bf"...#
#2026 09 14 10:25:13.246#Z#DEBUG#16b25dd8-b026-11f1-940d-eeee0a931608.OPERATION#flowable-async-job-executor-thread-1652#
[ExecuteTaskStep] Task execution status: running#
#2026 09 14 10:25:13.247#Z#DEBUG#16b25dd8-b026-11f1-940d-eeee0a931608.OPERATION#flowable-async-job-executor-thread-1652#
[ExecuteTaskStep] Getting application guid "capm-service-db-deployer"...#
#2026 09 14 10:25:13.368#Z#DEBUG#16b25dd8-b026-11f1-940d-eeee0a931608.OPERATION#flowable-async-job-executor-thread-1652#
Step "Execute Task" finished#
#2026 09 14 10:25:23.334#Z#DEBUG#16b25dd8-b026-11f1-940d-eeee0a931608.OPERATION#flowable-async-job-executor-thread-1656#
[ExecuteTaskStep] Executing task "executeTaskTask" of process "80566f2e-b026-11f1-a9e7-eeee0a832ec0"...#
#2026 09 14 10:25:23.337#Z#DEBUG#16b25dd8-b026-11f1-940d-eeee0a931608.OPERATION#flowable-async-job-executor-thread-1656#
[ExecuteTaskStep] Application task execution timeout is default one: 43,200 seconds#
#2026 09 14 10:25:23.339#Z#DEBUG#16b25dd8-b026-11f1-940d-eeee0a931608.OPERATION#flowable-async-job-executor-thread-1656#
[ExecuteTaskStep] Getting task "19030823-c385-493d-bda7-42ae75fb57bf"...#
#2026 09 14 10:25:23.364#Z#DEBUG#16b25dd8-b026-11f1-940d-eeee0a931608.OPERATION#flowable-async-job-executor-thread-1656#
[ExecuteTaskStep] Task execution status: failed#
#2026 09 14 10:25:23.365#Z#DEBUG#16b25dd8-b026-11f1-940d-eeee0a931608.OPERATION#flowable-async-job-executor-thread-1656#
[ExecuteTaskStep] Getting application guid "capm-service-db-deployer"...#
#2026 09 14 10:25:23.480#Z#ERROR#16b25dd8-b026-11f1-940d-eeee0a931608.OPERATION#flowable-async-job-executor-thread-1656#
[ExecuteTaskStep] Execution of task "deploy" on application "capm-service-db-deployer" failed.#
#2026 09 14 10:25:23.493#Z#INFO#16b25dd8-b026-11f1-940d-eeee0a931608.OPERATION#flowable-async-job-executor-thread-1656#
[ExecuteTaskStep] Download the MTA operation logs for more details.#
#2026 09 14 10:25:23.504#Z#DEBUG#16b25dd8-b026-11f1-940d-eeee0a931608.OPERATION#flowable-async-job-executor-thread-1656#
Step "Execute Task" finished#
#2026 09 14 10:25:24.222#Z#DEBUG#16b25dd8-b026-11f1-940d-eeee0a931608.OPERATION#flowable-async-job-executor-thread-1655#
[ExecuteTaskStep] Executing task "executeTaskTask" of process "80566f2e-b026-11f1-a9e7-eeee0a832ec0"...#
#2026 09 14 10:25:24.223#Z#DEBUG#16b25dd8-b026-11f1-940d-eeee0a931608.OPERATION#flowable-async-job-executor-thread-1655#
[ExecuteTaskStep] Application task execution timeout is default one: 43,200 seconds#
#2026 09 14 10:25:24.276#Z#INFO#16b25dd8-b026-11f1-940d-eeee0a931608.OPERATION#flowable-async-job-executor-thread-1655#
[ExecuteTaskStep] Executing task "deploy" on application "capm-service-db-deployer"...#
#2026 09 14 10:25:24.281#Z#DEBUG#16b25dd8-b026-11f1-940d-eeee0a931608.OPERATION#flowable-async-job-executor-thread-1655#
[ExecuteTaskStep] Running task on application "capm-service-db-deployer": {
  "name" : "deploy",
  "command" : "npm start",
  "limits" : {
    "memory" : 256
  }
}#
#2026 09 14 10:25:24.525#Z#DEBUG#16b25dd8-b026-11f1-940d-eeee0a931608.OPERATION#flowable-async-job-executor-thread-1655#
Step "Execute Task" finished#
#2026 09 14 10:25:33.360#Z#DEBUG#16b25dd8-b026-11f1-940d-eeee0a931608.OPERATION#flowable-async-job-executor-thread-1667#
[ExecuteTaskStep] Executing task "executeTaskTask" of process "80566f2e-b026-11f1-a9e7-eeee0a832ec0"...#
#2026 09 14 10:25:33.361#Z#DEBUG#16b25dd8-b026-11f1-940d-eeee0a931608.OPERATION#flowable-async-job-executor-thread-1667#
[ExecuteTaskStep] Application task execution timeout is default one: 43,200 seconds#
#2026 09 14 10:25:33.364#Z#DEBUG#16b25dd8-b026-11f1-940d-eeee0a931608.OPERATION#flowable-async-job-executor-thread-1667#
[ExecuteTaskStep] Getting task "f8c023bd-0d7e-4424-bd86-e6d863438f23"...#
#2026 09 14 10:25:33.390#Z#DEBUG#16b25dd8-b026-11f1-940d-eeee0a931608.OPERATION#flowable-async-job-executor-thread-1667#
[ExecuteTaskStep] Task execution status: running#
#2026 09 14 10:25:33.391#Z#DEBUG#16b25dd8-b026-11f1-940d-eeee0a931608.OPERATION#flowable-async-job-executor-thread-1667#
[ExecuteTaskStep] Getting application guid "capm-service-db-deployer"...#
#2026 09 14 10:25:33.530#Z#DEBUG#16b25dd8-b026-11f1-940d-eeee0a931608.OPERATION#flowable-async-job-executor-thread-1667#
Step "Execute Task" finished#
#2026 09 14 10:25:43.440#Z#DEBUG#16b25dd8-b026-11f1-940d-eeee0a931608.OPERATION#flowable-async-job-executor-thread-1674#
[ExecuteTaskStep] Executing task "executeTaskTask" of process "80566f2e-b026-11f1-a9e7-eeee0a832ec0"...#
#2026 09 14 10:25:43.441#Z#DEBUG#16b25dd8-b026-11f1-940d-eeee0a931608.OPERATION#flowable-async-job-executor-thread-1674#
[ExecuteTaskStep] Application task execution timeout is default one: 43,200 seconds#
#2026 09 14 10:25:43.443#Z#DEBUG#16b25dd8-b026-11f1-940d-eeee0a931608.OPERATION#flowable-async-job-executor-thread-1674#
[ExecuteTaskStep] Getting task "f8c023bd-0d7e-4424-bd86-e6d863438f23"...#
#2026 09 14 10:25:43.473#Z#DEBUG#16b25dd8-b026-11f1-940d-eeee0a931608.OPERATION#flowable-async-job-executor-thread-1674#
[ExecuteTaskStep] Task execution status: failed#
#2026 09 14 10:25:43.474#Z#DEBUG#16b25dd8-b026-11f1-940d-eeee0a931608.OPERATION#flowable-async-job-executor-thread-1674#
[ExecuteTaskStep] Getting application guid "capm-service-db-deployer"...#
#2026 09 14 10:25:43.565#Z#ERROR#16b25dd8-b026-11f1-940d-eeee0a931608.OPERATION#flowable-async-job-executor-thread-1674#
[ExecuteTaskStep] Execution of task "deploy" on application "capm-service-db-deployer" failed.#
#2026 09 14 10:25:43.571#Z#INFO#16b25dd8-b026-11f1-940d-eeee0a931608.OPERATION#flowable-async-job-executor-thread-1674#
[ExecuteTaskStep] Download the MTA operation logs for more details.#
#2026 09 14 10:25:43.576#Z#DEBUG#16b25dd8-b026-11f1-940d-eeee0a931608.OPERATION#flowable-async-job-executor-thread-1674#
Step "Execute Task" finished#
#2026 09 14 10:25:45.172#Z#DEBUG#16b25dd8-b026-11f1-940d-eeee0a931608.OPERATION#flowable-async-job-executor-thread-1672#
[ExecuteTaskStep] Executing task "executeTaskTask" of process "80566f2e-b026-11f1-a9e7-eeee0a832ec0"...#
#2026 09 14 10:25:45.173#Z#DEBUG#16b25dd8-b026-11f1-940d-eeee0a931608.OPERATION#flowable-async-job-executor-thread-1672#
[ExecuteTaskStep] Application task execution timeout is default one: 43,200 seconds#
#2026 09 14 10:25:45.228#Z#INFO#16b25dd8-b026-11f1-940d-eeee0a931608.OPERATION#flowable-async-job-executor-thread-1672#
[ExecuteTaskStep] Executing task "deploy" on application "capm-service-db-deployer"...#
#2026 09 14 10:25:45.233#Z#DEBUG#16b25dd8-b026-11f1-940d-eeee0a931608.OPERATION#flowable-async-job-executor-thread-1672#
[ExecuteTaskStep] Running task on application "capm-service-db-deployer": {
  "name" : "deploy",
  "command" : "npm start",
  "limits" : {
    "memory" : 256
  }
}#
#2026 09 14 10:25:45.505#Z#DEBUG#16b25dd8-b026-11f1-940d-eeee0a931608.OPERATION#flowable-async-job-executor-thread-1672#
Step "Execute Task" finished#
#2026 09 14 10:25:53.498#Z#DEBUG#16b25dd8-b026-11f1-940d-eeee0a931608.OPERATION#flowable-async-job-executor-thread-1679#
[ExecuteTaskStep] Executing task "executeTaskTask" of process "80566f2e-b026-11f1-a9e7-eeee0a832ec0"...#
#2026 09 14 10:25:53.500#Z#DEBUG#16b25dd8-b026-11f1-940d-eeee0a931608.OPERATION#flowable-async-job-executor-thread-1679#
[ExecuteTaskStep] Application task execution timeout is default one: 43,200 seconds#
#2026 09 14 10:25:53.501#Z#DEBUG#16b25dd8-b026-11f1-940d-eeee0a931608.OPERATION#flowable-async-job-executor-thread-1679#
[ExecuteTaskStep] Getting task "0672ff2d-5801-469b-8f24-d2387eac477d"...#
#2026 09 14 10:25:53.529#Z#DEBUG#16b25dd8-b026-11f1-940d-eeee0a931608.OPERATION#flowable-async-job-executor-thread-1679#
[ExecuteTaskStep] Task execution status: running#
#2026 09 14 10:25:53.530#Z#DEBUG#16b25dd8-b026-11f1-940d-eeee0a931608.OPERATION#flowable-async-job-executor-thread-1679#
[ExecuteTaskStep] Getting application guid "capm-service-db-deployer"...#
#2026 09 14 10:25:53.612#Z#DEBUG#16b25dd8-b026-11f1-940d-eeee0a931608.OPERATION#flowable-async-job-executor-thread-1679#
Step "Execute Task" finished#
#2026 09 14 10:26:03.567#Z#DEBUG#16b25dd8-b026-11f1-940d-eeee0a931608.OPERATION#flowable-async-job-executor-thread-1686#
[ExecuteTaskStep] Executing task "executeTaskTask" of process "80566f2e-b026-11f1-a9e7-eeee0a832ec0"...#
#2026 09 14 10:26:03.569#Z#DEBUG#16b25dd8-b026-11f1-940d-eeee0a931608.OPERATION#flowable-async-job-executor-thread-1686#
[ExecuteTaskStep] Application task execution timeout is default one: 43,200 seconds#
#2026 09 14 10:26:03.571#Z#DEBUG#16b25dd8-b026-11f1-940d-eeee0a931608.OPERATION#flowable-async-job-executor-thread-1686#
[ExecuteTaskStep] Getting task "0672ff2d-5801-469b-8f24-d2387eac477d"...#
#2026 09 14 10:26:03.600#Z#DEBUG#16b25dd8-b026-11f1-940d-eeee0a931608.OPERATION#flowable-async-job-executor-thread-1686#
[ExecuteTaskStep] Task execution status: failed#
#2026 09 14 10:26:03.601#Z#DEBUG#16b25dd8-b026-11f1-940d-eeee0a931608.OPERATION#flowable-async-job-executor-thread-1686#
[ExecuteTaskStep] Getting application guid "capm-service-db-deployer"...#
#2026 09 14 10:26:03.698#Z#ERROR#16b25dd8-b026-11f1-940d-eeee0a931608.OPERATION#flowable-async-job-executor-thread-1686#
[ExecuteTaskStep] Execution of task "deploy" on application "capm-service-db-deployer" failed.#
#2026 09 14 10:26:03.707#Z#INFO#16b25dd8-b026-11f1-940d-eeee0a931608.OPERATION#flowable-async-job-executor-thread-1686#
[ExecuteTaskStep] Download the MTA operation logs for more details.#
#2026 09 14 10:26:03.712#Z#DEBUG#16b25dd8-b026-11f1-940d-eeee0a931608.OPERATION#flowable-async-job-executor-thread-1686#
Step "Execute Task" finished#
